[
  {
    "name": "Application Start",
    "start": 1591267462657,
    "end": 1591267462899,
    "duration": 242,
    "pid": 5971,
    "index": 0
  },
  {
    "name": "Load Plugin",
    "start": 1591267462661,
    "end": 1591267462667,
    "duration": 6,
    "pid": 5971,
    "index": 1
  },
  {
    "name": "Load Config",
    "start": 1591267462667,
    "end": 1591267462676,
    "duration": 9,
    "pid": 5971,
    "index": 2
  },
  {
    "name": "Require(0) config/config.default.js",
    "start": 1591267462667,
    "end": 1591267462668,
    "duration": 1,
    "pid": 5971,
    "index": 3
  },
  {
    "name": "Require(1) node_modules/egg-session/config/config.default.js",
    "start": 1591267462668,
    "end": 1591267462669,
    "duration": 1,
    "pid": 5971,
    "index": 4
  },
  {
    "name": "Require(2) node_modules/egg-security/config/config.default.js",
    "start": 1591267462669,
    "end": 1591267462669,
    "duration": 0,
    "pid": 5971,
    "index": 5
  },
  {
    "name": "Require(3) node_modules/egg-jsonp/config/config.default.js",
    "start": 1591267462670,
    "end": 1591267462670,
    "duration": 0,
    "pid": 5971,
    "index": 6
  },
  {
    "name": "Require(4) node_modules/egg-onerror/config/config.default.js",
    "start": 1591267462670,
    "end": 1591267462670,
    "duration": 0,
    "pid": 5971,
    "index": 7
  },
  {
    "name": "Require(5) node_modules/egg-i18n/config/config.default.js",
    "start": 1591267462670,
    "end": 1591267462670,
    "duration": 0,
    "pid": 5971,
    "index": 8
  },
  {
    "name": "Require(6) node_modules/egg-watcher/config/config.default.js",
    "start": 1591267462670,
    "end": 1591267462671,
    "duration": 1,
    "pid": 5971,
    "index": 9
  },
  {
    "name": "Require(7) node_modules/egg-schedule/config/config.default.js",
    "start": 1591267462671,
    "end": 1591267462671,
    "duration": 0,
    "pid": 5971,
    "index": 10
  },
  {
    "name": "Require(8) node_modules/egg-multipart/config/config.default.js",
    "start": 1591267462671,
    "end": 1591267462671,
    "duration": 0,
    "pid": 5971,
    "index": 11
  },
  {
    "name": "Require(9) node_modules/egg-development/config/config.default.js",
    "start": 1591267462672,
    "end": 1591267462672,
    "duration": 0,
    "pid": 5971,
    "index": 12
  },
  {
    "name": "Require(10) node_modules/egg-logrotator/config/config.default.js",
    "start": 1591267462672,
    "end": 1591267462672,
    "duration": 0,
    "pid": 5971,
    "index": 13
  },
  {
    "name": "Require(11) node_modules/egg-static/config/config.default.js",
    "start": 1591267462672,
    "end": 1591267462672,
    "duration": 0,
    "pid": 5971,
    "index": 14
  },
  {
    "name": "Require(12) node_modules/egg-view/config/config.default.js",
    "start": 1591267462672,
    "end": 1591267462673,
    "duration": 1,
    "pid": 5971,
    "index": 15
  },
  {
    "name": "Require(13) node_modules/egg-view-ejs/config/config.default.js",
    "start": 1591267462673,
    "end": 1591267462673,
    "duration": 0,
    "pid": 5971,
    "index": 16
  },
  {
    "name": "Require(14) node_modules/egg-mysql/config/config.default.js",
    "start": 1591267462673,
    "end": 1591267462673,
    "duration": 0,
    "pid": 5971,
    "index": 17
  },
  {
    "name": "Require(15) node_modules/egg/config/config.default.js",
    "start": 1591267462674,
    "end": 1591267462674,
    "duration": 0,
    "pid": 5971,
    "index": 18
  },
  {
    "name": "Require(16) config/config.default.js",
    "start": 1591267462675,
    "end": 1591267462675,
    "duration": 0,
    "pid": 5971,
    "index": 19
  },
  {
    "name": "Require(17) node_modules/egg-security/config/config.local.js",
    "start": 1591267462675,
    "end": 1591267462675,
    "duration": 0,
    "pid": 5971,
    "index": 20
  },
  {
    "name": "Require(18) node_modules/egg-watcher/config/config.local.js",
    "start": 1591267462675,
    "end": 1591267462675,
    "duration": 0,
    "pid": 5971,
    "index": 21
  },
  {
    "name": "Require(19) node_modules/egg-view/config/config.local.js",
    "start": 1591267462676,
    "end": 1591267462676,
    "duration": 0,
    "pid": 5971,
    "index": 22
  },
  {
    "name": "Require(20) node_modules/egg-view-ejs/config/config.local.js",
    "start": 1591267462676,
    "end": 1591267462676,
    "duration": 0,
    "pid": 5971,
    "index": 23
  },
  {
    "name": "Require(21) node_modules/egg/config/config.local.js",
    "start": 1591267462676,
    "end": 1591267462676,
    "duration": 0,
    "pid": 5971,
    "index": 24
  },
  {
    "name": "Load extend/application.js",
    "start": 1591267462677,
    "end": 1591267462681,
    "duration": 4,
    "pid": 5971,
    "index": 25
  },
  {
    "name": "Require(22) node_modules/egg-session/app/extend/application.js",
    "start": 1591267462678,
    "end": 1591267462678,
    "duration": 0,
    "pid": 5971,
    "index": 26
  },
  {
    "name": "Require(23) node_modules/egg-security/app/extend/application.js",
    "start": 1591267462678,
    "end": 1591267462678,
    "duration": 0,
    "pid": 5971,
    "index": 27
  },
  {
    "name": "Require(24) node_modules/egg-jsonp/app/extend/application.js",
    "start": 1591267462678,
    "end": 1591267462679,
    "duration": 1,
    "pid": 5971,
    "index": 28
  },
  {
    "name": "Require(25) node_modules/egg-logrotator/app/extend/application.js",
    "start": 1591267462679,
    "end": 1591267462680,
    "duration": 1,
    "pid": 5971,
    "index": 29
  },
  {
    "name": "Require(26) node_modules/egg-view/app/extend/application.js",
    "start": 1591267462680,
    "end": 1591267462680,
    "duration": 0,
    "pid": 5971,
    "index": 30
  },
  {
    "name": "Load extend/request.js",
    "start": 1591267462681,
    "end": 1591267462682,
    "duration": 1,
    "pid": 5971,
    "index": 31
  },
  {
    "name": "Require(27) node_modules/egg/app/extend/request.js",
    "start": 1591267462681,
    "end": 1591267462682,
    "duration": 1,
    "pid": 5971,
    "index": 32
  },
  {
    "name": "Load extend/response.js",
    "start": 1591267462682,
    "end": 1591267462685,
    "duration": 3,
    "pid": 5971,
    "index": 33
  },
  {
    "name": "Require(28) node_modules/egg/app/extend/response.js",
    "start": 1591267462683,
    "end": 1591267462683,
    "duration": 0,
    "pid": 5971,
    "index": 34
  },
  {
    "name": "Load extend/context.js",
    "start": 1591267462685,
    "end": 1591267462719,
    "duration": 34,
    "pid": 5971,
    "index": 35
  },
  {
    "name": "Require(29) node_modules/egg-security/app/extend/context.js",
    "start": 1591267462687,
    "end": 1591267462690,
    "duration": 3,
    "pid": 5971,
    "index": 36
  },
  {
    "name": "Require(30) node_modules/egg-jsonp/app/extend/context.js",
    "start": 1591267462690,
    "end": 1591267462690,
    "duration": 0,
    "pid": 5971,
    "index": 37
  },
  {
    "name": "Require(31) node_modules/egg-i18n/app/extend/context.js",
    "start": 1591267462691,
    "end": 1591267462691,
    "duration": 0,
    "pid": 5971,
    "index": 38
  },
  {
    "name": "Require(32) node_modules/egg-multipart/app/extend/context.js",
    "start": 1591267462691,
    "end": 1591267462716,
    "duration": 25,
    "pid": 5971,
    "index": 39
  },
  {
    "name": "Require(33) node_modules/egg-view/app/extend/context.js",
    "start": 1591267462717,
    "end": 1591267462717,
    "duration": 0,
    "pid": 5971,
    "index": 40
  },
  {
    "name": "Require(34) node_modules/egg/app/extend/context.js",
    "start": 1591267462717,
    "end": 1591267462718,
    "duration": 1,
    "pid": 5971,
    "index": 41
  },
  {
    "name": "Load extend/helper.js",
    "start": 1591267462719,
    "end": 1591267462726,
    "duration": 7,
    "pid": 5971,
    "index": 42
  },
  {
    "name": "Require(35) node_modules/egg-security/app/extend/helper.js",
    "start": 1591267462719,
    "end": 1591267462725,
    "duration": 6,
    "pid": 5971,
    "index": 43
  },
  {
    "name": "Require(36) node_modules/egg/app/extend/helper.js",
    "start": 1591267462725,
    "end": 1591267462726,
    "duration": 1,
    "pid": 5971,
    "index": 44
  },
  {
    "name": "Load app.js",
    "start": 1591267462726,
    "end": 1591267462746,
    "duration": 20,
    "pid": 5971,
    "index": 45
  },
  {
    "name": "Require(37) node_modules/egg-session/app.js",
    "start": 1591267462726,
    "end": 1591267462726,
    "duration": 0,
    "pid": 5971,
    "index": 46
  },
  {
    "name": "Require(38) node_modules/egg-security/app.js",
    "start": 1591267462727,
    "end": 1591267462727,
    "duration": 0,
    "pid": 5971,
    "index": 47
  },
  {
    "name": "Require(39) node_modules/egg-onerror/app.js",
    "start": 1591267462727,
    "end": 1591267462731,
    "duration": 4,
    "pid": 5971,
    "index": 48
  },
  {
    "name": "Require(40) node_modules/egg-i18n/app.js",
    "start": 1591267462731,
    "end": 1591267462736,
    "duration": 5,
    "pid": 5971,
    "index": 49
  },
  {
    "name": "Require(41) node_modules/egg-watcher/app.js",
    "start": 1591267462736,
    "end": 1591267462737,
    "duration": 1,
    "pid": 5971,
    "index": 50
  },
  {
    "name": "Require(42) node_modules/egg-schedule/app.js",
    "start": 1591267462737,
    "end": 1591267462738,
    "duration": 1,
    "pid": 5971,
    "index": 51
  },
  {
    "name": "Require(43) node_modules/egg-multipart/app.js",
    "start": 1591267462738,
    "end": 1591267462739,
    "duration": 1,
    "pid": 5971,
    "index": 52
  },
  {
    "name": "Require(44) node_modules/egg-development/app.js",
    "start": 1591267462739,
    "end": 1591267462739,
    "duration": 0,
    "pid": 5971,
    "index": 53
  },
  {
    "name": "Require(45) node_modules/egg-logrotator/app.js",
    "start": 1591267462739,
    "end": 1591267462739,
    "duration": 0,
    "pid": 5971,
    "index": 54
  },
  {
    "name": "Require(46) node_modules/egg-static/app.js",
    "start": 1591267462739,
    "end": 1591267462739,
    "duration": 0,
    "pid": 5971,
    "index": 55
  },
  {
    "name": "Require(47) node_modules/egg-view-ejs/app.js",
    "start": 1591267462740,
    "end": 1591267462740,
    "duration": 0,
    "pid": 5971,
    "index": 56
  },
  {
    "name": "Require(48) node_modules/egg-mysql/app.js",
    "start": 1591267462740,
    "end": 1591267462746,
    "duration": 6,
    "pid": 5971,
    "index": 57
  },
  {
    "name": "Before Start in node_modules/egg-watcher/lib/init.js:15:14",
    "start": 1591267462755,
    "end": 1591267462895,
    "duration": 140,
    "pid": 5971,
    "index": 58
  },
  {
    "name": "Before Start in node_modules/egg-mysql/lib/mysql.js:20:7",
    "start": 1591267462807,
    "end": 1591267462898,
    "duration": 91,
    "pid": 5971,
    "index": 59
  },
  {
    "name": "Load Service",
    "start": 1591267462808,
    "end": 1591267462841,
    "duration": 33,
    "pid": 5971,
    "index": 60
  },
  {
    "name": "Load \"service\" to Context",
    "start": 1591267462808,
    "end": 1591267462841,
    "duration": 33,
    "pid": 5971,
    "index": 61
  },
  {
    "name": "Load Middleware",
    "start": 1591267462841,
    "end": 1591267462871,
    "duration": 30,
    "pid": 5971,
    "index": 62
  },
  {
    "name": "Load \"middlewares\" to Application",
    "start": 1591267462841,
    "end": 1591267462866,
    "duration": 25,
    "pid": 5971,
    "index": 63
  },
  {
    "name": "Load Controller",
    "start": 1591267462871,
    "end": 1591267462875,
    "duration": 4,
    "pid": 5971,
    "index": 64
  },
  {
    "name": "Load \"controller\" to Application",
    "start": 1591267462871,
    "end": 1591267462875,
    "duration": 4,
    "pid": 5971,
    "index": 65
  },
  {
    "name": "Load Router",
    "start": 1591267462875,
    "end": 1591267462877,
    "duration": 2,
    "pid": 5971,
    "index": 66
  },
  {
    "name": "Require(49) app/router.js",
    "start": 1591267462875,
    "end": 1591267462875,
    "duration": 0,
    "pid": 5971,
    "index": 67
  },
  {
    "name": "Before Start in node_modules/egg-core/lib/egg.js:303:10",
    "start": 1591267462875,
    "end": 1591267462886,
    "duration": 11,
    "pid": 5971,
    "index": 68
  }
]