[
  {
    "name": "Application Start",
    "start": 1589375692952,
    "end": 1589375721880,
    "duration": 28928,
    "pid": 2097,
    "index": 0
  },
  {
    "name": "Load Plugin",
    "start": 1589375692957,
    "end": 1589375693439,
    "duration": 482,
    "pid": 2097,
    "index": 1
  },
  {
    "name": "Load Config",
    "start": 1589375693439,
    "end": 1589375694651,
    "duration": 1212,
    "pid": 2097,
    "index": 2
  },
  {
    "name": "Require(0) config/config.default.js",
    "start": 1589375693440,
    "end": 1589375693462,
    "duration": 22,
    "pid": 2097,
    "index": 3
  },
  {
    "name": "Require(1) node_modules/egg-session/config/config.default.js",
    "start": 1589375693464,
    "end": 1589375693490,
    "duration": 26,
    "pid": 2097,
    "index": 4
  },
  {
    "name": "Require(2) node_modules/egg-security/config/config.default.js",
    "start": 1589375693490,
    "end": 1589375693655,
    "duration": 165,
    "pid": 2097,
    "index": 5
  },
  {
    "name": "Require(3) node_modules/egg-jsonp/config/config.default.js",
    "start": 1589375693676,
    "end": 1589375693701,
    "duration": 25,
    "pid": 2097,
    "index": 6
  },
  {
    "name": "Require(4) node_modules/egg-onerror/config/config.default.js",
    "start": 1589375693725,
    "end": 1589375693749,
    "duration": 24,
    "pid": 2097,
    "index": 7
  },
  {
    "name": "Require(5) node_modules/egg-i18n/config/config.default.js",
    "start": 1589375693750,
    "end": 1589375693887,
    "duration": 137,
    "pid": 2097,
    "index": 8
  },
  {
    "name": "Require(6) node_modules/egg-watcher/config/config.default.js",
    "start": 1589375693932,
    "end": 1589375694019,
    "duration": 87,
    "pid": 2097,
    "index": 9
  },
  {
    "name": "Require(7) node_modules/egg-schedule/config/config.default.js",
    "start": 1589375694020,
    "end": 1589375694078,
    "duration": 58,
    "pid": 2097,
    "index": 10
  },
  {
    "name": "Require(8) node_modules/egg-multipart/config/config.default.js",
    "start": 1589375694079,
    "end": 1589375694101,
    "duration": 22,
    "pid": 2097,
    "index": 11
  },
  {
    "name": "Require(9) node_modules/egg-development/config/config.default.js",
    "start": 1589375694124,
    "end": 1589375694142,
    "duration": 18,
    "pid": 2097,
    "index": 12
  },
  {
    "name": "Require(10) node_modules/egg-logrotator/config/config.default.js",
    "start": 1589375694143,
    "end": 1589375694174,
    "duration": 31,
    "pid": 2097,
    "index": 13
  },
  {
    "name": "Require(11) node_modules/egg-static/config/config.default.js",
    "start": 1589375694175,
    "end": 1589375694214,
    "duration": 39,
    "pid": 2097,
    "index": 14
  },
  {
    "name": "Require(12) node_modules/egg-view/config/config.default.js",
    "start": 1589375694242,
    "end": 1589375694261,
    "duration": 19,
    "pid": 2097,
    "index": 15
  },
  {
    "name": "Require(13) node_modules/egg-view-ejs/config/config.default.js",
    "start": 1589375694285,
    "end": 1589375694351,
    "duration": 66,
    "pid": 2097,
    "index": 16
  },
  {
    "name": "Require(14) node_modules/egg-mysql/config/config.default.js",
    "start": 1589375694366,
    "end": 1589375694388,
    "duration": 22,
    "pid": 2097,
    "index": 17
  },
  {
    "name": "Require(15) node_modules/egg/config/config.default.js",
    "start": 1589375694389,
    "end": 1589375694423,
    "duration": 34,
    "pid": 2097,
    "index": 18
  },
  {
    "name": "Require(16) config/config.default.js",
    "start": 1589375694452,
    "end": 1589375694452,
    "duration": 0,
    "pid": 2097,
    "index": 19
  },
  {
    "name": "Require(17) node_modules/egg-security/config/config.local.js",
    "start": 1589375694453,
    "end": 1589375694483,
    "duration": 30,
    "pid": 2097,
    "index": 20
  },
  {
    "name": "Require(18) node_modules/egg-watcher/config/config.local.js",
    "start": 1589375694484,
    "end": 1589375694543,
    "duration": 59,
    "pid": 2097,
    "index": 21
  },
  {
    "name": "Require(19) node_modules/egg-view/config/config.local.js",
    "start": 1589375694544,
    "end": 1589375694573,
    "duration": 29,
    "pid": 2097,
    "index": 22
  },
  {
    "name": "Require(20) node_modules/egg-view-ejs/config/config.local.js",
    "start": 1589375694573,
    "end": 1589375694609,
    "duration": 36,
    "pid": 2097,
    "index": 23
  },
  {
    "name": "Require(21) node_modules/egg/config/config.local.js",
    "start": 1589375694610,
    "end": 1589375694651,
    "duration": 41,
    "pid": 2097,
    "index": 24
  },
  {
    "name": "Load extend/application.js",
    "start": 1589375694653,
    "end": 1589375695609,
    "duration": 956,
    "pid": 2097,
    "index": 25
  },
  {
    "name": "Require(22) node_modules/egg-session/app/extend/application.js",
    "start": 1589375694654,
    "end": 1589375694683,
    "duration": 29,
    "pid": 2097,
    "index": 26
  },
  {
    "name": "Require(23) node_modules/egg-security/app/extend/application.js",
    "start": 1589375694685,
    "end": 1589375694818,
    "duration": 133,
    "pid": 2097,
    "index": 27
  },
  {
    "name": "Require(24) node_modules/egg-jsonp/app/extend/application.js",
    "start": 1589375694819,
    "end": 1589375694892,
    "duration": 73,
    "pid": 2097,
    "index": 28
  },
  {
    "name": "Require(25) node_modules/egg-logrotator/app/extend/application.js",
    "start": 1589375694959,
    "end": 1589375695129,
    "duration": 170,
    "pid": 2097,
    "index": 29
  },
  {
    "name": "Require(26) node_modules/egg-view/app/extend/application.js",
    "start": 1589375695173,
    "end": 1589375695541,
    "duration": 368,
    "pid": 2097,
    "index": 30
  },
  {
    "name": "Load extend/request.js",
    "start": 1589375695610,
    "end": 1589375695692,
    "duration": 82,
    "pid": 2097,
    "index": 31
  },
  {
    "name": "Require(27) node_modules/egg/app/extend/request.js",
    "start": 1589375695612,
    "end": 1589375695690,
    "duration": 78,
    "pid": 2097,
    "index": 32
  },
  {
    "name": "Load extend/response.js",
    "start": 1589375695692,
    "end": 1589375695923,
    "duration": 231,
    "pid": 2097,
    "index": 33
  },
  {
    "name": "Require(28) node_modules/egg/app/extend/response.js",
    "start": 1589375695695,
    "end": 1589375695920,
    "duration": 225,
    "pid": 2097,
    "index": 34
  },
  {
    "name": "Load extend/context.js",
    "start": 1589375695923,
    "end": 1589375700618,
    "duration": 4695,
    "pid": 2097,
    "index": 35
  },
  {
    "name": "Require(29) node_modules/egg-security/app/extend/context.js",
    "start": 1589375695924,
    "end": 1589375697727,
    "duration": 1803,
    "pid": 2097,
    "index": 36
  },
  {
    "name": "Require(30) node_modules/egg-jsonp/app/extend/context.js",
    "start": 1589375697935,
    "end": 1589375698079,
    "duration": 144,
    "pid": 2097,
    "index": 37
  },
  {
    "name": "Require(31) node_modules/egg-i18n/app/extend/context.js",
    "start": 1589375698222,
    "end": 1589375698311,
    "duration": 89,
    "pid": 2097,
    "index": 38
  },
  {
    "name": "Require(32) node_modules/egg-multipart/app/extend/context.js",
    "start": 1589375698376,
    "end": 1589375700403,
    "duration": 2027,
    "pid": 2097,
    "index": 39
  },
  {
    "name": "Require(33) node_modules/egg-view/app/extend/context.js",
    "start": 1589375700404,
    "end": 1589375700495,
    "duration": 91,
    "pid": 2097,
    "index": 40
  },
  {
    "name": "Require(34) node_modules/egg/app/extend/context.js",
    "start": 1589375700497,
    "end": 1589375700545,
    "duration": 48,
    "pid": 2097,
    "index": 41
  },
  {
    "name": "Load extend/helper.js",
    "start": 1589375700618,
    "end": 1589375701782,
    "duration": 1164,
    "pid": 2097,
    "index": 42
  },
  {
    "name": "Require(35) node_modules/egg-security/app/extend/helper.js",
    "start": 1589375700619,
    "end": 1589375701739,
    "duration": 1120,
    "pid": 2097,
    "index": 43
  },
  {
    "name": "Require(36) node_modules/egg/app/extend/helper.js",
    "start": 1589375701742,
    "end": 1589375701780,
    "duration": 38,
    "pid": 2097,
    "index": 44
  },
  {
    "name": "Load app.js",
    "start": 1589375701782,
    "end": 1589375704826,
    "duration": 3044,
    "pid": 2097,
    "index": 45
  },
  {
    "name": "Require(37) node_modules/egg-session/app.js",
    "start": 1589375701783,
    "end": 1589375701821,
    "duration": 38,
    "pid": 2097,
    "index": 46
  },
  {
    "name": "Require(38) node_modules/egg-security/app.js",
    "start": 1589375701822,
    "end": 1589375701925,
    "duration": 103,
    "pid": 2097,
    "index": 47
  },
  {
    "name": "Require(39) node_modules/egg-onerror/app.js",
    "start": 1589375701926,
    "end": 1589375702360,
    "duration": 434,
    "pid": 2097,
    "index": 48
  },
  {
    "name": "Require(40) node_modules/egg-i18n/app.js",
    "start": 1589375702361,
    "end": 1589375703003,
    "duration": 642,
    "pid": 2097,
    "index": 49
  },
  {
    "name": "Require(41) node_modules/egg-watcher/app.js",
    "start": 1589375703004,
    "end": 1589375703364,
    "duration": 360,
    "pid": 2097,
    "index": 50
  },
  {
    "name": "Require(42) node_modules/egg-schedule/app.js",
    "start": 1589375703364,
    "end": 1589375703481,
    "duration": 117,
    "pid": 2097,
    "index": 51
  },
  {
    "name": "Require(43) node_modules/egg-multipart/app.js",
    "start": 1589375703481,
    "end": 1589375703721,
    "duration": 240,
    "pid": 2097,
    "index": 52
  },
  {
    "name": "Require(44) node_modules/egg-development/app.js",
    "start": 1589375703721,
    "end": 1589375703808,
    "duration": 87,
    "pid": 2097,
    "index": 53
  },
  {
    "name": "Require(45) node_modules/egg-logrotator/app.js",
    "start": 1589375703808,
    "end": 1589375703834,
    "duration": 26,
    "pid": 2097,
    "index": 54
  },
  {
    "name": "Require(46) node_modules/egg-static/app.js",
    "start": 1589375703834,
    "end": 1589375703862,
    "duration": 28,
    "pid": 2097,
    "index": 55
  },
  {
    "name": "Require(47) node_modules/egg-view-ejs/app.js",
    "start": 1589375703863,
    "end": 1589375703892,
    "duration": 29,
    "pid": 2097,
    "index": 56
  },
  {
    "name": "Require(48) node_modules/egg-mysql/app.js",
    "start": 1589375703892,
    "end": 1589375704826,
    "duration": 934,
    "pid": 2097,
    "index": 57
  },
  {
    "name": "Before Start in node_modules/egg-watcher/lib/init.js:15:14",
    "start": 1589375704871,
    "end": 1589375721875,
    "duration": 17004,
    "pid": 2097,
    "index": 58
  },
  {
    "name": "Before Start in node_modules/egg-mysql/lib/mysql.js:20:7",
    "start": 1589375708810,
    "end": 1589375721879,
    "duration": 13069,
    "pid": 2097,
    "index": 59
  },
  {
    "name": "Load Service",
    "start": 1589375708810,
    "end": 1589375713318,
    "duration": 4508,
    "pid": 2097,
    "index": 60
  },
  {
    "name": "Load \"service\" to Context",
    "start": 1589375708811,
    "end": 1589375713318,
    "duration": 4507,
    "pid": 2097,
    "index": 61
  },
  {
    "name": "Load Middleware",
    "start": 1589375713318,
    "end": 1589375721395,
    "duration": 8077,
    "pid": 2097,
    "index": 62
  },
  {
    "name": "Load \"middlewares\" to Application",
    "start": 1589375713319,
    "end": 1589375721139,
    "duration": 7820,
    "pid": 2097,
    "index": 63
  },
  {
    "name": "Load Controller",
    "start": 1589375721395,
    "end": 1589375721784,
    "duration": 389,
    "pid": 2097,
    "index": 64
  },
  {
    "name": "Load \"controller\" to Application",
    "start": 1589375721396,
    "end": 1589375721784,
    "duration": 388,
    "pid": 2097,
    "index": 65
  },
  {
    "name": "Load Router",
    "start": 1589375721784,
    "end": 1589375721793,
    "duration": 9,
    "pid": 2097,
    "index": 66
  },
  {
    "name": "Require(49) app/router.js",
    "start": 1589375721784,
    "end": 1589375721785,
    "duration": 1,
    "pid": 2097,
    "index": 67
  },
  {
    "name": "Before Start in node_modules/egg-core/lib/egg.js:303:10",
    "start": 1589375721786,
    "end": 1589375721854,
    "duration": 68,
    "pid": 2097,
    "index": 68
  }
]