[
  {
    "name": "Application Start",
    "start": 1587902900123,
    "end": 1587902904922,
    "duration": 4799,
    "pid": 2881,
    "index": 0
  },
  {
    "name": "Load Plugin",
    "start": 1587902900142,
    "end": 1587902900287,
    "duration": 145,
    "pid": 2881,
    "index": 1
  },
  {
    "name": "Load Config",
    "start": 1587902900287,
    "end": 1587902900854,
    "duration": 567,
    "pid": 2881,
    "index": 2
  },
  {
    "name": "Require(0) config/config.default.js",
    "start": 1587902900288,
    "end": 1587902900309,
    "duration": 21,
    "pid": 2881,
    "index": 3
  },
  {
    "name": "Require(1) node_modules/egg-session/config/config.default.js",
    "start": 1587902900313,
    "end": 1587902900325,
    "duration": 12,
    "pid": 2881,
    "index": 4
  },
  {
    "name": "Require(2) node_modules/egg-security/config/config.default.js",
    "start": 1587902900326,
    "end": 1587902900338,
    "duration": 12,
    "pid": 2881,
    "index": 5
  },
  {
    "name": "Require(3) node_modules/egg-jsonp/config/config.default.js",
    "start": 1587902900342,
    "end": 1587902900359,
    "duration": 17,
    "pid": 2881,
    "index": 6
  },
  {
    "name": "Require(4) node_modules/egg-onerror/config/config.default.js",
    "start": 1587902900359,
    "end": 1587902900375,
    "duration": 16,
    "pid": 2881,
    "index": 7
  },
  {
    "name": "Require(5) node_modules/egg-i18n/config/config.default.js",
    "start": 1587902900375,
    "end": 1587902900389,
    "duration": 14,
    "pid": 2881,
    "index": 8
  },
  {
    "name": "Require(6) node_modules/egg-watcher/config/config.default.js",
    "start": 1587902900390,
    "end": 1587902900403,
    "duration": 13,
    "pid": 2881,
    "index": 9
  },
  {
    "name": "Require(7) node_modules/egg-schedule/config/config.default.js",
    "start": 1587902900407,
    "end": 1587902900436,
    "duration": 29,
    "pid": 2881,
    "index": 10
  },
  {
    "name": "Require(8) node_modules/egg-multipart/config/config.default.js",
    "start": 1587902900437,
    "end": 1587902900459,
    "duration": 22,
    "pid": 2881,
    "index": 11
  },
  {
    "name": "Require(9) node_modules/egg-development/config/config.default.js",
    "start": 1587902900460,
    "end": 1587902900489,
    "duration": 29,
    "pid": 2881,
    "index": 12
  },
  {
    "name": "Require(10) node_modules/egg-logrotator/config/config.default.js",
    "start": 1587902900490,
    "end": 1587902900510,
    "duration": 20,
    "pid": 2881,
    "index": 13
  },
  {
    "name": "Require(11) node_modules/egg-static/config/config.default.js",
    "start": 1587902900512,
    "end": 1587902900528,
    "duration": 16,
    "pid": 2881,
    "index": 14
  },
  {
    "name": "Require(12) node_modules/egg-view/config/config.default.js",
    "start": 1587902900529,
    "end": 1587902900553,
    "duration": 24,
    "pid": 2881,
    "index": 15
  },
  {
    "name": "Require(13) node_modules/egg-view-ejs/config/config.default.js",
    "start": 1587902900554,
    "end": 1587902900576,
    "duration": 22,
    "pid": 2881,
    "index": 16
  },
  {
    "name": "Require(14) node_modules/egg-mysql/config/config.default.js",
    "start": 1587902900576,
    "end": 1587902900613,
    "duration": 37,
    "pid": 2881,
    "index": 17
  },
  {
    "name": "Require(15) node_modules/egg/config/config.default.js",
    "start": 1587902900613,
    "end": 1587902900626,
    "duration": 13,
    "pid": 2881,
    "index": 18
  },
  {
    "name": "Require(16) config/config.default.js",
    "start": 1587902900660,
    "end": 1587902900660,
    "duration": 0,
    "pid": 2881,
    "index": 19
  },
  {
    "name": "Require(17) node_modules/egg-security/config/config.local.js",
    "start": 1587902900667,
    "end": 1587902900756,
    "duration": 89,
    "pid": 2881,
    "index": 20
  },
  {
    "name": "Require(18) node_modules/egg-watcher/config/config.local.js",
    "start": 1587902900757,
    "end": 1587902900769,
    "duration": 12,
    "pid": 2881,
    "index": 21
  },
  {
    "name": "Require(19) node_modules/egg-view/config/config.local.js",
    "start": 1587902900770,
    "end": 1587902900797,
    "duration": 27,
    "pid": 2881,
    "index": 22
  },
  {
    "name": "Require(20) node_modules/egg-view-ejs/config/config.local.js",
    "start": 1587902900798,
    "end": 1587902900811,
    "duration": 13,
    "pid": 2881,
    "index": 23
  },
  {
    "name": "Require(21) node_modules/egg/config/config.local.js",
    "start": 1587902900812,
    "end": 1587902900853,
    "duration": 41,
    "pid": 2881,
    "index": 24
  },
  {
    "name": "Load extend/application.js",
    "start": 1587902900856,
    "end": 1587902901080,
    "duration": 224,
    "pid": 2881,
    "index": 25
  },
  {
    "name": "Require(22) node_modules/egg-session/app/extend/application.js",
    "start": 1587902900857,
    "end": 1587902900885,
    "duration": 28,
    "pid": 2881,
    "index": 26
  },
  {
    "name": "Require(23) node_modules/egg-security/app/extend/application.js",
    "start": 1587902900886,
    "end": 1587902900920,
    "duration": 34,
    "pid": 2881,
    "index": 27
  },
  {
    "name": "Require(24) node_modules/egg-jsonp/app/extend/application.js",
    "start": 1587902900921,
    "end": 1587902901034,
    "duration": 113,
    "pid": 2881,
    "index": 28
  },
  {
    "name": "Require(25) node_modules/egg-logrotator/app/extend/application.js",
    "start": 1587902901036,
    "end": 1587902901060,
    "duration": 24,
    "pid": 2881,
    "index": 29
  },
  {
    "name": "Require(26) node_modules/egg-view/app/extend/application.js",
    "start": 1587902901060,
    "end": 1587902901077,
    "duration": 17,
    "pid": 2881,
    "index": 30
  },
  {
    "name": "Load extend/request.js",
    "start": 1587902901080,
    "end": 1587902901134,
    "duration": 54,
    "pid": 2881,
    "index": 31
  },
  {
    "name": "Require(27) node_modules/egg/app/extend/request.js",
    "start": 1587902901085,
    "end": 1587902901115,
    "duration": 30,
    "pid": 2881,
    "index": 32
  },
  {
    "name": "Load extend/response.js",
    "start": 1587902901134,
    "end": 1587902901187,
    "duration": 53,
    "pid": 2881,
    "index": 33
  },
  {
    "name": "Require(28) node_modules/egg/app/extend/response.js",
    "start": 1587902901136,
    "end": 1587902901185,
    "duration": 49,
    "pid": 2881,
    "index": 34
  },
  {
    "name": "Load extend/context.js",
    "start": 1587902901187,
    "end": 1587902901926,
    "duration": 739,
    "pid": 2881,
    "index": 35
  },
  {
    "name": "Require(29) node_modules/egg-security/app/extend/context.js",
    "start": 1587902901189,
    "end": 1587902901526,
    "duration": 337,
    "pid": 2881,
    "index": 36
  },
  {
    "name": "Require(30) node_modules/egg-jsonp/app/extend/context.js",
    "start": 1587902901527,
    "end": 1587902901559,
    "duration": 32,
    "pid": 2881,
    "index": 37
  },
  {
    "name": "Require(31) node_modules/egg-i18n/app/extend/context.js",
    "start": 1587902901560,
    "end": 1587902901569,
    "duration": 9,
    "pid": 2881,
    "index": 38
  },
  {
    "name": "Require(32) node_modules/egg-multipart/app/extend/context.js",
    "start": 1587902901570,
    "end": 1587902901883,
    "duration": 313,
    "pid": 2881,
    "index": 39
  },
  {
    "name": "Require(33) node_modules/egg-view/app/extend/context.js",
    "start": 1587902901884,
    "end": 1587902901908,
    "duration": 24,
    "pid": 2881,
    "index": 40
  },
  {
    "name": "Require(34) node_modules/egg/app/extend/context.js",
    "start": 1587902901909,
    "end": 1587902901924,
    "duration": 15,
    "pid": 2881,
    "index": 41
  },
  {
    "name": "Load extend/helper.js",
    "start": 1587902901926,
    "end": 1587902902162,
    "duration": 236,
    "pid": 2881,
    "index": 42
  },
  {
    "name": "Require(35) node_modules/egg-security/app/extend/helper.js",
    "start": 1587902901927,
    "end": 1587902902152,
    "duration": 225,
    "pid": 2881,
    "index": 43
  },
  {
    "name": "Require(36) node_modules/egg/app/extend/helper.js",
    "start": 1587902902154,
    "end": 1587902902160,
    "duration": 6,
    "pid": 2881,
    "index": 44
  },
  {
    "name": "Load app.js",
    "start": 1587902902163,
    "end": 1587902902946,
    "duration": 783,
    "pid": 2881,
    "index": 45
  },
  {
    "name": "Require(37) node_modules/egg-session/app.js",
    "start": 1587902902163,
    "end": 1587902902168,
    "duration": 5,
    "pid": 2881,
    "index": 46
  },
  {
    "name": "Require(38) node_modules/egg-security/app.js",
    "start": 1587902902168,
    "end": 1587902902184,
    "duration": 16,
    "pid": 2881,
    "index": 47
  },
  {
    "name": "Require(39) node_modules/egg-onerror/app.js",
    "start": 1587902902185,
    "end": 1587902902352,
    "duration": 167,
    "pid": 2881,
    "index": 48
  },
  {
    "name": "Require(40) node_modules/egg-i18n/app.js",
    "start": 1587902902352,
    "end": 1587902902627,
    "duration": 275,
    "pid": 2881,
    "index": 49
  },
  {
    "name": "Require(41) node_modules/egg-watcher/app.js",
    "start": 1587902902628,
    "end": 1587902902677,
    "duration": 49,
    "pid": 2881,
    "index": 50
  },
  {
    "name": "Require(42) node_modules/egg-schedule/app.js",
    "start": 1587902902677,
    "end": 1587902902728,
    "duration": 51,
    "pid": 2881,
    "index": 51
  },
  {
    "name": "Require(43) node_modules/egg-multipart/app.js",
    "start": 1587902902728,
    "end": 1587902902792,
    "duration": 64,
    "pid": 2881,
    "index": 52
  },
  {
    "name": "Require(44) node_modules/egg-development/app.js",
    "start": 1587902902792,
    "end": 1587902902799,
    "duration": 7,
    "pid": 2881,
    "index": 53
  },
  {
    "name": "Require(45) node_modules/egg-logrotator/app.js",
    "start": 1587902902799,
    "end": 1587902902814,
    "duration": 15,
    "pid": 2881,
    "index": 54
  },
  {
    "name": "Require(46) node_modules/egg-static/app.js",
    "start": 1587902902814,
    "end": 1587902902820,
    "duration": 6,
    "pid": 2881,
    "index": 55
  },
  {
    "name": "Require(47) node_modules/egg-view-ejs/app.js",
    "start": 1587902902821,
    "end": 1587902902827,
    "duration": 6,
    "pid": 2881,
    "index": 56
  },
  {
    "name": "Require(48) node_modules/egg-mysql/app.js",
    "start": 1587902902827,
    "end": 1587902902945,
    "duration": 118,
    "pid": 2881,
    "index": 57
  },
  {
    "name": "Before Start in node_modules/egg-watcher/lib/init.js:15:14",
    "start": 1587902902975,
    "end": 1587902904918,
    "duration": 1943,
    "pid": 2881,
    "index": 58
  },
  {
    "name": "Before Start in node_modules/egg-mysql/lib/mysql.js:20:7",
    "start": 1587902903540,
    "end": 1587902904921,
    "duration": 1381,
    "pid": 2881,
    "index": 59
  },
  {
    "name": "Load Service",
    "start": 1587902903541,
    "end": 1587902903643,
    "duration": 102,
    "pid": 2881,
    "index": 60
  },
  {
    "name": "Load \"service\" to Context",
    "start": 1587902903541,
    "end": 1587902903643,
    "duration": 102,
    "pid": 2881,
    "index": 61
  },
  {
    "name": "Load Middleware",
    "start": 1587902903644,
    "end": 1587902904776,
    "duration": 1132,
    "pid": 2881,
    "index": 62
  },
  {
    "name": "Load \"middlewares\" to Application",
    "start": 1587902903644,
    "end": 1587902904717,
    "duration": 1073,
    "pid": 2881,
    "index": 63
  },
  {
    "name": "Load Controller",
    "start": 1587902904776,
    "end": 1587902904842,
    "duration": 66,
    "pid": 2881,
    "index": 64
  },
  {
    "name": "Load \"controller\" to Application",
    "start": 1587902904776,
    "end": 1587902904842,
    "duration": 66,
    "pid": 2881,
    "index": 65
  },
  {
    "name": "Load Router",
    "start": 1587902904842,
    "end": 1587902904863,
    "duration": 21,
    "pid": 2881,
    "index": 66
  },
  {
    "name": "Require(49) app/router.js",
    "start": 1587902904843,
    "end": 1587902904854,
    "duration": 11,
    "pid": 2881,
    "index": 67
  },
  {
    "name": "Before Start in node_modules/egg-core/lib/egg.js:303:10",
    "start": 1587902904856,
    "end": 1587902904880,
    "duration": 24,
    "pid": 2881,
    "index": 68
  }
]