[
  {
    "name": "Application Start",
    "start": 1588767722674,
    "end": 1588767739433,
    "duration": 16759,
    "pid": 1313,
    "index": 0
  },
  {
    "name": "Load Plugin",
    "start": 1588767723118,
    "end": 1588767724722,
    "duration": 1604,
    "pid": 1313,
    "index": 1
  },
  {
    "name": "Load Config",
    "start": 1588767724723,
    "end": 1588767725947,
    "duration": 1224,
    "pid": 1313,
    "index": 2
  },
  {
    "name": "Require(0) config/config.default.js",
    "start": 1588767724723,
    "end": 1588767724748,
    "duration": 25,
    "pid": 1313,
    "index": 3
  },
  {
    "name": "Require(1) node_modules/egg-session/config/config.default.js",
    "start": 1588767724750,
    "end": 1588767724774,
    "duration": 24,
    "pid": 1313,
    "index": 4
  },
  {
    "name": "Require(2) node_modules/egg-security/config/config.default.js",
    "start": 1588767724775,
    "end": 1588767724806,
    "duration": 31,
    "pid": 1313,
    "index": 5
  },
  {
    "name": "Require(3) node_modules/egg-jsonp/config/config.default.js",
    "start": 1588767724827,
    "end": 1588767724852,
    "duration": 25,
    "pid": 1313,
    "index": 6
  },
  {
    "name": "Require(4) node_modules/egg-onerror/config/config.default.js",
    "start": 1588767724865,
    "end": 1588767724890,
    "duration": 25,
    "pid": 1313,
    "index": 7
  },
  {
    "name": "Require(5) node_modules/egg-i18n/config/config.default.js",
    "start": 1588767724918,
    "end": 1588767724938,
    "duration": 20,
    "pid": 1313,
    "index": 8
  },
  {
    "name": "Require(6) node_modules/egg-watcher/config/config.default.js",
    "start": 1588767724940,
    "end": 1588767724981,
    "duration": 41,
    "pid": 1313,
    "index": 9
  },
  {
    "name": "Require(7) node_modules/egg-schedule/config/config.default.js",
    "start": 1588767724982,
    "end": 1588767725018,
    "duration": 36,
    "pid": 1313,
    "index": 10
  },
  {
    "name": "Require(8) node_modules/egg-multipart/config/config.default.js",
    "start": 1588767725019,
    "end": 1588767725052,
    "duration": 33,
    "pid": 1313,
    "index": 11
  },
  {
    "name": "Require(9) node_modules/egg-development/config/config.default.js",
    "start": 1588767725054,
    "end": 1588767725083,
    "duration": 29,
    "pid": 1313,
    "index": 12
  },
  {
    "name": "Require(10) node_modules/egg-logrotator/config/config.default.js",
    "start": 1588767725084,
    "end": 1588767725114,
    "duration": 30,
    "pid": 1313,
    "index": 13
  },
  {
    "name": "Require(11) node_modules/egg-static/config/config.default.js",
    "start": 1588767725116,
    "end": 1588767725155,
    "duration": 39,
    "pid": 1313,
    "index": 14
  },
  {
    "name": "Require(12) node_modules/egg-view/config/config.default.js",
    "start": 1588767725182,
    "end": 1588767725201,
    "duration": 19,
    "pid": 1313,
    "index": 15
  },
  {
    "name": "Require(13) node_modules/egg-view-ejs/config/config.default.js",
    "start": 1588767725236,
    "end": 1588767725258,
    "duration": 22,
    "pid": 1313,
    "index": 16
  },
  {
    "name": "Require(14) node_modules/egg-mysql/config/config.default.js",
    "start": 1588767725374,
    "end": 1588767725628,
    "duration": 254,
    "pid": 1313,
    "index": 17
  },
  {
    "name": "Require(15) node_modules/egg/config/config.default.js",
    "start": 1588767725629,
    "end": 1588767725652,
    "duration": 23,
    "pid": 1313,
    "index": 18
  },
  {
    "name": "Require(16) config/config.default.js",
    "start": 1588767725693,
    "end": 1588767725693,
    "duration": 0,
    "pid": 1313,
    "index": 19
  },
  {
    "name": "Require(17) node_modules/egg-security/config/config.local.js",
    "start": 1588767725694,
    "end": 1588767725723,
    "duration": 29,
    "pid": 1313,
    "index": 20
  },
  {
    "name": "Require(18) node_modules/egg-watcher/config/config.local.js",
    "start": 1588767725724,
    "end": 1588767725750,
    "duration": 26,
    "pid": 1313,
    "index": 21
  },
  {
    "name": "Require(19) node_modules/egg-view/config/config.local.js",
    "start": 1588767725751,
    "end": 1588767725791,
    "duration": 40,
    "pid": 1313,
    "index": 22
  },
  {
    "name": "Require(20) node_modules/egg-view-ejs/config/config.local.js",
    "start": 1588767725804,
    "end": 1588767725916,
    "duration": 112,
    "pid": 1313,
    "index": 23
  },
  {
    "name": "Require(21) node_modules/egg/config/config.local.js",
    "start": 1588767725917,
    "end": 1588767725946,
    "duration": 29,
    "pid": 1313,
    "index": 24
  },
  {
    "name": "Load extend/application.js",
    "start": 1588767725996,
    "end": 1588767726617,
    "duration": 621,
    "pid": 1313,
    "index": 25
  },
  {
    "name": "Require(22) node_modules/egg-session/app/extend/application.js",
    "start": 1588767726068,
    "end": 1588767726112,
    "duration": 44,
    "pid": 1313,
    "index": 26
  },
  {
    "name": "Require(23) node_modules/egg-security/app/extend/application.js",
    "start": 1588767726138,
    "end": 1588767726214,
    "duration": 76,
    "pid": 1313,
    "index": 27
  },
  {
    "name": "Require(24) node_modules/egg-jsonp/app/extend/application.js",
    "start": 1588767726214,
    "end": 1588767726311,
    "duration": 97,
    "pid": 1313,
    "index": 28
  },
  {
    "name": "Require(25) node_modules/egg-logrotator/app/extend/application.js",
    "start": 1588767726332,
    "end": 1588767726409,
    "duration": 77,
    "pid": 1313,
    "index": 29
  },
  {
    "name": "Require(26) node_modules/egg-view/app/extend/application.js",
    "start": 1588767726425,
    "end": 1588767726581,
    "duration": 156,
    "pid": 1313,
    "index": 30
  },
  {
    "name": "Load extend/request.js",
    "start": 1588767726617,
    "end": 1588767726720,
    "duration": 103,
    "pid": 1313,
    "index": 31
  },
  {
    "name": "Require(27) node_modules/egg/app/extend/request.js",
    "start": 1588767726620,
    "end": 1588767726718,
    "duration": 98,
    "pid": 1313,
    "index": 32
  },
  {
    "name": "Load extend/response.js",
    "start": 1588767726720,
    "end": 1588767726831,
    "duration": 111,
    "pid": 1313,
    "index": 33
  },
  {
    "name": "Require(28) node_modules/egg/app/extend/response.js",
    "start": 1588767726722,
    "end": 1588767726827,
    "duration": 105,
    "pid": 1313,
    "index": 34
  },
  {
    "name": "Load extend/context.js",
    "start": 1588767726831,
    "end": 1588767729049,
    "duration": 2218,
    "pid": 1313,
    "index": 35
  },
  {
    "name": "Require(29) node_modules/egg-security/app/extend/context.js",
    "start": 1588767726831,
    "end": 1588767727537,
    "duration": 706,
    "pid": 1313,
    "index": 36
  },
  {
    "name": "Require(30) node_modules/egg-jsonp/app/extend/context.js",
    "start": 1588767727538,
    "end": 1588767727630,
    "duration": 92,
    "pid": 1313,
    "index": 37
  },
  {
    "name": "Require(31) node_modules/egg-i18n/app/extend/context.js",
    "start": 1588767727631,
    "end": 1588767727662,
    "duration": 31,
    "pid": 1313,
    "index": 38
  },
  {
    "name": "Require(32) node_modules/egg-multipart/app/extend/context.js",
    "start": 1588767727663,
    "end": 1588767728915,
    "duration": 1252,
    "pid": 1313,
    "index": 39
  },
  {
    "name": "Require(33) node_modules/egg-view/app/extend/context.js",
    "start": 1588767728916,
    "end": 1588767729013,
    "duration": 97,
    "pid": 1313,
    "index": 40
  },
  {
    "name": "Require(34) node_modules/egg/app/extend/context.js",
    "start": 1588767729014,
    "end": 1588767729041,
    "duration": 27,
    "pid": 1313,
    "index": 41
  },
  {
    "name": "Load extend/helper.js",
    "start": 1588767729050,
    "end": 1588767729968,
    "duration": 918,
    "pid": 1313,
    "index": 42
  },
  {
    "name": "Require(35) node_modules/egg-security/app/extend/helper.js",
    "start": 1588767729050,
    "end": 1588767729935,
    "duration": 885,
    "pid": 1313,
    "index": 43
  },
  {
    "name": "Require(36) node_modules/egg/app/extend/helper.js",
    "start": 1588767729938,
    "end": 1588767729965,
    "duration": 27,
    "pid": 1313,
    "index": 44
  },
  {
    "name": "Load app.js",
    "start": 1588767729968,
    "end": 1588767731267,
    "duration": 1299,
    "pid": 1313,
    "index": 45
  },
  {
    "name": "Require(37) node_modules/egg-session/app.js",
    "start": 1588767729969,
    "end": 1588767729995,
    "duration": 26,
    "pid": 1313,
    "index": 46
  },
  {
    "name": "Require(38) node_modules/egg-security/app.js",
    "start": 1588767729995,
    "end": 1588767730044,
    "duration": 49,
    "pid": 1313,
    "index": 47
  },
  {
    "name": "Require(39) node_modules/egg-onerror/app.js",
    "start": 1588767730044,
    "end": 1588767730368,
    "duration": 324,
    "pid": 1313,
    "index": 48
  },
  {
    "name": "Require(40) node_modules/egg-i18n/app.js",
    "start": 1588767730369,
    "end": 1588767730676,
    "duration": 307,
    "pid": 1313,
    "index": 49
  },
  {
    "name": "Require(41) node_modules/egg-watcher/app.js",
    "start": 1588767730676,
    "end": 1588767730770,
    "duration": 94,
    "pid": 1313,
    "index": 50
  },
  {
    "name": "Require(42) node_modules/egg-schedule/app.js",
    "start": 1588767730771,
    "end": 1588767730832,
    "duration": 61,
    "pid": 1313,
    "index": 51
  },
  {
    "name": "Require(43) node_modules/egg-multipart/app.js",
    "start": 1588767730833,
    "end": 1588767730918,
    "duration": 85,
    "pid": 1313,
    "index": 52
  },
  {
    "name": "Require(44) node_modules/egg-development/app.js",
    "start": 1588767730919,
    "end": 1588767730926,
    "duration": 7,
    "pid": 1313,
    "index": 53
  },
  {
    "name": "Require(45) node_modules/egg-logrotator/app.js",
    "start": 1588767730926,
    "end": 1588767730941,
    "duration": 15,
    "pid": 1313,
    "index": 54
  },
  {
    "name": "Require(46) node_modules/egg-static/app.js",
    "start": 1588767730941,
    "end": 1588767730947,
    "duration": 6,
    "pid": 1313,
    "index": 55
  },
  {
    "name": "Require(47) node_modules/egg-view-ejs/app.js",
    "start": 1588767730948,
    "end": 1588767730954,
    "duration": 6,
    "pid": 1313,
    "index": 56
  },
  {
    "name": "Require(48) node_modules/egg-mysql/app.js",
    "start": 1588767730954,
    "end": 1588767731267,
    "duration": 313,
    "pid": 1313,
    "index": 57
  },
  {
    "name": "Before Start in node_modules/egg-watcher/lib/init.js:15:14",
    "start": 1588767731375,
    "end": 1588767737650,
    "duration": 6275,
    "pid": 1313,
    "index": 58
  },
  {
    "name": "Before Start in node_modules/egg-mysql/lib/mysql.js:20:7",
    "start": 1588767732720,
    "end": 1588767739431,
    "duration": 6711,
    "pid": 1313,
    "index": 59
  },
  {
    "name": "Load Service",
    "start": 1588767732726,
    "end": 1588767735325,
    "duration": 2599,
    "pid": 1313,
    "index": 60
  },
  {
    "name": "Load \"service\" to Context",
    "start": 1588767732726,
    "end": 1588767735325,
    "duration": 2599,
    "pid": 1313,
    "index": 61
  },
  {
    "name": "Load Middleware",
    "start": 1588767735326,
    "end": 1588767737225,
    "duration": 1899,
    "pid": 1313,
    "index": 62
  },
  {
    "name": "Load \"middlewares\" to Application",
    "start": 1588767735326,
    "end": 1588767737133,
    "duration": 1807,
    "pid": 1313,
    "index": 63
  },
  {
    "name": "Load Controller",
    "start": 1588767737225,
    "end": 1588767737369,
    "duration": 144,
    "pid": 1313,
    "index": 64
  },
  {
    "name": "Load \"controller\" to Application",
    "start": 1588767737225,
    "end": 1588767737368,
    "duration": 143,
    "pid": 1313,
    "index": 65
  },
  {
    "name": "Load Router",
    "start": 1588767737369,
    "end": 1588767737375,
    "duration": 6,
    "pid": 1313,
    "index": 66
  },
  {
    "name": "Require(49) app/router.js",
    "start": 1588767737369,
    "end": 1588767737369,
    "duration": 0,
    "pid": 1313,
    "index": 67
  },
  {
    "name": "Before Start in node_modules/egg-core/lib/egg.js:303:10",
    "start": 1588767737370,
    "end": 1588767737525,
    "duration": 155,
    "pid": 1313,
    "index": 68
  }
]