[
  {
    "name": "Application Start",
    "start": 1588767811000,
    "end": 1588767837444,
    "duration": 26444,
    "pid": 1408,
    "index": 0
  },
  {
    "name": "Load Plugin",
    "start": 1588767811050,
    "end": 1588767811564,
    "duration": 514,
    "pid": 1408,
    "index": 1
  },
  {
    "name": "Load Config",
    "start": 1588767811564,
    "end": 1588767812665,
    "duration": 1101,
    "pid": 1408,
    "index": 2
  },
  {
    "name": "Require(0) config/config.default.js",
    "start": 1588767811565,
    "end": 1588767811599,
    "duration": 34,
    "pid": 1408,
    "index": 3
  },
  {
    "name": "Require(1) node_modules/egg-session/config/config.default.js",
    "start": 1588767811602,
    "end": 1588767811626,
    "duration": 24,
    "pid": 1408,
    "index": 4
  },
  {
    "name": "Require(2) node_modules/egg-security/config/config.default.js",
    "start": 1588767811627,
    "end": 1588767811680,
    "duration": 53,
    "pid": 1408,
    "index": 5
  },
  {
    "name": "Require(3) node_modules/egg-jsonp/config/config.default.js",
    "start": 1588767811682,
    "end": 1588767812115,
    "duration": 433,
    "pid": 1408,
    "index": 6
  },
  {
    "name": "Require(4) node_modules/egg-onerror/config/config.default.js",
    "start": 1588767812118,
    "end": 1588767812131,
    "duration": 13,
    "pid": 1408,
    "index": 7
  },
  {
    "name": "Require(5) node_modules/egg-i18n/config/config.default.js",
    "start": 1588767812131,
    "end": 1588767812179,
    "duration": 48,
    "pid": 1408,
    "index": 8
  },
  {
    "name": "Require(6) node_modules/egg-watcher/config/config.default.js",
    "start": 1588767812180,
    "end": 1588767812266,
    "duration": 86,
    "pid": 1408,
    "index": 9
  },
  {
    "name": "Require(7) node_modules/egg-schedule/config/config.default.js",
    "start": 1588767812267,
    "end": 1588767812303,
    "duration": 36,
    "pid": 1408,
    "index": 10
  },
  {
    "name": "Require(8) node_modules/egg-multipart/config/config.default.js",
    "start": 1588767812304,
    "end": 1588767812315,
    "duration": 11,
    "pid": 1408,
    "index": 11
  },
  {
    "name": "Require(9) node_modules/egg-development/config/config.default.js",
    "start": 1588767812317,
    "end": 1588767812368,
    "duration": 51,
    "pid": 1408,
    "index": 12
  },
  {
    "name": "Require(10) node_modules/egg-logrotator/config/config.default.js",
    "start": 1588767812368,
    "end": 1588767812377,
    "duration": 9,
    "pid": 1408,
    "index": 13
  },
  {
    "name": "Require(11) node_modules/egg-static/config/config.default.js",
    "start": 1588767812377,
    "end": 1588767812406,
    "duration": 29,
    "pid": 1408,
    "index": 14
  },
  {
    "name": "Require(12) node_modules/egg-view/config/config.default.js",
    "start": 1588767812407,
    "end": 1588767812442,
    "duration": 35,
    "pid": 1408,
    "index": 15
  },
  {
    "name": "Require(13) node_modules/egg-view-ejs/config/config.default.js",
    "start": 1588767812443,
    "end": 1588767812476,
    "duration": 33,
    "pid": 1408,
    "index": 16
  },
  {
    "name": "Require(14) node_modules/egg-mysql/config/config.default.js",
    "start": 1588767812477,
    "end": 1588767812503,
    "duration": 26,
    "pid": 1408,
    "index": 17
  },
  {
    "name": "Require(15) node_modules/egg/config/config.default.js",
    "start": 1588767812503,
    "end": 1588767812537,
    "duration": 34,
    "pid": 1408,
    "index": 18
  },
  {
    "name": "Require(16) config/config.default.js",
    "start": 1588767812568,
    "end": 1588767812568,
    "duration": 0,
    "pid": 1408,
    "index": 19
  },
  {
    "name": "Require(17) node_modules/egg-security/config/config.local.js",
    "start": 1588767812569,
    "end": 1588767812586,
    "duration": 17,
    "pid": 1408,
    "index": 20
  },
  {
    "name": "Require(18) node_modules/egg-watcher/config/config.local.js",
    "start": 1588767812587,
    "end": 1588767812589,
    "duration": 2,
    "pid": 1408,
    "index": 21
  },
  {
    "name": "Require(19) node_modules/egg-view/config/config.local.js",
    "start": 1588767812590,
    "end": 1588767812591,
    "duration": 1,
    "pid": 1408,
    "index": 22
  },
  {
    "name": "Require(20) node_modules/egg-view-ejs/config/config.local.js",
    "start": 1588767812591,
    "end": 1588767812634,
    "duration": 43,
    "pid": 1408,
    "index": 23
  },
  {
    "name": "Require(21) node_modules/egg/config/config.local.js",
    "start": 1588767812635,
    "end": 1588767812665,
    "duration": 30,
    "pid": 1408,
    "index": 24
  },
  {
    "name": "Load extend/application.js",
    "start": 1588767812667,
    "end": 1588767813135,
    "duration": 468,
    "pid": 1408,
    "index": 25
  },
  {
    "name": "Require(22) node_modules/egg-session/app/extend/application.js",
    "start": 1588767812668,
    "end": 1588767812697,
    "duration": 29,
    "pid": 1408,
    "index": 26
  },
  {
    "name": "Require(23) node_modules/egg-security/app/extend/application.js",
    "start": 1588767812698,
    "end": 1588767812766,
    "duration": 68,
    "pid": 1408,
    "index": 27
  },
  {
    "name": "Require(24) node_modules/egg-jsonp/app/extend/application.js",
    "start": 1588767812766,
    "end": 1588767812798,
    "duration": 32,
    "pid": 1408,
    "index": 28
  },
  {
    "name": "Require(25) node_modules/egg-logrotator/app/extend/application.js",
    "start": 1588767812799,
    "end": 1588767813094,
    "duration": 295,
    "pid": 1408,
    "index": 29
  },
  {
    "name": "Require(26) node_modules/egg-view/app/extend/application.js",
    "start": 1588767813095,
    "end": 1588767813133,
    "duration": 38,
    "pid": 1408,
    "index": 30
  },
  {
    "name": "Load extend/request.js",
    "start": 1588767813135,
    "end": 1588767813217,
    "duration": 82,
    "pid": 1408,
    "index": 31
  },
  {
    "name": "Require(27) node_modules/egg/app/extend/request.js",
    "start": 1588767813137,
    "end": 1588767813214,
    "duration": 77,
    "pid": 1408,
    "index": 32
  },
  {
    "name": "Load extend/response.js",
    "start": 1588767813218,
    "end": 1588767813414,
    "duration": 196,
    "pid": 1408,
    "index": 33
  },
  {
    "name": "Require(28) node_modules/egg/app/extend/response.js",
    "start": 1588767813222,
    "end": 1588767813412,
    "duration": 190,
    "pid": 1408,
    "index": 34
  },
  {
    "name": "Load extend/context.js",
    "start": 1588767813414,
    "end": 1588767816050,
    "duration": 2636,
    "pid": 1408,
    "index": 35
  },
  {
    "name": "Require(29) node_modules/egg-security/app/extend/context.js",
    "start": 1588767813415,
    "end": 1588767814149,
    "duration": 734,
    "pid": 1408,
    "index": 36
  },
  {
    "name": "Require(30) node_modules/egg-jsonp/app/extend/context.js",
    "start": 1588767814149,
    "end": 1588767814238,
    "duration": 89,
    "pid": 1408,
    "index": 37
  },
  {
    "name": "Require(31) node_modules/egg-i18n/app/extend/context.js",
    "start": 1588767814238,
    "end": 1588767814270,
    "duration": 32,
    "pid": 1408,
    "index": 38
  },
  {
    "name": "Require(32) node_modules/egg-multipart/app/extend/context.js",
    "start": 1588767814271,
    "end": 1588767815865,
    "duration": 1594,
    "pid": 1408,
    "index": 39
  },
  {
    "name": "Require(33) node_modules/egg-view/app/extend/context.js",
    "start": 1588767815865,
    "end": 1588767815987,
    "duration": 122,
    "pid": 1408,
    "index": 40
  },
  {
    "name": "Require(34) node_modules/egg/app/extend/context.js",
    "start": 1588767815988,
    "end": 1588767816048,
    "duration": 60,
    "pid": 1408,
    "index": 41
  },
  {
    "name": "Load extend/helper.js",
    "start": 1588767816050,
    "end": 1588767818064,
    "duration": 2014,
    "pid": 1408,
    "index": 42
  },
  {
    "name": "Require(35) node_modules/egg-security/app/extend/helper.js",
    "start": 1588767816050,
    "end": 1588767817824,
    "duration": 1774,
    "pid": 1408,
    "index": 43
  },
  {
    "name": "Require(36) node_modules/egg/app/extend/helper.js",
    "start": 1588767817826,
    "end": 1588767818061,
    "duration": 235,
    "pid": 1408,
    "index": 44
  },
  {
    "name": "Load app.js",
    "start": 1588767818065,
    "end": 1588767823569,
    "duration": 5504,
    "pid": 1408,
    "index": 45
  },
  {
    "name": "Require(37) node_modules/egg-session/app.js",
    "start": 1588767818065,
    "end": 1588767818125,
    "duration": 60,
    "pid": 1408,
    "index": 46
  },
  {
    "name": "Require(38) node_modules/egg-security/app.js",
    "start": 1588767818125,
    "end": 1588767818384,
    "duration": 259,
    "pid": 1408,
    "index": 47
  },
  {
    "name": "Require(39) node_modules/egg-onerror/app.js",
    "start": 1588767818385,
    "end": 1588767819564,
    "duration": 1179,
    "pid": 1408,
    "index": 48
  },
  {
    "name": "Require(40) node_modules/egg-i18n/app.js",
    "start": 1588767819565,
    "end": 1588767820384,
    "duration": 819,
    "pid": 1408,
    "index": 49
  },
  {
    "name": "Require(41) node_modules/egg-watcher/app.js",
    "start": 1588767820385,
    "end": 1588767820567,
    "duration": 182,
    "pid": 1408,
    "index": 50
  },
  {
    "name": "Require(42) node_modules/egg-schedule/app.js",
    "start": 1588767820567,
    "end": 1588767820684,
    "duration": 117,
    "pid": 1408,
    "index": 51
  },
  {
    "name": "Require(43) node_modules/egg-multipart/app.js",
    "start": 1588767820685,
    "end": 1588767821191,
    "duration": 506,
    "pid": 1408,
    "index": 52
  },
  {
    "name": "Require(44) node_modules/egg-development/app.js",
    "start": 1588767821192,
    "end": 1588767821567,
    "duration": 375,
    "pid": 1408,
    "index": 53
  },
  {
    "name": "Require(45) node_modules/egg-logrotator/app.js",
    "start": 1588767821567,
    "end": 1588767821726,
    "duration": 159,
    "pid": 1408,
    "index": 54
  },
  {
    "name": "Require(46) node_modules/egg-static/app.js",
    "start": 1588767821727,
    "end": 1588767821799,
    "duration": 72,
    "pid": 1408,
    "index": 55
  },
  {
    "name": "Require(47) node_modules/egg-view-ejs/app.js",
    "start": 1588767821799,
    "end": 1588767821850,
    "duration": 51,
    "pid": 1408,
    "index": 56
  },
  {
    "name": "Require(48) node_modules/egg-mysql/app.js",
    "start": 1588767821851,
    "end": 1588767823568,
    "duration": 1717,
    "pid": 1408,
    "index": 57
  },
  {
    "name": "Before Start in node_modules/egg-watcher/lib/init.js:15:14",
    "start": 1588767823641,
    "end": 1588767837439,
    "duration": 13798,
    "pid": 1408,
    "index": 58
  },
  {
    "name": "Before Start in node_modules/egg-mysql/lib/mysql.js:20:7",
    "start": 1588767827317,
    "end": 1588767837443,
    "duration": 10126,
    "pid": 1408,
    "index": 59
  },
  {
    "name": "Load Service",
    "start": 1588767827318,
    "end": 1588767831488,
    "duration": 4170,
    "pid": 1408,
    "index": 60
  },
  {
    "name": "Load \"service\" to Context",
    "start": 1588767827318,
    "end": 1588767831488,
    "duration": 4170,
    "pid": 1408,
    "index": 61
  },
  {
    "name": "Load Middleware",
    "start": 1588767831488,
    "end": 1588767836777,
    "duration": 5289,
    "pid": 1408,
    "index": 62
  },
  {
    "name": "Load \"middlewares\" to Application",
    "start": 1588767831489,
    "end": 1588767836518,
    "duration": 5029,
    "pid": 1408,
    "index": 63
  },
  {
    "name": "Load Controller",
    "start": 1588767836777,
    "end": 1588767837187,
    "duration": 410,
    "pid": 1408,
    "index": 64
  },
  {
    "name": "Load \"controller\" to Application",
    "start": 1588767836777,
    "end": 1588767837187,
    "duration": 410,
    "pid": 1408,
    "index": 65
  },
  {
    "name": "Load Router",
    "start": 1588767837187,
    "end": 1588767837194,
    "duration": 7,
    "pid": 1408,
    "index": 66
  },
  {
    "name": "Require(49) app/router.js",
    "start": 1588767837187,
    "end": 1588767837188,
    "duration": 1,
    "pid": 1408,
    "index": 67
  },
  {
    "name": "Before Start in node_modules/egg-core/lib/egg.js:303:10",
    "start": 1588767837189,
    "end": 1588767837421,
    "duration": 232,
    "pid": 1408,
    "index": 68
  }
]