[
  {
    "name": "Application Start",
    "start": 1591267492031,
    "end": 1591267492381,
    "duration": 350,
    "pid": 5986,
    "index": 0
  },
  {
    "name": "Load Plugin",
    "start": 1591267492034,
    "end": 1591267492044,
    "duration": 10,
    "pid": 5986,
    "index": 1
  },
  {
    "name": "Load Config",
    "start": 1591267492044,
    "end": 1591267492058,
    "duration": 14,
    "pid": 5986,
    "index": 2
  },
  {
    "name": "Require(0) config/config.default.js",
    "start": 1591267492044,
    "end": 1591267492045,
    "duration": 1,
    "pid": 5986,
    "index": 3
  },
  {
    "name": "Require(1) node_modules/egg-session/config/config.default.js",
    "start": 1591267492046,
    "end": 1591267492046,
    "duration": 0,
    "pid": 5986,
    "index": 4
  },
  {
    "name": "Require(2) node_modules/egg-security/config/config.default.js",
    "start": 1591267492046,
    "end": 1591267492047,
    "duration": 1,
    "pid": 5986,
    "index": 5
  },
  {
    "name": "Require(3) node_modules/egg-jsonp/config/config.default.js",
    "start": 1591267492047,
    "end": 1591267492048,
    "duration": 1,
    "pid": 5986,
    "index": 6
  },
  {
    "name": "Require(4) node_modules/egg-onerror/config/config.default.js",
    "start": 1591267492048,
    "end": 1591267492048,
    "duration": 0,
    "pid": 5986,
    "index": 7
  },
  {
    "name": "Require(5) node_modules/egg-i18n/config/config.default.js",
    "start": 1591267492048,
    "end": 1591267492049,
    "duration": 1,
    "pid": 5986,
    "index": 8
  },
  {
    "name": "Require(6) node_modules/egg-watcher/config/config.default.js",
    "start": 1591267492049,
    "end": 1591267492049,
    "duration": 0,
    "pid": 5986,
    "index": 9
  },
  {
    "name": "Require(7) node_modules/egg-schedule/config/config.default.js",
    "start": 1591267492049,
    "end": 1591267492050,
    "duration": 1,
    "pid": 5986,
    "index": 10
  },
  {
    "name": "Require(8) node_modules/egg-multipart/config/config.default.js",
    "start": 1591267492050,
    "end": 1591267492050,
    "duration": 0,
    "pid": 5986,
    "index": 11
  },
  {
    "name": "Require(9) node_modules/egg-development/config/config.default.js",
    "start": 1591267492051,
    "end": 1591267492051,
    "duration": 0,
    "pid": 5986,
    "index": 12
  },
  {
    "name": "Require(10) node_modules/egg-logrotator/config/config.default.js",
    "start": 1591267492051,
    "end": 1591267492051,
    "duration": 0,
    "pid": 5986,
    "index": 13
  },
  {
    "name": "Require(11) node_modules/egg-static/config/config.default.js",
    "start": 1591267492052,
    "end": 1591267492052,
    "duration": 0,
    "pid": 5986,
    "index": 14
  },
  {
    "name": "Require(12) node_modules/egg-view/config/config.default.js",
    "start": 1591267492052,
    "end": 1591267492053,
    "duration": 1,
    "pid": 5986,
    "index": 15
  },
  {
    "name": "Require(13) node_modules/egg-view-ejs/config/config.default.js",
    "start": 1591267492053,
    "end": 1591267492053,
    "duration": 0,
    "pid": 5986,
    "index": 16
  },
  {
    "name": "Require(14) node_modules/egg-mysql/config/config.default.js",
    "start": 1591267492053,
    "end": 1591267492054,
    "duration": 1,
    "pid": 5986,
    "index": 17
  },
  {
    "name": "Require(15) node_modules/egg/config/config.default.js",
    "start": 1591267492054,
    "end": 1591267492054,
    "duration": 0,
    "pid": 5986,
    "index": 18
  },
  {
    "name": "Require(16) config/config.default.js",
    "start": 1591267492055,
    "end": 1591267492055,
    "duration": 0,
    "pid": 5986,
    "index": 19
  },
  {
    "name": "Require(17) node_modules/egg-security/config/config.local.js",
    "start": 1591267492056,
    "end": 1591267492056,
    "duration": 0,
    "pid": 5986,
    "index": 20
  },
  {
    "name": "Require(18) node_modules/egg-watcher/config/config.local.js",
    "start": 1591267492056,
    "end": 1591267492057,
    "duration": 1,
    "pid": 5986,
    "index": 21
  },
  {
    "name": "Require(19) node_modules/egg-view/config/config.local.js",
    "start": 1591267492057,
    "end": 1591267492057,
    "duration": 0,
    "pid": 5986,
    "index": 22
  },
  {
    "name": "Require(20) node_modules/egg-view-ejs/config/config.local.js",
    "start": 1591267492057,
    "end": 1591267492058,
    "duration": 1,
    "pid": 5986,
    "index": 23
  },
  {
    "name": "Require(21) node_modules/egg/config/config.local.js",
    "start": 1591267492058,
    "end": 1591267492058,
    "duration": 0,
    "pid": 5986,
    "index": 24
  },
  {
    "name": "Load extend/application.js",
    "start": 1591267492059,
    "end": 1591267492065,
    "duration": 6,
    "pid": 5986,
    "index": 25
  },
  {
    "name": "Require(22) node_modules/egg-session/app/extend/application.js",
    "start": 1591267492060,
    "end": 1591267492060,
    "duration": 0,
    "pid": 5986,
    "index": 26
  },
  {
    "name": "Require(23) node_modules/egg-security/app/extend/application.js",
    "start": 1591267492060,
    "end": 1591267492061,
    "duration": 1,
    "pid": 5986,
    "index": 27
  },
  {
    "name": "Require(24) node_modules/egg-jsonp/app/extend/application.js",
    "start": 1591267492061,
    "end": 1591267492062,
    "duration": 1,
    "pid": 5986,
    "index": 28
  },
  {
    "name": "Require(25) node_modules/egg-logrotator/app/extend/application.js",
    "start": 1591267492062,
    "end": 1591267492063,
    "duration": 1,
    "pid": 5986,
    "index": 29
  },
  {
    "name": "Require(26) node_modules/egg-view/app/extend/application.js",
    "start": 1591267492064,
    "end": 1591267492064,
    "duration": 0,
    "pid": 5986,
    "index": 30
  },
  {
    "name": "Load extend/request.js",
    "start": 1591267492065,
    "end": 1591267492067,
    "duration": 2,
    "pid": 5986,
    "index": 31
  },
  {
    "name": "Require(27) node_modules/egg/app/extend/request.js",
    "start": 1591267492065,
    "end": 1591267492066,
    "duration": 1,
    "pid": 5986,
    "index": 32
  },
  {
    "name": "Load extend/response.js",
    "start": 1591267492067,
    "end": 1591267492071,
    "duration": 4,
    "pid": 5986,
    "index": 33
  },
  {
    "name": "Require(28) node_modules/egg/app/extend/response.js",
    "start": 1591267492068,
    "end": 1591267492071,
    "duration": 3,
    "pid": 5986,
    "index": 34
  },
  {
    "name": "Load extend/context.js",
    "start": 1591267492071,
    "end": 1591267492116,
    "duration": 45,
    "pid": 5986,
    "index": 35
  },
  {
    "name": "Require(29) node_modules/egg-security/app/extend/context.js",
    "start": 1591267492071,
    "end": 1591267492077,
    "duration": 6,
    "pid": 5986,
    "index": 36
  },
  {
    "name": "Require(30) node_modules/egg-jsonp/app/extend/context.js",
    "start": 1591267492077,
    "end": 1591267492078,
    "duration": 1,
    "pid": 5986,
    "index": 37
  },
  {
    "name": "Require(31) node_modules/egg-i18n/app/extend/context.js",
    "start": 1591267492079,
    "end": 1591267492079,
    "duration": 0,
    "pid": 5986,
    "index": 38
  },
  {
    "name": "Require(32) node_modules/egg-multipart/app/extend/context.js",
    "start": 1591267492079,
    "end": 1591267492113,
    "duration": 34,
    "pid": 5986,
    "index": 39
  },
  {
    "name": "Require(33) node_modules/egg-view/app/extend/context.js",
    "start": 1591267492113,
    "end": 1591267492114,
    "duration": 1,
    "pid": 5986,
    "index": 40
  },
  {
    "name": "Require(34) node_modules/egg/app/extend/context.js",
    "start": 1591267492114,
    "end": 1591267492115,
    "duration": 1,
    "pid": 5986,
    "index": 41
  },
  {
    "name": "Load extend/helper.js",
    "start": 1591267492116,
    "end": 1591267492129,
    "duration": 13,
    "pid": 5986,
    "index": 42
  },
  {
    "name": "Require(35) node_modules/egg-security/app/extend/helper.js",
    "start": 1591267492116,
    "end": 1591267492128,
    "duration": 12,
    "pid": 5986,
    "index": 43
  },
  {
    "name": "Require(36) node_modules/egg/app/extend/helper.js",
    "start": 1591267492128,
    "end": 1591267492128,
    "duration": 0,
    "pid": 5986,
    "index": 44
  },
  {
    "name": "Load app.js",
    "start": 1591267492129,
    "end": 1591267492166,
    "duration": 37,
    "pid": 5986,
    "index": 45
  },
  {
    "name": "Require(37) node_modules/egg-session/app.js",
    "start": 1591267492129,
    "end": 1591267492130,
    "duration": 1,
    "pid": 5986,
    "index": 46
  },
  {
    "name": "Require(38) node_modules/egg-security/app.js",
    "start": 1591267492130,
    "end": 1591267492131,
    "duration": 1,
    "pid": 5986,
    "index": 47
  },
  {
    "name": "Require(39) node_modules/egg-onerror/app.js",
    "start": 1591267492131,
    "end": 1591267492137,
    "duration": 6,
    "pid": 5986,
    "index": 48
  },
  {
    "name": "Require(40) node_modules/egg-i18n/app.js",
    "start": 1591267492137,
    "end": 1591267492147,
    "duration": 10,
    "pid": 5986,
    "index": 49
  },
  {
    "name": "Require(41) node_modules/egg-watcher/app.js",
    "start": 1591267492147,
    "end": 1591267492149,
    "duration": 2,
    "pid": 5986,
    "index": 50
  },
  {
    "name": "Require(42) node_modules/egg-schedule/app.js",
    "start": 1591267492149,
    "end": 1591267492150,
    "duration": 1,
    "pid": 5986,
    "index": 51
  },
  {
    "name": "Require(43) node_modules/egg-multipart/app.js",
    "start": 1591267492150,
    "end": 1591267492152,
    "duration": 2,
    "pid": 5986,
    "index": 52
  },
  {
    "name": "Require(44) node_modules/egg-development/app.js",
    "start": 1591267492153,
    "end": 1591267492153,
    "duration": 0,
    "pid": 5986,
    "index": 53
  },
  {
    "name": "Require(45) node_modules/egg-logrotator/app.js",
    "start": 1591267492153,
    "end": 1591267492153,
    "duration": 0,
    "pid": 5986,
    "index": 54
  },
  {
    "name": "Require(46) node_modules/egg-static/app.js",
    "start": 1591267492153,
    "end": 1591267492154,
    "duration": 1,
    "pid": 5986,
    "index": 55
  },
  {
    "name": "Require(47) node_modules/egg-view-ejs/app.js",
    "start": 1591267492154,
    "end": 1591267492154,
    "duration": 0,
    "pid": 5986,
    "index": 56
  },
  {
    "name": "Require(48) node_modules/egg-mysql/app.js",
    "start": 1591267492154,
    "end": 1591267492166,
    "duration": 12,
    "pid": 5986,
    "index": 57
  },
  {
    "name": "Before Start in node_modules/egg-watcher/lib/init.js:15:14",
    "start": 1591267492175,
    "end": 1591267492378,
    "duration": 203,
    "pid": 5986,
    "index": 58
  },
  {
    "name": "Before Start in node_modules/egg-mysql/lib/mysql.js:20:7",
    "start": 1591267492244,
    "end": 1591267492381,
    "duration": 137,
    "pid": 5986,
    "index": 59
  },
  {
    "name": "Load Service",
    "start": 1591267492244,
    "end": 1591267492299,
    "duration": 55,
    "pid": 5986,
    "index": 60
  },
  {
    "name": "Load \"service\" to Context",
    "start": 1591267492244,
    "end": 1591267492299,
    "duration": 55,
    "pid": 5986,
    "index": 61
  },
  {
    "name": "Load Middleware",
    "start": 1591267492300,
    "end": 1591267492349,
    "duration": 49,
    "pid": 5986,
    "index": 62
  },
  {
    "name": "Load \"middlewares\" to Application",
    "start": 1591267492300,
    "end": 1591267492344,
    "duration": 44,
    "pid": 5986,
    "index": 63
  },
  {
    "name": "Load Controller",
    "start": 1591267492349,
    "end": 1591267492357,
    "duration": 8,
    "pid": 5986,
    "index": 64
  },
  {
    "name": "Load \"controller\" to Application",
    "start": 1591267492349,
    "end": 1591267492356,
    "duration": 7,
    "pid": 5986,
    "index": 65
  },
  {
    "name": "Load Router",
    "start": 1591267492357,
    "end": 1591267492359,
    "duration": 2,
    "pid": 5986,
    "index": 66
  },
  {
    "name": "Require(49) app/router.js",
    "start": 1591267492357,
    "end": 1591267492357,
    "duration": 0,
    "pid": 5986,
    "index": 67
  },
  {
    "name": "Before Start in node_modules/egg-core/lib/egg.js:303:10",
    "start": 1591267492357,
    "end": 1591267492368,
    "duration": 11,
    "pid": 5986,
    "index": 68
  }
]