[
  {
    "name": "Application Start",
    "start": 1590736550510,
    "end": 1590736550954,
    "duration": 444,
    "pid": 6259,
    "index": 0
  },
  {
    "name": "Load Plugin",
    "start": 1590736550513,
    "end": 1590736550518,
    "duration": 5,
    "pid": 6259,
    "index": 1
  },
  {
    "name": "Load Config",
    "start": 1590736550518,
    "end": 1590736550528,
    "duration": 10,
    "pid": 6259,
    "index": 2
  },
  {
    "name": "Require(0) config/config.default.js",
    "start": 1590736550519,
    "end": 1590736550519,
    "duration": 0,
    "pid": 6259,
    "index": 3
  },
  {
    "name": "Require(1) node_modules/egg-session/config/config.default.js",
    "start": 1590736550520,
    "end": 1590736550520,
    "duration": 0,
    "pid": 6259,
    "index": 4
  },
  {
    "name": "Require(2) node_modules/egg-security/config/config.default.js",
    "start": 1590736550520,
    "end": 1590736550521,
    "duration": 1,
    "pid": 6259,
    "index": 5
  },
  {
    "name": "Require(3) node_modules/egg-jsonp/config/config.default.js",
    "start": 1590736550521,
    "end": 1590736550521,
    "duration": 0,
    "pid": 6259,
    "index": 6
  },
  {
    "name": "Require(4) node_modules/egg-onerror/config/config.default.js",
    "start": 1590736550521,
    "end": 1590736550522,
    "duration": 1,
    "pid": 6259,
    "index": 7
  },
  {
    "name": "Require(5) node_modules/egg-i18n/config/config.default.js",
    "start": 1590736550522,
    "end": 1590736550522,
    "duration": 0,
    "pid": 6259,
    "index": 8
  },
  {
    "name": "Require(6) node_modules/egg-watcher/config/config.default.js",
    "start": 1590736550522,
    "end": 1590736550522,
    "duration": 0,
    "pid": 6259,
    "index": 9
  },
  {
    "name": "Require(7) node_modules/egg-schedule/config/config.default.js",
    "start": 1590736550522,
    "end": 1590736550522,
    "duration": 0,
    "pid": 6259,
    "index": 10
  },
  {
    "name": "Require(8) node_modules/egg-multipart/config/config.default.js",
    "start": 1590736550523,
    "end": 1590736550523,
    "duration": 0,
    "pid": 6259,
    "index": 11
  },
  {
    "name": "Require(9) node_modules/egg-development/config/config.default.js",
    "start": 1590736550523,
    "end": 1590736550523,
    "duration": 0,
    "pid": 6259,
    "index": 12
  },
  {
    "name": "Require(10) node_modules/egg-logrotator/config/config.default.js",
    "start": 1590736550523,
    "end": 1590736550523,
    "duration": 0,
    "pid": 6259,
    "index": 13
  },
  {
    "name": "Require(11) node_modules/egg-static/config/config.default.js",
    "start": 1590736550524,
    "end": 1590736550524,
    "duration": 0,
    "pid": 6259,
    "index": 14
  },
  {
    "name": "Require(12) node_modules/egg-view/config/config.default.js",
    "start": 1590736550524,
    "end": 1590736550524,
    "duration": 0,
    "pid": 6259,
    "index": 15
  },
  {
    "name": "Require(13) node_modules/egg-view-ejs/config/config.default.js",
    "start": 1590736550524,
    "end": 1590736550524,
    "duration": 0,
    "pid": 6259,
    "index": 16
  },
  {
    "name": "Require(14) node_modules/egg-mysql/config/config.default.js",
    "start": 1590736550525,
    "end": 1590736550525,
    "duration": 0,
    "pid": 6259,
    "index": 17
  },
  {
    "name": "Require(15) node_modules/egg/config/config.default.js",
    "start": 1590736550525,
    "end": 1590736550525,
    "duration": 0,
    "pid": 6259,
    "index": 18
  },
  {
    "name": "Require(16) config/config.default.js",
    "start": 1590736550526,
    "end": 1590736550526,
    "duration": 0,
    "pid": 6259,
    "index": 19
  },
  {
    "name": "Require(17) node_modules/egg-security/config/config.local.js",
    "start": 1590736550526,
    "end": 1590736550526,
    "duration": 0,
    "pid": 6259,
    "index": 20
  },
  {
    "name": "Require(18) node_modules/egg-watcher/config/config.local.js",
    "start": 1590736550526,
    "end": 1590736550526,
    "duration": 0,
    "pid": 6259,
    "index": 21
  },
  {
    "name": "Require(19) node_modules/egg-view/config/config.local.js",
    "start": 1590736550527,
    "end": 1590736550527,
    "duration": 0,
    "pid": 6259,
    "index": 22
  },
  {
    "name": "Require(20) node_modules/egg-view-ejs/config/config.local.js",
    "start": 1590736550527,
    "end": 1590736550527,
    "duration": 0,
    "pid": 6259,
    "index": 23
  },
  {
    "name": "Require(21) node_modules/egg/config/config.local.js",
    "start": 1590736550527,
    "end": 1590736550527,
    "duration": 0,
    "pid": 6259,
    "index": 24
  },
  {
    "name": "Load extend/application.js",
    "start": 1590736550529,
    "end": 1590736550535,
    "duration": 6,
    "pid": 6259,
    "index": 25
  },
  {
    "name": "Require(22) node_modules/egg-session/app/extend/application.js",
    "start": 1590736550529,
    "end": 1590736550531,
    "duration": 2,
    "pid": 6259,
    "index": 26
  },
  {
    "name": "Require(23) node_modules/egg-security/app/extend/application.js",
    "start": 1590736550531,
    "end": 1590736550532,
    "duration": 1,
    "pid": 6259,
    "index": 27
  },
  {
    "name": "Require(24) node_modules/egg-jsonp/app/extend/application.js",
    "start": 1590736550532,
    "end": 1590736550533,
    "duration": 1,
    "pid": 6259,
    "index": 28
  },
  {
    "name": "Require(25) node_modules/egg-logrotator/app/extend/application.js",
    "start": 1590736550533,
    "end": 1590736550534,
    "duration": 1,
    "pid": 6259,
    "index": 29
  },
  {
    "name": "Require(26) node_modules/egg-view/app/extend/application.js",
    "start": 1590736550534,
    "end": 1590736550535,
    "duration": 1,
    "pid": 6259,
    "index": 30
  },
  {
    "name": "Load extend/request.js",
    "start": 1590736550535,
    "end": 1590736550537,
    "duration": 2,
    "pid": 6259,
    "index": 31
  },
  {
    "name": "Require(27) node_modules/egg/app/extend/request.js",
    "start": 1590736550536,
    "end": 1590736550536,
    "duration": 0,
    "pid": 6259,
    "index": 32
  },
  {
    "name": "Load extend/response.js",
    "start": 1590736550537,
    "end": 1590736550542,
    "duration": 5,
    "pid": 6259,
    "index": 33
  },
  {
    "name": "Require(28) node_modules/egg/app/extend/response.js",
    "start": 1590736550538,
    "end": 1590736550539,
    "duration": 1,
    "pid": 6259,
    "index": 34
  },
  {
    "name": "Load extend/context.js",
    "start": 1590736550542,
    "end": 1590736550583,
    "duration": 41,
    "pid": 6259,
    "index": 35
  },
  {
    "name": "Require(29) node_modules/egg-security/app/extend/context.js",
    "start": 1590736550542,
    "end": 1590736550546,
    "duration": 4,
    "pid": 6259,
    "index": 36
  },
  {
    "name": "Require(30) node_modules/egg-jsonp/app/extend/context.js",
    "start": 1590736550547,
    "end": 1590736550547,
    "duration": 0,
    "pid": 6259,
    "index": 37
  },
  {
    "name": "Require(31) node_modules/egg-i18n/app/extend/context.js",
    "start": 1590736550548,
    "end": 1590736550548,
    "duration": 0,
    "pid": 6259,
    "index": 38
  },
  {
    "name": "Require(32) node_modules/egg-multipart/app/extend/context.js",
    "start": 1590736550548,
    "end": 1590736550580,
    "duration": 32,
    "pid": 6259,
    "index": 39
  },
  {
    "name": "Require(33) node_modules/egg-view/app/extend/context.js",
    "start": 1590736550581,
    "end": 1590736550581,
    "duration": 0,
    "pid": 6259,
    "index": 40
  },
  {
    "name": "Require(34) node_modules/egg/app/extend/context.js",
    "start": 1590736550582,
    "end": 1590736550582,
    "duration": 0,
    "pid": 6259,
    "index": 41
  },
  {
    "name": "Load extend/helper.js",
    "start": 1590736550583,
    "end": 1590736550604,
    "duration": 21,
    "pid": 6259,
    "index": 42
  },
  {
    "name": "Require(35) node_modules/egg-security/app/extend/helper.js",
    "start": 1590736550583,
    "end": 1590736550602,
    "duration": 19,
    "pid": 6259,
    "index": 43
  },
  {
    "name": "Require(36) node_modules/egg/app/extend/helper.js",
    "start": 1590736550603,
    "end": 1590736550603,
    "duration": 0,
    "pid": 6259,
    "index": 44
  },
  {
    "name": "Load app.js",
    "start": 1590736550604,
    "end": 1590736550640,
    "duration": 36,
    "pid": 6259,
    "index": 45
  },
  {
    "name": "Require(37) node_modules/egg-session/app.js",
    "start": 1590736550604,
    "end": 1590736550604,
    "duration": 0,
    "pid": 6259,
    "index": 46
  },
  {
    "name": "Require(38) node_modules/egg-security/app.js",
    "start": 1590736550605,
    "end": 1590736550606,
    "duration": 1,
    "pid": 6259,
    "index": 47
  },
  {
    "name": "Require(39) node_modules/egg-onerror/app.js",
    "start": 1590736550606,
    "end": 1590736550615,
    "duration": 9,
    "pid": 6259,
    "index": 48
  },
  {
    "name": "Require(40) node_modules/egg-i18n/app.js",
    "start": 1590736550615,
    "end": 1590736550626,
    "duration": 11,
    "pid": 6259,
    "index": 49
  },
  {
    "name": "Require(41) node_modules/egg-watcher/app.js",
    "start": 1590736550627,
    "end": 1590736550628,
    "duration": 1,
    "pid": 6259,
    "index": 50
  },
  {
    "name": "Require(42) node_modules/egg-schedule/app.js",
    "start": 1590736550628,
    "end": 1590736550629,
    "duration": 1,
    "pid": 6259,
    "index": 51
  },
  {
    "name": "Require(43) node_modules/egg-multipart/app.js",
    "start": 1590736550629,
    "end": 1590736550632,
    "duration": 3,
    "pid": 6259,
    "index": 52
  },
  {
    "name": "Require(44) node_modules/egg-development/app.js",
    "start": 1590736550632,
    "end": 1590736550632,
    "duration": 0,
    "pid": 6259,
    "index": 53
  },
  {
    "name": "Require(45) node_modules/egg-logrotator/app.js",
    "start": 1590736550632,
    "end": 1590736550633,
    "duration": 1,
    "pid": 6259,
    "index": 54
  },
  {
    "name": "Require(46) node_modules/egg-static/app.js",
    "start": 1590736550633,
    "end": 1590736550633,
    "duration": 0,
    "pid": 6259,
    "index": 55
  },
  {
    "name": "Require(47) node_modules/egg-view-ejs/app.js",
    "start": 1590736550633,
    "end": 1590736550634,
    "duration": 1,
    "pid": 6259,
    "index": 56
  },
  {
    "name": "Require(48) node_modules/egg-mysql/app.js",
    "start": 1590736550634,
    "end": 1590736550640,
    "duration": 6,
    "pid": 6259,
    "index": 57
  },
  {
    "name": "Before Start in node_modules/egg-watcher/lib/init.js:15:14",
    "start": 1590736550652,
    "end": 1590736550943,
    "duration": 291,
    "pid": 6259,
    "index": 58
  },
  {
    "name": "Before Start in node_modules/egg-mysql/lib/mysql.js:20:7",
    "start": 1590736550735,
    "end": 1590736550953,
    "duration": 218,
    "pid": 6259,
    "index": 59
  },
  {
    "name": "Load Service",
    "start": 1590736550735,
    "end": 1590736550805,
    "duration": 70,
    "pid": 6259,
    "index": 60
  },
  {
    "name": "Load \"service\" to Context",
    "start": 1590736550735,
    "end": 1590736550805,
    "duration": 70,
    "pid": 6259,
    "index": 61
  },
  {
    "name": "Load Middleware",
    "start": 1590736550805,
    "end": 1590736550875,
    "duration": 70,
    "pid": 6259,
    "index": 62
  },
  {
    "name": "Load \"middlewares\" to Application",
    "start": 1590736550806,
    "end": 1590736550865,
    "duration": 59,
    "pid": 6259,
    "index": 63
  },
  {
    "name": "Load Controller",
    "start": 1590736550875,
    "end": 1590736550884,
    "duration": 9,
    "pid": 6259,
    "index": 64
  },
  {
    "name": "Load \"controller\" to Application",
    "start": 1590736550875,
    "end": 1590736550884,
    "duration": 9,
    "pid": 6259,
    "index": 65
  },
  {
    "name": "Load Router",
    "start": 1590736550884,
    "end": 1590736550887,
    "duration": 3,
    "pid": 6259,
    "index": 66
  },
  {
    "name": "Require(49) app/router.js",
    "start": 1590736550884,
    "end": 1590736550884,
    "duration": 0,
    "pid": 6259,
    "index": 67
  },
  {
    "name": "Before Start in node_modules/egg-core/lib/egg.js:303:10",
    "start": 1590736550885,
    "end": 1590736550900,
    "duration": 15,
    "pid": 6259,
    "index": 68
  }
]