[
  {
    "name": "Application Start",
    "start": 1587901908997,
    "end": 1587901914070,
    "duration": 5073,
    "pid": 2576,
    "index": 0
  },
  {
    "name": "Load Plugin",
    "start": 1587901909002,
    "end": 1587901909037,
    "duration": 35,
    "pid": 2576,
    "index": 1
  },
  {
    "name": "Load Config",
    "start": 1587901909037,
    "end": 1587901909249,
    "duration": 212,
    "pid": 2576,
    "index": 2
  },
  {
    "name": "Require(0) config/config.default.js",
    "start": 1587901909038,
    "end": 1587901909050,
    "duration": 12,
    "pid": 2576,
    "index": 3
  },
  {
    "name": "Require(1) node_modules/egg-session/config/config.default.js",
    "start": 1587901909053,
    "end": 1587901909066,
    "duration": 13,
    "pid": 2576,
    "index": 4
  },
  {
    "name": "Require(2) node_modules/egg-security/config/config.default.js",
    "start": 1587901909067,
    "end": 1587901909076,
    "duration": 9,
    "pid": 2576,
    "index": 5
  },
  {
    "name": "Require(3) node_modules/egg-jsonp/config/config.default.js",
    "start": 1587901909077,
    "end": 1587901909089,
    "duration": 12,
    "pid": 2576,
    "index": 6
  },
  {
    "name": "Require(4) node_modules/egg-onerror/config/config.default.js",
    "start": 1587901909089,
    "end": 1587901909104,
    "duration": 15,
    "pid": 2576,
    "index": 7
  },
  {
    "name": "Require(5) node_modules/egg-i18n/config/config.default.js",
    "start": 1587901909104,
    "end": 1587901909119,
    "duration": 15,
    "pid": 2576,
    "index": 8
  },
  {
    "name": "Require(6) node_modules/egg-watcher/config/config.default.js",
    "start": 1587901909120,
    "end": 1587901909128,
    "duration": 8,
    "pid": 2576,
    "index": 9
  },
  {
    "name": "Require(7) node_modules/egg-schedule/config/config.default.js",
    "start": 1587901909128,
    "end": 1587901909132,
    "duration": 4,
    "pid": 2576,
    "index": 10
  },
  {
    "name": "Require(8) node_modules/egg-multipart/config/config.default.js",
    "start": 1587901909133,
    "end": 1587901909144,
    "duration": 11,
    "pid": 2576,
    "index": 11
  },
  {
    "name": "Require(9) node_modules/egg-development/config/config.default.js",
    "start": 1587901909145,
    "end": 1587901909152,
    "duration": 7,
    "pid": 2576,
    "index": 12
  },
  {
    "name": "Require(10) node_modules/egg-logrotator/config/config.default.js",
    "start": 1587901909153,
    "end": 1587901909162,
    "duration": 9,
    "pid": 2576,
    "index": 13
  },
  {
    "name": "Require(11) node_modules/egg-static/config/config.default.js",
    "start": 1587901909162,
    "end": 1587901909169,
    "duration": 7,
    "pid": 2576,
    "index": 14
  },
  {
    "name": "Require(12) node_modules/egg-view/config/config.default.js",
    "start": 1587901909169,
    "end": 1587901909182,
    "duration": 13,
    "pid": 2576,
    "index": 15
  },
  {
    "name": "Require(13) node_modules/egg-view-ejs/config/config.default.js",
    "start": 1587901909183,
    "end": 1587901909194,
    "duration": 11,
    "pid": 2576,
    "index": 16
  },
  {
    "name": "Require(14) node_modules/egg-mysql/config/config.default.js",
    "start": 1587901909195,
    "end": 1587901909209,
    "duration": 14,
    "pid": 2576,
    "index": 17
  },
  {
    "name": "Require(15) node_modules/egg/config/config.default.js",
    "start": 1587901909210,
    "end": 1587901909221,
    "duration": 11,
    "pid": 2576,
    "index": 18
  },
  {
    "name": "Require(16) config/config.default.js",
    "start": 1587901909229,
    "end": 1587901909229,
    "duration": 0,
    "pid": 2576,
    "index": 19
  },
  {
    "name": "Require(17) node_modules/egg-security/config/config.local.js",
    "start": 1587901909230,
    "end": 1587901909237,
    "duration": 7,
    "pid": 2576,
    "index": 20
  },
  {
    "name": "Require(18) node_modules/egg-watcher/config/config.local.js",
    "start": 1587901909238,
    "end": 1587901909242,
    "duration": 4,
    "pid": 2576,
    "index": 21
  },
  {
    "name": "Require(19) node_modules/egg-view/config/config.local.js",
    "start": 1587901909243,
    "end": 1587901909244,
    "duration": 1,
    "pid": 2576,
    "index": 22
  },
  {
    "name": "Require(20) node_modules/egg-view-ejs/config/config.local.js",
    "start": 1587901909244,
    "end": 1587901909245,
    "duration": 1,
    "pid": 2576,
    "index": 23
  },
  {
    "name": "Require(21) node_modules/egg/config/config.local.js",
    "start": 1587901909245,
    "end": 1587901909249,
    "duration": 4,
    "pid": 2576,
    "index": 24
  },
  {
    "name": "Load extend/application.js",
    "start": 1587901909251,
    "end": 1587901909398,
    "duration": 147,
    "pid": 2576,
    "index": 25
  },
  {
    "name": "Require(22) node_modules/egg-session/app/extend/application.js",
    "start": 1587901909252,
    "end": 1587901909260,
    "duration": 8,
    "pid": 2576,
    "index": 26
  },
  {
    "name": "Require(23) node_modules/egg-security/app/extend/application.js",
    "start": 1587901909260,
    "end": 1587901909283,
    "duration": 23,
    "pid": 2576,
    "index": 27
  },
  {
    "name": "Require(24) node_modules/egg-jsonp/app/extend/application.js",
    "start": 1587901909302,
    "end": 1587901909315,
    "duration": 13,
    "pid": 2576,
    "index": 28
  },
  {
    "name": "Require(25) node_modules/egg-logrotator/app/extend/application.js",
    "start": 1587901909338,
    "end": 1587901909359,
    "duration": 21,
    "pid": 2576,
    "index": 29
  },
  {
    "name": "Require(26) node_modules/egg-view/app/extend/application.js",
    "start": 1587901909360,
    "end": 1587901909395,
    "duration": 35,
    "pid": 2576,
    "index": 30
  },
  {
    "name": "Load extend/request.js",
    "start": 1587901909398,
    "end": 1587901909412,
    "duration": 14,
    "pid": 2576,
    "index": 31
  },
  {
    "name": "Require(27) node_modules/egg/app/extend/request.js",
    "start": 1587901909400,
    "end": 1587901909410,
    "duration": 10,
    "pid": 2576,
    "index": 32
  },
  {
    "name": "Load extend/response.js",
    "start": 1587901909412,
    "end": 1587901909466,
    "duration": 54,
    "pid": 2576,
    "index": 33
  },
  {
    "name": "Require(28) node_modules/egg/app/extend/response.js",
    "start": 1587901909415,
    "end": 1587901909464,
    "duration": 49,
    "pid": 2576,
    "index": 34
  },
  {
    "name": "Load extend/context.js",
    "start": 1587901909466,
    "end": 1587901909554,
    "duration": 88,
    "pid": 2576,
    "index": 35
  },
  {
    "name": "Require(29) node_modules/egg-security/app/extend/context.js",
    "start": 1587901909467,
    "end": 1587901909474,
    "duration": 7,
    "pid": 2576,
    "index": 36
  },
  {
    "name": "Require(30) node_modules/egg-jsonp/app/extend/context.js",
    "start": 1587901909474,
    "end": 1587901909475,
    "duration": 1,
    "pid": 2576,
    "index": 37
  },
  {
    "name": "Require(31) node_modules/egg-i18n/app/extend/context.js",
    "start": 1587901909475,
    "end": 1587901909476,
    "duration": 1,
    "pid": 2576,
    "index": 38
  },
  {
    "name": "Require(32) node_modules/egg-multipart/app/extend/context.js",
    "start": 1587901909476,
    "end": 1587901909550,
    "duration": 74,
    "pid": 2576,
    "index": 39
  },
  {
    "name": "Require(33) node_modules/egg-view/app/extend/context.js",
    "start": 1587901909551,
    "end": 1587901909552,
    "duration": 1,
    "pid": 2576,
    "index": 40
  },
  {
    "name": "Require(34) node_modules/egg/app/extend/context.js",
    "start": 1587901909552,
    "end": 1587901909553,
    "duration": 1,
    "pid": 2576,
    "index": 41
  },
  {
    "name": "Load extend/helper.js",
    "start": 1587901909554,
    "end": 1587901909959,
    "duration": 405,
    "pid": 2576,
    "index": 42
  },
  {
    "name": "Require(35) node_modules/egg-security/app/extend/helper.js",
    "start": 1587901909555,
    "end": 1587901909949,
    "duration": 394,
    "pid": 2576,
    "index": 43
  },
  {
    "name": "Require(36) node_modules/egg/app/extend/helper.js",
    "start": 1587901909951,
    "end": 1587901909957,
    "duration": 6,
    "pid": 2576,
    "index": 44
  },
  {
    "name": "Load app.js",
    "start": 1587901909960,
    "end": 1587901911716,
    "duration": 1756,
    "pid": 2576,
    "index": 45
  },
  {
    "name": "Require(37) node_modules/egg-session/app.js",
    "start": 1587901909960,
    "end": 1587901909961,
    "duration": 1,
    "pid": 2576,
    "index": 46
  },
  {
    "name": "Require(38) node_modules/egg-security/app.js",
    "start": 1587901909961,
    "end": 1587901909980,
    "duration": 19,
    "pid": 2576,
    "index": 47
  },
  {
    "name": "Require(39) node_modules/egg-onerror/app.js",
    "start": 1587901909981,
    "end": 1587901910204,
    "duration": 223,
    "pid": 2576,
    "index": 48
  },
  {
    "name": "Require(40) node_modules/egg-i18n/app.js",
    "start": 1587901910205,
    "end": 1587901911113,
    "duration": 908,
    "pid": 2576,
    "index": 49
  },
  {
    "name": "Require(41) node_modules/egg-watcher/app.js",
    "start": 1587901911113,
    "end": 1587901911162,
    "duration": 49,
    "pid": 2576,
    "index": 50
  },
  {
    "name": "Require(42) node_modules/egg-schedule/app.js",
    "start": 1587901911163,
    "end": 1587901911202,
    "duration": 39,
    "pid": 2576,
    "index": 51
  },
  {
    "name": "Require(43) node_modules/egg-multipart/app.js",
    "start": 1587901911203,
    "end": 1587901911276,
    "duration": 73,
    "pid": 2576,
    "index": 52
  },
  {
    "name": "Require(44) node_modules/egg-development/app.js",
    "start": 1587901911276,
    "end": 1587901911285,
    "duration": 9,
    "pid": 2576,
    "index": 53
  },
  {
    "name": "Require(45) node_modules/egg-logrotator/app.js",
    "start": 1587901911285,
    "end": 1587901911300,
    "duration": 15,
    "pid": 2576,
    "index": 54
  },
  {
    "name": "Require(46) node_modules/egg-static/app.js",
    "start": 1587901911300,
    "end": 1587901911306,
    "duration": 6,
    "pid": 2576,
    "index": 55
  },
  {
    "name": "Require(47) node_modules/egg-view-ejs/app.js",
    "start": 1587901911306,
    "end": 1587901911335,
    "duration": 29,
    "pid": 2576,
    "index": 56
  },
  {
    "name": "Require(48) node_modules/egg-mysql/app.js",
    "start": 1587901911335,
    "end": 1587901911716,
    "duration": 381,
    "pid": 2576,
    "index": 57
  },
  {
    "name": "Before Start in node_modules/egg-watcher/lib/init.js:15:14",
    "start": 1587901911733,
    "end": 1587901913965,
    "duration": 2232,
    "pid": 2576,
    "index": 58
  },
  {
    "name": "Before Start in node_modules/egg-mysql/lib/mysql.js:20:7",
    "start": 1587901912292,
    "end": 1587901914068,
    "duration": 1776,
    "pid": 2576,
    "index": 59
  },
  {
    "name": "Load Service",
    "start": 1587901912293,
    "end": 1587901912384,
    "duration": 91,
    "pid": 2576,
    "index": 60
  },
  {
    "name": "Load \"service\" to Context",
    "start": 1587901912293,
    "end": 1587901912384,
    "duration": 91,
    "pid": 2576,
    "index": 61
  },
  {
    "name": "Load Middleware",
    "start": 1587901912385,
    "end": 1587901913795,
    "duration": 1410,
    "pid": 2576,
    "index": 62
  },
  {
    "name": "Load \"middlewares\" to Application",
    "start": 1587901912385,
    "end": 1587901913713,
    "duration": 1328,
    "pid": 2576,
    "index": 63
  },
  {
    "name": "Load Controller",
    "start": 1587901913795,
    "end": 1587901913872,
    "duration": 77,
    "pid": 2576,
    "index": 64
  },
  {
    "name": "Load \"controller\" to Application",
    "start": 1587901913795,
    "end": 1587901913872,
    "duration": 77,
    "pid": 2576,
    "index": 65
  },
  {
    "name": "Load Router",
    "start": 1587901913872,
    "end": 1587901913889,
    "duration": 17,
    "pid": 2576,
    "index": 66
  },
  {
    "name": "Require(49) app/router.js",
    "start": 1587901913872,
    "end": 1587901913883,
    "duration": 11,
    "pid": 2576,
    "index": 67
  },
  {
    "name": "Before Start in node_modules/egg-core/lib/egg.js:303:10",
    "start": 1587901913884,
    "end": 1587901913942,
    "duration": 58,
    "pid": 2576,
    "index": 68
  }
]