[
  {
    "name": "Application Start",
    "start": 1590740805420,
    "end": 1590740805668,
    "duration": 248,
    "pid": 6898,
    "index": 0
  },
  {
    "name": "Load Plugin",
    "start": 1590740805424,
    "end": 1590740805429,
    "duration": 5,
    "pid": 6898,
    "index": 1
  },
  {
    "name": "Load Config",
    "start": 1590740805430,
    "end": 1590740805440,
    "duration": 10,
    "pid": 6898,
    "index": 2
  },
  {
    "name": "Require(0) config/config.default.js",
    "start": 1590740805430,
    "end": 1590740805431,
    "duration": 1,
    "pid": 6898,
    "index": 3
  },
  {
    "name": "Require(1) node_modules/egg-session/config/config.default.js",
    "start": 1590740805432,
    "end": 1590740805432,
    "duration": 0,
    "pid": 6898,
    "index": 4
  },
  {
    "name": "Require(2) node_modules/egg-security/config/config.default.js",
    "start": 1590740805432,
    "end": 1590740805432,
    "duration": 0,
    "pid": 6898,
    "index": 5
  },
  {
    "name": "Require(3) node_modules/egg-jsonp/config/config.default.js",
    "start": 1590740805433,
    "end": 1590740805433,
    "duration": 0,
    "pid": 6898,
    "index": 6
  },
  {
    "name": "Require(4) node_modules/egg-onerror/config/config.default.js",
    "start": 1590740805433,
    "end": 1590740805433,
    "duration": 0,
    "pid": 6898,
    "index": 7
  },
  {
    "name": "Require(5) node_modules/egg-i18n/config/config.default.js",
    "start": 1590740805433,
    "end": 1590740805434,
    "duration": 1,
    "pid": 6898,
    "index": 8
  },
  {
    "name": "Require(6) node_modules/egg-watcher/config/config.default.js",
    "start": 1590740805434,
    "end": 1590740805434,
    "duration": 0,
    "pid": 6898,
    "index": 9
  },
  {
    "name": "Require(7) node_modules/egg-schedule/config/config.default.js",
    "start": 1590740805434,
    "end": 1590740805434,
    "duration": 0,
    "pid": 6898,
    "index": 10
  },
  {
    "name": "Require(8) node_modules/egg-multipart/config/config.default.js",
    "start": 1590740805435,
    "end": 1590740805435,
    "duration": 0,
    "pid": 6898,
    "index": 11
  },
  {
    "name": "Require(9) node_modules/egg-development/config/config.default.js",
    "start": 1590740805435,
    "end": 1590740805435,
    "duration": 0,
    "pid": 6898,
    "index": 12
  },
  {
    "name": "Require(10) node_modules/egg-logrotator/config/config.default.js",
    "start": 1590740805435,
    "end": 1590740805435,
    "duration": 0,
    "pid": 6898,
    "index": 13
  },
  {
    "name": "Require(11) node_modules/egg-static/config/config.default.js",
    "start": 1590740805436,
    "end": 1590740805436,
    "duration": 0,
    "pid": 6898,
    "index": 14
  },
  {
    "name": "Require(12) node_modules/egg-view/config/config.default.js",
    "start": 1590740805436,
    "end": 1590740805436,
    "duration": 0,
    "pid": 6898,
    "index": 15
  },
  {
    "name": "Require(13) node_modules/egg-view-ejs/config/config.default.js",
    "start": 1590740805436,
    "end": 1590740805436,
    "duration": 0,
    "pid": 6898,
    "index": 16
  },
  {
    "name": "Require(14) node_modules/egg-mysql/config/config.default.js",
    "start": 1590740805437,
    "end": 1590740805437,
    "duration": 0,
    "pid": 6898,
    "index": 17
  },
  {
    "name": "Require(15) node_modules/egg/config/config.default.js",
    "start": 1590740805437,
    "end": 1590740805437,
    "duration": 0,
    "pid": 6898,
    "index": 18
  },
  {
    "name": "Require(16) config/config.default.js",
    "start": 1590740805438,
    "end": 1590740805438,
    "duration": 0,
    "pid": 6898,
    "index": 19
  },
  {
    "name": "Require(17) node_modules/egg-security/config/config.local.js",
    "start": 1590740805438,
    "end": 1590740805438,
    "duration": 0,
    "pid": 6898,
    "index": 20
  },
  {
    "name": "Require(18) node_modules/egg-watcher/config/config.local.js",
    "start": 1590740805438,
    "end": 1590740805439,
    "duration": 1,
    "pid": 6898,
    "index": 21
  },
  {
    "name": "Require(19) node_modules/egg-view/config/config.local.js",
    "start": 1590740805439,
    "end": 1590740805439,
    "duration": 0,
    "pid": 6898,
    "index": 22
  },
  {
    "name": "Require(20) node_modules/egg-view-ejs/config/config.local.js",
    "start": 1590740805439,
    "end": 1590740805439,
    "duration": 0,
    "pid": 6898,
    "index": 23
  },
  {
    "name": "Require(21) node_modules/egg/config/config.local.js",
    "start": 1590740805439,
    "end": 1590740805439,
    "duration": 0,
    "pid": 6898,
    "index": 24
  },
  {
    "name": "Load extend/application.js",
    "start": 1590740805441,
    "end": 1590740805445,
    "duration": 4,
    "pid": 6898,
    "index": 25
  },
  {
    "name": "Require(22) node_modules/egg-session/app/extend/application.js",
    "start": 1590740805441,
    "end": 1590740805442,
    "duration": 1,
    "pid": 6898,
    "index": 26
  },
  {
    "name": "Require(23) node_modules/egg-security/app/extend/application.js",
    "start": 1590740805442,
    "end": 1590740805442,
    "duration": 0,
    "pid": 6898,
    "index": 27
  },
  {
    "name": "Require(24) node_modules/egg-jsonp/app/extend/application.js",
    "start": 1590740805442,
    "end": 1590740805443,
    "duration": 1,
    "pid": 6898,
    "index": 28
  },
  {
    "name": "Require(25) node_modules/egg-logrotator/app/extend/application.js",
    "start": 1590740805443,
    "end": 1590740805444,
    "duration": 1,
    "pid": 6898,
    "index": 29
  },
  {
    "name": "Require(26) node_modules/egg-view/app/extend/application.js",
    "start": 1590740805444,
    "end": 1590740805444,
    "duration": 0,
    "pid": 6898,
    "index": 30
  },
  {
    "name": "Load extend/request.js",
    "start": 1590740805445,
    "end": 1590740805446,
    "duration": 1,
    "pid": 6898,
    "index": 31
  },
  {
    "name": "Require(27) node_modules/egg/app/extend/request.js",
    "start": 1590740805445,
    "end": 1590740805446,
    "duration": 1,
    "pid": 6898,
    "index": 32
  },
  {
    "name": "Load extend/response.js",
    "start": 1590740805446,
    "end": 1590740805448,
    "duration": 2,
    "pid": 6898,
    "index": 33
  },
  {
    "name": "Require(28) node_modules/egg/app/extend/response.js",
    "start": 1590740805447,
    "end": 1590740805448,
    "duration": 1,
    "pid": 6898,
    "index": 34
  },
  {
    "name": "Load extend/context.js",
    "start": 1590740805448,
    "end": 1590740805487,
    "duration": 39,
    "pid": 6898,
    "index": 35
  },
  {
    "name": "Require(29) node_modules/egg-security/app/extend/context.js",
    "start": 1590740805452,
    "end": 1590740805456,
    "duration": 4,
    "pid": 6898,
    "index": 36
  },
  {
    "name": "Require(30) node_modules/egg-jsonp/app/extend/context.js",
    "start": 1590740805456,
    "end": 1590740805457,
    "duration": 1,
    "pid": 6898,
    "index": 37
  },
  {
    "name": "Require(31) node_modules/egg-i18n/app/extend/context.js",
    "start": 1590740805457,
    "end": 1590740805457,
    "duration": 0,
    "pid": 6898,
    "index": 38
  },
  {
    "name": "Require(32) node_modules/egg-multipart/app/extend/context.js",
    "start": 1590740805458,
    "end": 1590740805484,
    "duration": 26,
    "pid": 6898,
    "index": 39
  },
  {
    "name": "Require(33) node_modules/egg-view/app/extend/context.js",
    "start": 1590740805485,
    "end": 1590740805486,
    "duration": 1,
    "pid": 6898,
    "index": 40
  },
  {
    "name": "Require(34) node_modules/egg/app/extend/context.js",
    "start": 1590740805486,
    "end": 1590740805486,
    "duration": 0,
    "pid": 6898,
    "index": 41
  },
  {
    "name": "Load extend/helper.js",
    "start": 1590740805487,
    "end": 1590740805494,
    "duration": 7,
    "pid": 6898,
    "index": 42
  },
  {
    "name": "Require(35) node_modules/egg-security/app/extend/helper.js",
    "start": 1590740805487,
    "end": 1590740805493,
    "duration": 6,
    "pid": 6898,
    "index": 43
  },
  {
    "name": "Require(36) node_modules/egg/app/extend/helper.js",
    "start": 1590740805493,
    "end": 1590740805494,
    "duration": 1,
    "pid": 6898,
    "index": 44
  },
  {
    "name": "Load app.js",
    "start": 1590740805494,
    "end": 1590740805521,
    "duration": 27,
    "pid": 6898,
    "index": 45
  },
  {
    "name": "Require(37) node_modules/egg-session/app.js",
    "start": 1590740805495,
    "end": 1590740805495,
    "duration": 0,
    "pid": 6898,
    "index": 46
  },
  {
    "name": "Require(38) node_modules/egg-security/app.js",
    "start": 1590740805495,
    "end": 1590740805497,
    "duration": 2,
    "pid": 6898,
    "index": 47
  },
  {
    "name": "Require(39) node_modules/egg-onerror/app.js",
    "start": 1590740805498,
    "end": 1590740805502,
    "duration": 4,
    "pid": 6898,
    "index": 48
  },
  {
    "name": "Require(40) node_modules/egg-i18n/app.js",
    "start": 1590740805502,
    "end": 1590740805509,
    "duration": 7,
    "pid": 6898,
    "index": 49
  },
  {
    "name": "Require(41) node_modules/egg-watcher/app.js",
    "start": 1590740805509,
    "end": 1590740805510,
    "duration": 1,
    "pid": 6898,
    "index": 50
  },
  {
    "name": "Require(42) node_modules/egg-schedule/app.js",
    "start": 1590740805510,
    "end": 1590740805511,
    "duration": 1,
    "pid": 6898,
    "index": 51
  },
  {
    "name": "Require(43) node_modules/egg-multipart/app.js",
    "start": 1590740805511,
    "end": 1590740805512,
    "duration": 1,
    "pid": 6898,
    "index": 52
  },
  {
    "name": "Require(44) node_modules/egg-development/app.js",
    "start": 1590740805512,
    "end": 1590740805512,
    "duration": 0,
    "pid": 6898,
    "index": 53
  },
  {
    "name": "Require(45) node_modules/egg-logrotator/app.js",
    "start": 1590740805512,
    "end": 1590740805512,
    "duration": 0,
    "pid": 6898,
    "index": 54
  },
  {
    "name": "Require(46) node_modules/egg-static/app.js",
    "start": 1590740805513,
    "end": 1590740805513,
    "duration": 0,
    "pid": 6898,
    "index": 55
  },
  {
    "name": "Require(47) node_modules/egg-view-ejs/app.js",
    "start": 1590740805513,
    "end": 1590740805513,
    "duration": 0,
    "pid": 6898,
    "index": 56
  },
  {
    "name": "Require(48) node_modules/egg-mysql/app.js",
    "start": 1590740805513,
    "end": 1590740805520,
    "duration": 7,
    "pid": 6898,
    "index": 57
  },
  {
    "name": "Before Start in node_modules/egg-watcher/lib/init.js:15:14",
    "start": 1590740805529,
    "end": 1590740805665,
    "duration": 136,
    "pid": 6898,
    "index": 58
  },
  {
    "name": "Before Start in node_modules/egg-mysql/lib/mysql.js:20:7",
    "start": 1590740805581,
    "end": 1590740805668,
    "duration": 87,
    "pid": 6898,
    "index": 59
  },
  {
    "name": "Load Service",
    "start": 1590740805581,
    "end": 1590740805612,
    "duration": 31,
    "pid": 6898,
    "index": 60
  },
  {
    "name": "Load \"service\" to Context",
    "start": 1590740805582,
    "end": 1590740805612,
    "duration": 30,
    "pid": 6898,
    "index": 61
  },
  {
    "name": "Load Middleware",
    "start": 1590740805612,
    "end": 1590740805640,
    "duration": 28,
    "pid": 6898,
    "index": 62
  },
  {
    "name": "Load \"middlewares\" to Application",
    "start": 1590740805612,
    "end": 1590740805636,
    "duration": 24,
    "pid": 6898,
    "index": 63
  },
  {
    "name": "Load Controller",
    "start": 1590740805640,
    "end": 1590740805644,
    "duration": 4,
    "pid": 6898,
    "index": 64
  },
  {
    "name": "Load \"controller\" to Application",
    "start": 1590740805640,
    "end": 1590740805644,
    "duration": 4,
    "pid": 6898,
    "index": 65
  },
  {
    "name": "Load Router",
    "start": 1590740805644,
    "end": 1590740805646,
    "duration": 2,
    "pid": 6898,
    "index": 66
  },
  {
    "name": "Require(49) app/router.js",
    "start": 1590740805644,
    "end": 1590740805645,
    "duration": 1,
    "pid": 6898,
    "index": 67
  },
  {
    "name": "Before Start in node_modules/egg-core/lib/egg.js:303:10",
    "start": 1590740805645,
    "end": 1590740805655,
    "duration": 10,
    "pid": 6898,
    "index": 68
  }
]