[
  {
    "name": "Application Start",
    "start": 1590740793974,
    "end": 1590740794219,
    "duration": 245,
    "pid": 6895,
    "index": 0
  },
  {
    "name": "Load Plugin",
    "start": 1590740793979,
    "end": 1590740793985,
    "duration": 6,
    "pid": 6895,
    "index": 1
  },
  {
    "name": "Load Config",
    "start": 1590740793985,
    "end": 1590740793995,
    "duration": 10,
    "pid": 6895,
    "index": 2
  },
  {
    "name": "Require(0) config/config.default.js",
    "start": 1590740793986,
    "end": 1590740793986,
    "duration": 0,
    "pid": 6895,
    "index": 3
  },
  {
    "name": "Require(1) node_modules/egg-session/config/config.default.js",
    "start": 1590740793987,
    "end": 1590740793987,
    "duration": 0,
    "pid": 6895,
    "index": 4
  },
  {
    "name": "Require(2) node_modules/egg-security/config/config.default.js",
    "start": 1590740793988,
    "end": 1590740793988,
    "duration": 0,
    "pid": 6895,
    "index": 5
  },
  {
    "name": "Require(3) node_modules/egg-jsonp/config/config.default.js",
    "start": 1590740793988,
    "end": 1590740793989,
    "duration": 1,
    "pid": 6895,
    "index": 6
  },
  {
    "name": "Require(4) node_modules/egg-onerror/config/config.default.js",
    "start": 1590740793989,
    "end": 1590740793989,
    "duration": 0,
    "pid": 6895,
    "index": 7
  },
  {
    "name": "Require(5) node_modules/egg-i18n/config/config.default.js",
    "start": 1590740793989,
    "end": 1590740793989,
    "duration": 0,
    "pid": 6895,
    "index": 8
  },
  {
    "name": "Require(6) node_modules/egg-watcher/config/config.default.js",
    "start": 1590740793990,
    "end": 1590740793990,
    "duration": 0,
    "pid": 6895,
    "index": 9
  },
  {
    "name": "Require(7) node_modules/egg-schedule/config/config.default.js",
    "start": 1590740793990,
    "end": 1590740793990,
    "duration": 0,
    "pid": 6895,
    "index": 10
  },
  {
    "name": "Require(8) node_modules/egg-multipart/config/config.default.js",
    "start": 1590740793990,
    "end": 1590740793991,
    "duration": 1,
    "pid": 6895,
    "index": 11
  },
  {
    "name": "Require(9) node_modules/egg-development/config/config.default.js",
    "start": 1590740793991,
    "end": 1590740793991,
    "duration": 0,
    "pid": 6895,
    "index": 12
  },
  {
    "name": "Require(10) node_modules/egg-logrotator/config/config.default.js",
    "start": 1590740793991,
    "end": 1590740793991,
    "duration": 0,
    "pid": 6895,
    "index": 13
  },
  {
    "name": "Require(11) node_modules/egg-static/config/config.default.js",
    "start": 1590740793991,
    "end": 1590740793992,
    "duration": 1,
    "pid": 6895,
    "index": 14
  },
  {
    "name": "Require(12) node_modules/egg-view/config/config.default.js",
    "start": 1590740793992,
    "end": 1590740793992,
    "duration": 0,
    "pid": 6895,
    "index": 15
  },
  {
    "name": "Require(13) node_modules/egg-view-ejs/config/config.default.js",
    "start": 1590740793992,
    "end": 1590740793992,
    "duration": 0,
    "pid": 6895,
    "index": 16
  },
  {
    "name": "Require(14) node_modules/egg-mysql/config/config.default.js",
    "start": 1590740793992,
    "end": 1590740793992,
    "duration": 0,
    "pid": 6895,
    "index": 17
  },
  {
    "name": "Require(15) node_modules/egg/config/config.default.js",
    "start": 1590740793993,
    "end": 1590740793993,
    "duration": 0,
    "pid": 6895,
    "index": 18
  },
  {
    "name": "Require(16) config/config.default.js",
    "start": 1590740793994,
    "end": 1590740793994,
    "duration": 0,
    "pid": 6895,
    "index": 19
  },
  {
    "name": "Require(17) node_modules/egg-security/config/config.local.js",
    "start": 1590740793994,
    "end": 1590740793994,
    "duration": 0,
    "pid": 6895,
    "index": 20
  },
  {
    "name": "Require(18) node_modules/egg-watcher/config/config.local.js",
    "start": 1590740793994,
    "end": 1590740793994,
    "duration": 0,
    "pid": 6895,
    "index": 21
  },
  {
    "name": "Require(19) node_modules/egg-view/config/config.local.js",
    "start": 1590740793995,
    "end": 1590740793995,
    "duration": 0,
    "pid": 6895,
    "index": 22
  },
  {
    "name": "Require(20) node_modules/egg-view-ejs/config/config.local.js",
    "start": 1590740793995,
    "end": 1590740793995,
    "duration": 0,
    "pid": 6895,
    "index": 23
  },
  {
    "name": "Require(21) node_modules/egg/config/config.local.js",
    "start": 1590740793995,
    "end": 1590740793995,
    "duration": 0,
    "pid": 6895,
    "index": 24
  },
  {
    "name": "Load extend/application.js",
    "start": 1590740793996,
    "end": 1590740794000,
    "duration": 4,
    "pid": 6895,
    "index": 25
  },
  {
    "name": "Require(22) node_modules/egg-session/app/extend/application.js",
    "start": 1590740793996,
    "end": 1590740793997,
    "duration": 1,
    "pid": 6895,
    "index": 26
  },
  {
    "name": "Require(23) node_modules/egg-security/app/extend/application.js",
    "start": 1590740793997,
    "end": 1590740793997,
    "duration": 0,
    "pid": 6895,
    "index": 27
  },
  {
    "name": "Require(24) node_modules/egg-jsonp/app/extend/application.js",
    "start": 1590740793997,
    "end": 1590740793998,
    "duration": 1,
    "pid": 6895,
    "index": 28
  },
  {
    "name": "Require(25) node_modules/egg-logrotator/app/extend/application.js",
    "start": 1590740793998,
    "end": 1590740793999,
    "duration": 1,
    "pid": 6895,
    "index": 29
  },
  {
    "name": "Require(26) node_modules/egg-view/app/extend/application.js",
    "start": 1590740793999,
    "end": 1590740793999,
    "duration": 0,
    "pid": 6895,
    "index": 30
  },
  {
    "name": "Load extend/request.js",
    "start": 1590740794000,
    "end": 1590740794001,
    "duration": 1,
    "pid": 6895,
    "index": 31
  },
  {
    "name": "Require(27) node_modules/egg/app/extend/request.js",
    "start": 1590740794000,
    "end": 1590740794001,
    "duration": 1,
    "pid": 6895,
    "index": 32
  },
  {
    "name": "Load extend/response.js",
    "start": 1590740794001,
    "end": 1590740794003,
    "duration": 2,
    "pid": 6895,
    "index": 33
  },
  {
    "name": "Require(28) node_modules/egg/app/extend/response.js",
    "start": 1590740794002,
    "end": 1590740794003,
    "duration": 1,
    "pid": 6895,
    "index": 34
  },
  {
    "name": "Load extend/context.js",
    "start": 1590740794003,
    "end": 1590740794039,
    "duration": 36,
    "pid": 6895,
    "index": 35
  },
  {
    "name": "Require(29) node_modules/egg-security/app/extend/context.js",
    "start": 1590740794005,
    "end": 1590740794008,
    "duration": 3,
    "pid": 6895,
    "index": 36
  },
  {
    "name": "Require(30) node_modules/egg-jsonp/app/extend/context.js",
    "start": 1590740794008,
    "end": 1590740794009,
    "duration": 1,
    "pid": 6895,
    "index": 37
  },
  {
    "name": "Require(31) node_modules/egg-i18n/app/extend/context.js",
    "start": 1590740794009,
    "end": 1590740794009,
    "duration": 0,
    "pid": 6895,
    "index": 38
  },
  {
    "name": "Require(32) node_modules/egg-multipart/app/extend/context.js",
    "start": 1590740794009,
    "end": 1590740794037,
    "duration": 28,
    "pid": 6895,
    "index": 39
  },
  {
    "name": "Require(33) node_modules/egg-view/app/extend/context.js",
    "start": 1590740794037,
    "end": 1590740794038,
    "duration": 1,
    "pid": 6895,
    "index": 40
  },
  {
    "name": "Require(34) node_modules/egg/app/extend/context.js",
    "start": 1590740794038,
    "end": 1590740794038,
    "duration": 0,
    "pid": 6895,
    "index": 41
  },
  {
    "name": "Load extend/helper.js",
    "start": 1590740794039,
    "end": 1590740794047,
    "duration": 8,
    "pid": 6895,
    "index": 42
  },
  {
    "name": "Require(35) node_modules/egg-security/app/extend/helper.js",
    "start": 1590740794039,
    "end": 1590740794046,
    "duration": 7,
    "pid": 6895,
    "index": 43
  },
  {
    "name": "Require(36) node_modules/egg/app/extend/helper.js",
    "start": 1590740794046,
    "end": 1590740794046,
    "duration": 0,
    "pid": 6895,
    "index": 44
  },
  {
    "name": "Load app.js",
    "start": 1590740794047,
    "end": 1590740794067,
    "duration": 20,
    "pid": 6895,
    "index": 45
  },
  {
    "name": "Require(37) node_modules/egg-session/app.js",
    "start": 1590740794047,
    "end": 1590740794047,
    "duration": 0,
    "pid": 6895,
    "index": 46
  },
  {
    "name": "Require(38) node_modules/egg-security/app.js",
    "start": 1590740794047,
    "end": 1590740794048,
    "duration": 1,
    "pid": 6895,
    "index": 47
  },
  {
    "name": "Require(39) node_modules/egg-onerror/app.js",
    "start": 1590740794048,
    "end": 1590740794051,
    "duration": 3,
    "pid": 6895,
    "index": 48
  },
  {
    "name": "Require(40) node_modules/egg-i18n/app.js",
    "start": 1590740794051,
    "end": 1590740794057,
    "duration": 6,
    "pid": 6895,
    "index": 49
  },
  {
    "name": "Require(41) node_modules/egg-watcher/app.js",
    "start": 1590740794057,
    "end": 1590740794058,
    "duration": 1,
    "pid": 6895,
    "index": 50
  },
  {
    "name": "Require(42) node_modules/egg-schedule/app.js",
    "start": 1590740794058,
    "end": 1590740794059,
    "duration": 1,
    "pid": 6895,
    "index": 51
  },
  {
    "name": "Require(43) node_modules/egg-multipart/app.js",
    "start": 1590740794059,
    "end": 1590740794060,
    "duration": 1,
    "pid": 6895,
    "index": 52
  },
  {
    "name": "Require(44) node_modules/egg-development/app.js",
    "start": 1590740794060,
    "end": 1590740794060,
    "duration": 0,
    "pid": 6895,
    "index": 53
  },
  {
    "name": "Require(45) node_modules/egg-logrotator/app.js",
    "start": 1590740794060,
    "end": 1590740794060,
    "duration": 0,
    "pid": 6895,
    "index": 54
  },
  {
    "name": "Require(46) node_modules/egg-static/app.js",
    "start": 1590740794060,
    "end": 1590740794060,
    "duration": 0,
    "pid": 6895,
    "index": 55
  },
  {
    "name": "Require(47) node_modules/egg-view-ejs/app.js",
    "start": 1590740794060,
    "end": 1590740794060,
    "duration": 0,
    "pid": 6895,
    "index": 56
  },
  {
    "name": "Require(48) node_modules/egg-mysql/app.js",
    "start": 1590740794060,
    "end": 1590740794066,
    "duration": 6,
    "pid": 6895,
    "index": 57
  },
  {
    "name": "Before Start in node_modules/egg-watcher/lib/init.js:15:14",
    "start": 1590740794075,
    "end": 1590740794216,
    "duration": 141,
    "pid": 6895,
    "index": 58
  },
  {
    "name": "Before Start in node_modules/egg-mysql/lib/mysql.js:20:7",
    "start": 1590740794124,
    "end": 1590740794218,
    "duration": 94,
    "pid": 6895,
    "index": 59
  },
  {
    "name": "Load Service",
    "start": 1590740794124,
    "end": 1590740794157,
    "duration": 33,
    "pid": 6895,
    "index": 60
  },
  {
    "name": "Load \"service\" to Context",
    "start": 1590740794125,
    "end": 1590740794157,
    "duration": 32,
    "pid": 6895,
    "index": 61
  },
  {
    "name": "Load Middleware",
    "start": 1590740794157,
    "end": 1590740794190,
    "duration": 33,
    "pid": 6895,
    "index": 62
  },
  {
    "name": "Load \"middlewares\" to Application",
    "start": 1590740794157,
    "end": 1590740794184,
    "duration": 27,
    "pid": 6895,
    "index": 63
  },
  {
    "name": "Load Controller",
    "start": 1590740794190,
    "end": 1590740794194,
    "duration": 4,
    "pid": 6895,
    "index": 64
  },
  {
    "name": "Load \"controller\" to Application",
    "start": 1590740794190,
    "end": 1590740794194,
    "duration": 4,
    "pid": 6895,
    "index": 65
  },
  {
    "name": "Load Router",
    "start": 1590740794195,
    "end": 1590740794197,
    "duration": 2,
    "pid": 6895,
    "index": 66
  },
  {
    "name": "Require(49) app/router.js",
    "start": 1590740794195,
    "end": 1590740794195,
    "duration": 0,
    "pid": 6895,
    "index": 67
  },
  {
    "name": "Before Start in node_modules/egg-core/lib/egg.js:303:10",
    "start": 1590740794195,
    "end": 1590740794206,
    "duration": 11,
    "pid": 6895,
    "index": 68
  }
]