[
  {
    "name": "Application Start",
    "start": 1591267512469,
    "end": 1591267512822,
    "duration": 353,
    "pid": 5992,
    "index": 0
  },
  {
    "name": "Load Plugin",
    "start": 1591267512472,
    "end": 1591267512482,
    "duration": 10,
    "pid": 5992,
    "index": 1
  },
  {
    "name": "Load Config",
    "start": 1591267512482,
    "end": 1591267512497,
    "duration": 15,
    "pid": 5992,
    "index": 2
  },
  {
    "name": "Require(0) config/config.default.js",
    "start": 1591267512483,
    "end": 1591267512483,
    "duration": 0,
    "pid": 5992,
    "index": 3
  },
  {
    "name": "Require(1) node_modules/egg-session/config/config.default.js",
    "start": 1591267512484,
    "end": 1591267512484,
    "duration": 0,
    "pid": 5992,
    "index": 4
  },
  {
    "name": "Require(2) node_modules/egg-security/config/config.default.js",
    "start": 1591267512485,
    "end": 1591267512485,
    "duration": 0,
    "pid": 5992,
    "index": 5
  },
  {
    "name": "Require(3) node_modules/egg-jsonp/config/config.default.js",
    "start": 1591267512486,
    "end": 1591267512486,
    "duration": 0,
    "pid": 5992,
    "index": 6
  },
  {
    "name": "Require(4) node_modules/egg-onerror/config/config.default.js",
    "start": 1591267512486,
    "end": 1591267512486,
    "duration": 0,
    "pid": 5992,
    "index": 7
  },
  {
    "name": "Require(5) node_modules/egg-i18n/config/config.default.js",
    "start": 1591267512487,
    "end": 1591267512487,
    "duration": 0,
    "pid": 5992,
    "index": 8
  },
  {
    "name": "Require(6) node_modules/egg-watcher/config/config.default.js",
    "start": 1591267512487,
    "end": 1591267512488,
    "duration": 1,
    "pid": 5992,
    "index": 9
  },
  {
    "name": "Require(7) node_modules/egg-schedule/config/config.default.js",
    "start": 1591267512488,
    "end": 1591267512488,
    "duration": 0,
    "pid": 5992,
    "index": 10
  },
  {
    "name": "Require(8) node_modules/egg-multipart/config/config.default.js",
    "start": 1591267512488,
    "end": 1591267512488,
    "duration": 0,
    "pid": 5992,
    "index": 11
  },
  {
    "name": "Require(9) node_modules/egg-development/config/config.default.js",
    "start": 1591267512489,
    "end": 1591267512489,
    "duration": 0,
    "pid": 5992,
    "index": 12
  },
  {
    "name": "Require(10) node_modules/egg-logrotator/config/config.default.js",
    "start": 1591267512490,
    "end": 1591267512490,
    "duration": 0,
    "pid": 5992,
    "index": 13
  },
  {
    "name": "Require(11) node_modules/egg-static/config/config.default.js",
    "start": 1591267512490,
    "end": 1591267512491,
    "duration": 1,
    "pid": 5992,
    "index": 14
  },
  {
    "name": "Require(12) node_modules/egg-view/config/config.default.js",
    "start": 1591267512491,
    "end": 1591267512491,
    "duration": 0,
    "pid": 5992,
    "index": 15
  },
  {
    "name": "Require(13) node_modules/egg-view-ejs/config/config.default.js",
    "start": 1591267512491,
    "end": 1591267512492,
    "duration": 1,
    "pid": 5992,
    "index": 16
  },
  {
    "name": "Require(14) node_modules/egg-mysql/config/config.default.js",
    "start": 1591267512492,
    "end": 1591267512492,
    "duration": 0,
    "pid": 5992,
    "index": 17
  },
  {
    "name": "Require(15) node_modules/egg/config/config.default.js",
    "start": 1591267512493,
    "end": 1591267512493,
    "duration": 0,
    "pid": 5992,
    "index": 18
  },
  {
    "name": "Require(16) config/config.default.js",
    "start": 1591267512494,
    "end": 1591267512494,
    "duration": 0,
    "pid": 5992,
    "index": 19
  },
  {
    "name": "Require(17) node_modules/egg-security/config/config.local.js",
    "start": 1591267512494,
    "end": 1591267512495,
    "duration": 1,
    "pid": 5992,
    "index": 20
  },
  {
    "name": "Require(18) node_modules/egg-watcher/config/config.local.js",
    "start": 1591267512495,
    "end": 1591267512495,
    "duration": 0,
    "pid": 5992,
    "index": 21
  },
  {
    "name": "Require(19) node_modules/egg-view/config/config.local.js",
    "start": 1591267512496,
    "end": 1591267512496,
    "duration": 0,
    "pid": 5992,
    "index": 22
  },
  {
    "name": "Require(20) node_modules/egg-view-ejs/config/config.local.js",
    "start": 1591267512496,
    "end": 1591267512496,
    "duration": 0,
    "pid": 5992,
    "index": 23
  },
  {
    "name": "Require(21) node_modules/egg/config/config.local.js",
    "start": 1591267512496,
    "end": 1591267512497,
    "duration": 1,
    "pid": 5992,
    "index": 24
  },
  {
    "name": "Load extend/application.js",
    "start": 1591267512498,
    "end": 1591267512504,
    "duration": 6,
    "pid": 5992,
    "index": 25
  },
  {
    "name": "Require(22) node_modules/egg-session/app/extend/application.js",
    "start": 1591267512498,
    "end": 1591267512499,
    "duration": 1,
    "pid": 5992,
    "index": 26
  },
  {
    "name": "Require(23) node_modules/egg-security/app/extend/application.js",
    "start": 1591267512499,
    "end": 1591267512500,
    "duration": 1,
    "pid": 5992,
    "index": 27
  },
  {
    "name": "Require(24) node_modules/egg-jsonp/app/extend/application.js",
    "start": 1591267512500,
    "end": 1591267512501,
    "duration": 1,
    "pid": 5992,
    "index": 28
  },
  {
    "name": "Require(25) node_modules/egg-logrotator/app/extend/application.js",
    "start": 1591267512501,
    "end": 1591267512502,
    "duration": 1,
    "pid": 5992,
    "index": 29
  },
  {
    "name": "Require(26) node_modules/egg-view/app/extend/application.js",
    "start": 1591267512502,
    "end": 1591267512503,
    "duration": 1,
    "pid": 5992,
    "index": 30
  },
  {
    "name": "Load extend/request.js",
    "start": 1591267512504,
    "end": 1591267512506,
    "duration": 2,
    "pid": 5992,
    "index": 31
  },
  {
    "name": "Require(27) node_modules/egg/app/extend/request.js",
    "start": 1591267512505,
    "end": 1591267512505,
    "duration": 0,
    "pid": 5992,
    "index": 32
  },
  {
    "name": "Load extend/response.js",
    "start": 1591267512506,
    "end": 1591267512509,
    "duration": 3,
    "pid": 5992,
    "index": 33
  },
  {
    "name": "Require(28) node_modules/egg/app/extend/response.js",
    "start": 1591267512507,
    "end": 1591267512508,
    "duration": 1,
    "pid": 5992,
    "index": 34
  },
  {
    "name": "Load extend/context.js",
    "start": 1591267512509,
    "end": 1591267512554,
    "duration": 45,
    "pid": 5992,
    "index": 35
  },
  {
    "name": "Require(29) node_modules/egg-security/app/extend/context.js",
    "start": 1591267512509,
    "end": 1591267512516,
    "duration": 7,
    "pid": 5992,
    "index": 36
  },
  {
    "name": "Require(30) node_modules/egg-jsonp/app/extend/context.js",
    "start": 1591267512516,
    "end": 1591267512517,
    "duration": 1,
    "pid": 5992,
    "index": 37
  },
  {
    "name": "Require(31) node_modules/egg-i18n/app/extend/context.js",
    "start": 1591267512518,
    "end": 1591267512518,
    "duration": 0,
    "pid": 5992,
    "index": 38
  },
  {
    "name": "Require(32) node_modules/egg-multipart/app/extend/context.js",
    "start": 1591267512518,
    "end": 1591267512551,
    "duration": 33,
    "pid": 5992,
    "index": 39
  },
  {
    "name": "Require(33) node_modules/egg-view/app/extend/context.js",
    "start": 1591267512551,
    "end": 1591267512552,
    "duration": 1,
    "pid": 5992,
    "index": 40
  },
  {
    "name": "Require(34) node_modules/egg/app/extend/context.js",
    "start": 1591267512552,
    "end": 1591267512553,
    "duration": 1,
    "pid": 5992,
    "index": 41
  },
  {
    "name": "Load extend/helper.js",
    "start": 1591267512554,
    "end": 1591267512568,
    "duration": 14,
    "pid": 5992,
    "index": 42
  },
  {
    "name": "Require(35) node_modules/egg-security/app/extend/helper.js",
    "start": 1591267512554,
    "end": 1591267512566,
    "duration": 12,
    "pid": 5992,
    "index": 43
  },
  {
    "name": "Require(36) node_modules/egg/app/extend/helper.js",
    "start": 1591267512567,
    "end": 1591267512567,
    "duration": 0,
    "pid": 5992,
    "index": 44
  },
  {
    "name": "Load app.js",
    "start": 1591267512568,
    "end": 1591267512604,
    "duration": 36,
    "pid": 5992,
    "index": 45
  },
  {
    "name": "Require(37) node_modules/egg-session/app.js",
    "start": 1591267512568,
    "end": 1591267512569,
    "duration": 1,
    "pid": 5992,
    "index": 46
  },
  {
    "name": "Require(38) node_modules/egg-security/app.js",
    "start": 1591267512569,
    "end": 1591267512570,
    "duration": 1,
    "pid": 5992,
    "index": 47
  },
  {
    "name": "Require(39) node_modules/egg-onerror/app.js",
    "start": 1591267512570,
    "end": 1591267512576,
    "duration": 6,
    "pid": 5992,
    "index": 48
  },
  {
    "name": "Require(40) node_modules/egg-i18n/app.js",
    "start": 1591267512576,
    "end": 1591267512586,
    "duration": 10,
    "pid": 5992,
    "index": 49
  },
  {
    "name": "Require(41) node_modules/egg-watcher/app.js",
    "start": 1591267512586,
    "end": 1591267512588,
    "duration": 2,
    "pid": 5992,
    "index": 50
  },
  {
    "name": "Require(42) node_modules/egg-schedule/app.js",
    "start": 1591267512588,
    "end": 1591267512589,
    "duration": 1,
    "pid": 5992,
    "index": 51
  },
  {
    "name": "Require(43) node_modules/egg-multipart/app.js",
    "start": 1591267512590,
    "end": 1591267512592,
    "duration": 2,
    "pid": 5992,
    "index": 52
  },
  {
    "name": "Require(44) node_modules/egg-development/app.js",
    "start": 1591267512592,
    "end": 1591267512592,
    "duration": 0,
    "pid": 5992,
    "index": 53
  },
  {
    "name": "Require(45) node_modules/egg-logrotator/app.js",
    "start": 1591267512592,
    "end": 1591267512592,
    "duration": 0,
    "pid": 5992,
    "index": 54
  },
  {
    "name": "Require(46) node_modules/egg-static/app.js",
    "start": 1591267512592,
    "end": 1591267512593,
    "duration": 1,
    "pid": 5992,
    "index": 55
  },
  {
    "name": "Require(47) node_modules/egg-view-ejs/app.js",
    "start": 1591267512593,
    "end": 1591267512593,
    "duration": 0,
    "pid": 5992,
    "index": 56
  },
  {
    "name": "Require(48) node_modules/egg-mysql/app.js",
    "start": 1591267512593,
    "end": 1591267512603,
    "duration": 10,
    "pid": 5992,
    "index": 57
  },
  {
    "name": "Before Start in node_modules/egg-watcher/lib/init.js:15:14",
    "start": 1591267512612,
    "end": 1591267512820,
    "duration": 208,
    "pid": 5992,
    "index": 58
  },
  {
    "name": "Before Start in node_modules/egg-mysql/lib/mysql.js:20:7",
    "start": 1591267512685,
    "end": 1591267512821,
    "duration": 136,
    "pid": 5992,
    "index": 59
  },
  {
    "name": "Load Service",
    "start": 1591267512685,
    "end": 1591267512740,
    "duration": 55,
    "pid": 5992,
    "index": 60
  },
  {
    "name": "Load \"service\" to Context",
    "start": 1591267512685,
    "end": 1591267512740,
    "duration": 55,
    "pid": 5992,
    "index": 61
  },
  {
    "name": "Load Middleware",
    "start": 1591267512740,
    "end": 1591267512790,
    "duration": 50,
    "pid": 5992,
    "index": 62
  },
  {
    "name": "Load \"middlewares\" to Application",
    "start": 1591267512740,
    "end": 1591267512784,
    "duration": 44,
    "pid": 5992,
    "index": 63
  },
  {
    "name": "Load Controller",
    "start": 1591267512790,
    "end": 1591267512797,
    "duration": 7,
    "pid": 5992,
    "index": 64
  },
  {
    "name": "Load \"controller\" to Application",
    "start": 1591267512790,
    "end": 1591267512797,
    "duration": 7,
    "pid": 5992,
    "index": 65
  },
  {
    "name": "Load Router",
    "start": 1591267512797,
    "end": 1591267512799,
    "duration": 2,
    "pid": 5992,
    "index": 66
  },
  {
    "name": "Require(49) app/router.js",
    "start": 1591267512797,
    "end": 1591267512797,
    "duration": 0,
    "pid": 5992,
    "index": 67
  },
  {
    "name": "Before Start in node_modules/egg-core/lib/egg.js:303:10",
    "start": 1591267512798,
    "end": 1591267512809,
    "duration": 11,
    "pid": 5992,
    "index": 68
  }
]