[
  {
    "name": "Application Start",
    "start": 1588948752243,
    "end": 1588948757312,
    "duration": 5069,
    "pid": 1119,
    "index": 0
  },
  {
    "name": "Load Plugin",
    "start": 1588948752270,
    "end": 1588948752450,
    "duration": 180,
    "pid": 1119,
    "index": 1
  },
  {
    "name": "Load Config",
    "start": 1588948752451,
    "end": 1588948752729,
    "duration": 278,
    "pid": 1119,
    "index": 2
  },
  {
    "name": "Require(0) config/config.default.js",
    "start": 1588948752452,
    "end": 1588948752463,
    "duration": 11,
    "pid": 1119,
    "index": 3
  },
  {
    "name": "Require(1) node_modules/egg-session/config/config.default.js",
    "start": 1588948752466,
    "end": 1588948752501,
    "duration": 35,
    "pid": 1119,
    "index": 4
  },
  {
    "name": "Require(2) node_modules/egg-security/config/config.default.js",
    "start": 1588948752502,
    "end": 1588948752510,
    "duration": 8,
    "pid": 1119,
    "index": 5
  },
  {
    "name": "Require(3) node_modules/egg-jsonp/config/config.default.js",
    "start": 1588948752512,
    "end": 1588948752523,
    "duration": 11,
    "pid": 1119,
    "index": 6
  },
  {
    "name": "Require(4) node_modules/egg-onerror/config/config.default.js",
    "start": 1588948752523,
    "end": 1588948752539,
    "duration": 16,
    "pid": 1119,
    "index": 7
  },
  {
    "name": "Require(5) node_modules/egg-i18n/config/config.default.js",
    "start": 1588948752539,
    "end": 1588948752565,
    "duration": 26,
    "pid": 1119,
    "index": 8
  },
  {
    "name": "Require(6) node_modules/egg-watcher/config/config.default.js",
    "start": 1588948752566,
    "end": 1588948752574,
    "duration": 8,
    "pid": 1119,
    "index": 9
  },
  {
    "name": "Require(7) node_modules/egg-schedule/config/config.default.js",
    "start": 1588948752575,
    "end": 1588948752579,
    "duration": 4,
    "pid": 1119,
    "index": 10
  },
  {
    "name": "Require(8) node_modules/egg-multipart/config/config.default.js",
    "start": 1588948752580,
    "end": 1588948752590,
    "duration": 10,
    "pid": 1119,
    "index": 11
  },
  {
    "name": "Require(9) node_modules/egg-development/config/config.default.js",
    "start": 1588948752591,
    "end": 1588948752598,
    "duration": 7,
    "pid": 1119,
    "index": 12
  },
  {
    "name": "Require(10) node_modules/egg-logrotator/config/config.default.js",
    "start": 1588948752599,
    "end": 1588948752608,
    "duration": 9,
    "pid": 1119,
    "index": 13
  },
  {
    "name": "Require(11) node_modules/egg-static/config/config.default.js",
    "start": 1588948752608,
    "end": 1588948752615,
    "duration": 7,
    "pid": 1119,
    "index": 14
  },
  {
    "name": "Require(12) node_modules/egg-view/config/config.default.js",
    "start": 1588948752615,
    "end": 1588948752628,
    "duration": 13,
    "pid": 1119,
    "index": 15
  },
  {
    "name": "Require(13) node_modules/egg-view-ejs/config/config.default.js",
    "start": 1588948752629,
    "end": 1588948752663,
    "duration": 34,
    "pid": 1119,
    "index": 16
  },
  {
    "name": "Require(14) node_modules/egg-mysql/config/config.default.js",
    "start": 1588948752663,
    "end": 1588948752678,
    "duration": 15,
    "pid": 1119,
    "index": 17
  },
  {
    "name": "Require(15) node_modules/egg/config/config.default.js",
    "start": 1588948752678,
    "end": 1588948752690,
    "duration": 12,
    "pid": 1119,
    "index": 18
  },
  {
    "name": "Require(16) config/config.default.js",
    "start": 1588948752698,
    "end": 1588948752698,
    "duration": 0,
    "pid": 1119,
    "index": 19
  },
  {
    "name": "Require(17) node_modules/egg-security/config/config.local.js",
    "start": 1588948752698,
    "end": 1588948752705,
    "duration": 7,
    "pid": 1119,
    "index": 20
  },
  {
    "name": "Require(18) node_modules/egg-watcher/config/config.local.js",
    "start": 1588948752706,
    "end": 1588948752710,
    "duration": 4,
    "pid": 1119,
    "index": 21
  },
  {
    "name": "Require(19) node_modules/egg-view/config/config.local.js",
    "start": 1588948752711,
    "end": 1588948752713,
    "duration": 2,
    "pid": 1119,
    "index": 22
  },
  {
    "name": "Require(20) node_modules/egg-view-ejs/config/config.local.js",
    "start": 1588948752713,
    "end": 1588948752714,
    "duration": 1,
    "pid": 1119,
    "index": 23
  },
  {
    "name": "Require(21) node_modules/egg/config/config.local.js",
    "start": 1588948752714,
    "end": 1588948752729,
    "duration": 15,
    "pid": 1119,
    "index": 24
  },
  {
    "name": "Load extend/application.js",
    "start": 1588948752733,
    "end": 1588948752843,
    "duration": 110,
    "pid": 1119,
    "index": 25
  },
  {
    "name": "Require(22) node_modules/egg-session/app/extend/application.js",
    "start": 1588948752733,
    "end": 1588948752739,
    "duration": 6,
    "pid": 1119,
    "index": 26
  },
  {
    "name": "Require(23) node_modules/egg-security/app/extend/application.js",
    "start": 1588948752740,
    "end": 1588948752763,
    "duration": 23,
    "pid": 1119,
    "index": 27
  },
  {
    "name": "Require(24) node_modules/egg-jsonp/app/extend/application.js",
    "start": 1588948752763,
    "end": 1588948752782,
    "duration": 19,
    "pid": 1119,
    "index": 28
  },
  {
    "name": "Require(25) node_modules/egg-logrotator/app/extend/application.js",
    "start": 1588948752783,
    "end": 1588948752802,
    "duration": 19,
    "pid": 1119,
    "index": 29
  },
  {
    "name": "Require(26) node_modules/egg-view/app/extend/application.js",
    "start": 1588948752802,
    "end": 1588948752841,
    "duration": 39,
    "pid": 1119,
    "index": 30
  },
  {
    "name": "Load extend/request.js",
    "start": 1588948752844,
    "end": 1588948752857,
    "duration": 13,
    "pid": 1119,
    "index": 31
  },
  {
    "name": "Require(27) node_modules/egg/app/extend/request.js",
    "start": 1588948752846,
    "end": 1588948752856,
    "duration": 10,
    "pid": 1119,
    "index": 32
  },
  {
    "name": "Load extend/response.js",
    "start": 1588948752857,
    "end": 1588948752890,
    "duration": 33,
    "pid": 1119,
    "index": 33
  },
  {
    "name": "Require(28) node_modules/egg/app/extend/response.js",
    "start": 1588948752859,
    "end": 1588948752888,
    "duration": 29,
    "pid": 1119,
    "index": 34
  },
  {
    "name": "Load extend/context.js",
    "start": 1588948752890,
    "end": 1588948753525,
    "duration": 635,
    "pid": 1119,
    "index": 35
  },
  {
    "name": "Require(29) node_modules/egg-security/app/extend/context.js",
    "start": 1588948752891,
    "end": 1588948753045,
    "duration": 154,
    "pid": 1119,
    "index": 36
  },
  {
    "name": "Require(30) node_modules/egg-jsonp/app/extend/context.js",
    "start": 1588948753046,
    "end": 1588948753068,
    "duration": 22,
    "pid": 1119,
    "index": 37
  },
  {
    "name": "Require(31) node_modules/egg-i18n/app/extend/context.js",
    "start": 1588948753069,
    "end": 1588948753089,
    "duration": 20,
    "pid": 1119,
    "index": 38
  },
  {
    "name": "Require(32) node_modules/egg-multipart/app/extend/context.js",
    "start": 1588948753090,
    "end": 1588948753469,
    "duration": 379,
    "pid": 1119,
    "index": 39
  },
  {
    "name": "Require(33) node_modules/egg-view/app/extend/context.js",
    "start": 1588948753469,
    "end": 1588948753507,
    "duration": 38,
    "pid": 1119,
    "index": 40
  },
  {
    "name": "Require(34) node_modules/egg/app/extend/context.js",
    "start": 1588948753508,
    "end": 1588948753522,
    "duration": 14,
    "pid": 1119,
    "index": 41
  },
  {
    "name": "Load extend/helper.js",
    "start": 1588948753525,
    "end": 1588948753872,
    "duration": 347,
    "pid": 1119,
    "index": 42
  },
  {
    "name": "Require(35) node_modules/egg-security/app/extend/helper.js",
    "start": 1588948753525,
    "end": 1588948753862,
    "duration": 337,
    "pid": 1119,
    "index": 43
  },
  {
    "name": "Require(36) node_modules/egg/app/extend/helper.js",
    "start": 1588948753864,
    "end": 1588948753870,
    "duration": 6,
    "pid": 1119,
    "index": 44
  },
  {
    "name": "Load app.js",
    "start": 1588948753872,
    "end": 1588948754563,
    "duration": 691,
    "pid": 1119,
    "index": 45
  },
  {
    "name": "Require(37) node_modules/egg-session/app.js",
    "start": 1588948753873,
    "end": 1588948753873,
    "duration": 0,
    "pid": 1119,
    "index": 46
  },
  {
    "name": "Require(38) node_modules/egg-security/app.js",
    "start": 1588948753874,
    "end": 1588948753893,
    "duration": 19,
    "pid": 1119,
    "index": 47
  },
  {
    "name": "Require(39) node_modules/egg-onerror/app.js",
    "start": 1588948753893,
    "end": 1588948754028,
    "duration": 135,
    "pid": 1119,
    "index": 48
  },
  {
    "name": "Require(40) node_modules/egg-i18n/app.js",
    "start": 1588948754029,
    "end": 1588948754181,
    "duration": 152,
    "pid": 1119,
    "index": 49
  },
  {
    "name": "Require(41) node_modules/egg-watcher/app.js",
    "start": 1588948754181,
    "end": 1588948754242,
    "duration": 61,
    "pid": 1119,
    "index": 50
  },
  {
    "name": "Require(42) node_modules/egg-schedule/app.js",
    "start": 1588948754242,
    "end": 1588948754270,
    "duration": 28,
    "pid": 1119,
    "index": 51
  },
  {
    "name": "Require(43) node_modules/egg-multipart/app.js",
    "start": 1588948754271,
    "end": 1588948754322,
    "duration": 51,
    "pid": 1119,
    "index": 52
  },
  {
    "name": "Require(44) node_modules/egg-development/app.js",
    "start": 1588948754322,
    "end": 1588948754331,
    "duration": 9,
    "pid": 1119,
    "index": 53
  },
  {
    "name": "Require(45) node_modules/egg-logrotator/app.js",
    "start": 1588948754331,
    "end": 1588948754346,
    "duration": 15,
    "pid": 1119,
    "index": 54
  },
  {
    "name": "Require(46) node_modules/egg-static/app.js",
    "start": 1588948754346,
    "end": 1588948754374,
    "duration": 28,
    "pid": 1119,
    "index": 55
  },
  {
    "name": "Require(47) node_modules/egg-view-ejs/app.js",
    "start": 1588948754374,
    "end": 1588948754381,
    "duration": 7,
    "pid": 1119,
    "index": 56
  },
  {
    "name": "Require(48) node_modules/egg-mysql/app.js",
    "start": 1588948754382,
    "end": 1588948754562,
    "duration": 180,
    "pid": 1119,
    "index": 57
  },
  {
    "name": "Before Start in node_modules/egg-watcher/lib/init.js:15:14",
    "start": 1588948754594,
    "end": 1588948757307,
    "duration": 2713,
    "pid": 1119,
    "index": 58
  },
  {
    "name": "Before Start in node_modules/egg-mysql/lib/mysql.js:20:7",
    "start": 1588948755217,
    "end": 1588948757311,
    "duration": 2094,
    "pid": 1119,
    "index": 59
  },
  {
    "name": "Load Service",
    "start": 1588948755217,
    "end": 1588948756142,
    "duration": 925,
    "pid": 1119,
    "index": 60
  },
  {
    "name": "Load \"service\" to Context",
    "start": 1588948755217,
    "end": 1588948756142,
    "duration": 925,
    "pid": 1119,
    "index": 61
  },
  {
    "name": "Load Middleware",
    "start": 1588948756142,
    "end": 1588948757131,
    "duration": 989,
    "pid": 1119,
    "index": 62
  },
  {
    "name": "Load \"middlewares\" to Application",
    "start": 1588948756142,
    "end": 1588948757061,
    "duration": 919,
    "pid": 1119,
    "index": 63
  },
  {
    "name": "Load Controller",
    "start": 1588948757131,
    "end": 1588948757251,
    "duration": 120,
    "pid": 1119,
    "index": 64
  },
  {
    "name": "Load \"controller\" to Application",
    "start": 1588948757131,
    "end": 1588948757251,
    "duration": 120,
    "pid": 1119,
    "index": 65
  },
  {
    "name": "Load Router",
    "start": 1588948757251,
    "end": 1588948757256,
    "duration": 5,
    "pid": 1119,
    "index": 66
  },
  {
    "name": "Require(49) app/router.js",
    "start": 1588948757252,
    "end": 1588948757252,
    "duration": 0,
    "pid": 1119,
    "index": 67
  },
  {
    "name": "Before Start in node_modules/egg-core/lib/egg.js:303:10",
    "start": 1588948757253,
    "end": 1588948757280,
    "duration": 27,
    "pid": 1119,
    "index": 68
  }
]