[
  {
    "name": "Application Start",
    "start": 1588766630546,
    "end": 1588766638236,
    "duration": 7690,
    "pid": 1112,
    "index": 0
  },
  {
    "name": "Load Plugin",
    "start": 1588766630573,
    "end": 1588766630931,
    "duration": 358,
    "pid": 1112,
    "index": 1
  },
  {
    "name": "Load Config",
    "start": 1588766630931,
    "end": 1588766632188,
    "duration": 1257,
    "pid": 1112,
    "index": 2
  },
  {
    "name": "Require(0) config/config.default.js",
    "start": 1588766630932,
    "end": 1588766630955,
    "duration": 23,
    "pid": 1112,
    "index": 3
  },
  {
    "name": "Require(1) node_modules/egg-session/config/config.default.js",
    "start": 1588766630957,
    "end": 1588766630971,
    "duration": 14,
    "pid": 1112,
    "index": 4
  },
  {
    "name": "Require(2) node_modules/egg-security/config/config.default.js",
    "start": 1588766630972,
    "end": 1588766631003,
    "duration": 31,
    "pid": 1112,
    "index": 5
  },
  {
    "name": "Require(3) node_modules/egg-jsonp/config/config.default.js",
    "start": 1588766631046,
    "end": 1588766631082,
    "duration": 36,
    "pid": 1112,
    "index": 6
  },
  {
    "name": "Require(4) node_modules/egg-onerror/config/config.default.js",
    "start": 1588766631129,
    "end": 1588766631165,
    "duration": 36,
    "pid": 1112,
    "index": 7
  },
  {
    "name": "Require(5) node_modules/egg-i18n/config/config.default.js",
    "start": 1588766631213,
    "end": 1588766631246,
    "duration": 33,
    "pid": 1112,
    "index": 8
  },
  {
    "name": "Require(6) node_modules/egg-watcher/config/config.default.js",
    "start": 1588766631280,
    "end": 1588766631322,
    "duration": 42,
    "pid": 1112,
    "index": 9
  },
  {
    "name": "Require(7) node_modules/egg-schedule/config/config.default.js",
    "start": 1588766631323,
    "end": 1588766631348,
    "duration": 25,
    "pid": 1112,
    "index": 10
  },
  {
    "name": "Require(8) node_modules/egg-multipart/config/config.default.js",
    "start": 1588766631349,
    "end": 1588766631383,
    "duration": 34,
    "pid": 1112,
    "index": 11
  },
  {
    "name": "Require(9) node_modules/egg-development/config/config.default.js",
    "start": 1588766631417,
    "end": 1588766631447,
    "duration": 30,
    "pid": 1112,
    "index": 12
  },
  {
    "name": "Require(10) node_modules/egg-logrotator/config/config.default.js",
    "start": 1588766631469,
    "end": 1588766631500,
    "duration": 31,
    "pid": 1112,
    "index": 13
  },
  {
    "name": "Require(11) node_modules/egg-static/config/config.default.js",
    "start": 1588766631513,
    "end": 1588766631529,
    "duration": 16,
    "pid": 1112,
    "index": 14
  },
  {
    "name": "Require(12) node_modules/egg-view/config/config.default.js",
    "start": 1588766631557,
    "end": 1588766631665,
    "duration": 108,
    "pid": 1112,
    "index": 15
  },
  {
    "name": "Require(13) node_modules/egg-view-ejs/config/config.default.js",
    "start": 1588766631722,
    "end": 1588766631755,
    "duration": 33,
    "pid": 1112,
    "index": 16
  },
  {
    "name": "Require(14) node_modules/egg-mysql/config/config.default.js",
    "start": 1588766631781,
    "end": 1588766631814,
    "duration": 33,
    "pid": 1112,
    "index": 17
  },
  {
    "name": "Require(15) node_modules/egg/config/config.default.js",
    "start": 1588766631815,
    "end": 1588766631960,
    "duration": 145,
    "pid": 1112,
    "index": 18
  },
  {
    "name": "Require(16) config/config.default.js",
    "start": 1588766632012,
    "end": 1588766632012,
    "duration": 0,
    "pid": 1112,
    "index": 19
  },
  {
    "name": "Require(17) node_modules/egg-security/config/config.local.js",
    "start": 1588766632013,
    "end": 1588766632042,
    "duration": 29,
    "pid": 1112,
    "index": 20
  },
  {
    "name": "Require(18) node_modules/egg-watcher/config/config.local.js",
    "start": 1588766632043,
    "end": 1588766632092,
    "duration": 49,
    "pid": 1112,
    "index": 21
  },
  {
    "name": "Require(19) node_modules/egg-view/config/config.local.js",
    "start": 1588766632093,
    "end": 1588766632094,
    "duration": 1,
    "pid": 1112,
    "index": 22
  },
  {
    "name": "Require(20) node_modules/egg-view-ejs/config/config.local.js",
    "start": 1588766632094,
    "end": 1588766632102,
    "duration": 8,
    "pid": 1112,
    "index": 23
  },
  {
    "name": "Require(21) node_modules/egg/config/config.local.js",
    "start": 1588766632102,
    "end": 1588766632188,
    "duration": 86,
    "pid": 1112,
    "index": 24
  },
  {
    "name": "Load extend/application.js",
    "start": 1588766632190,
    "end": 1588766632745,
    "duration": 555,
    "pid": 1112,
    "index": 25
  },
  {
    "name": "Require(22) node_modules/egg-session/app/extend/application.js",
    "start": 1588766632190,
    "end": 1588766632220,
    "duration": 30,
    "pid": 1112,
    "index": 26
  },
  {
    "name": "Require(23) node_modules/egg-security/app/extend/application.js",
    "start": 1588766632221,
    "end": 1588766632344,
    "duration": 123,
    "pid": 1112,
    "index": 27
  },
  {
    "name": "Require(24) node_modules/egg-jsonp/app/extend/application.js",
    "start": 1588766632344,
    "end": 1588766632441,
    "duration": 97,
    "pid": 1112,
    "index": 28
  },
  {
    "name": "Require(25) node_modules/egg-logrotator/app/extend/application.js",
    "start": 1588766632485,
    "end": 1588766632555,
    "duration": 70,
    "pid": 1112,
    "index": 29
  },
  {
    "name": "Require(26) node_modules/egg-view/app/extend/application.js",
    "start": 1588766632577,
    "end": 1588766632689,
    "duration": 112,
    "pid": 1112,
    "index": 30
  },
  {
    "name": "Load extend/request.js",
    "start": 1588766632745,
    "end": 1588766632838,
    "duration": 93,
    "pid": 1112,
    "index": 31
  },
  {
    "name": "Require(27) node_modules/egg/app/extend/request.js",
    "start": 1588766632747,
    "end": 1588766632837,
    "duration": 90,
    "pid": 1112,
    "index": 32
  },
  {
    "name": "Load extend/response.js",
    "start": 1588766632838,
    "end": 1588766632981,
    "duration": 143,
    "pid": 1112,
    "index": 33
  },
  {
    "name": "Require(28) node_modules/egg/app/extend/response.js",
    "start": 1588766632840,
    "end": 1588766632980,
    "duration": 140,
    "pid": 1112,
    "index": 34
  },
  {
    "name": "Load extend/context.js",
    "start": 1588766632982,
    "end": 1588766633895,
    "duration": 913,
    "pid": 1112,
    "index": 35
  },
  {
    "name": "Require(29) node_modules/egg-security/app/extend/context.js",
    "start": 1588766632982,
    "end": 1588766633293,
    "duration": 311,
    "pid": 1112,
    "index": 36
  },
  {
    "name": "Require(30) node_modules/egg-jsonp/app/extend/context.js",
    "start": 1588766633294,
    "end": 1588766633316,
    "duration": 22,
    "pid": 1112,
    "index": 37
  },
  {
    "name": "Require(31) node_modules/egg-i18n/app/extend/context.js",
    "start": 1588766633316,
    "end": 1588766633326,
    "duration": 10,
    "pid": 1112,
    "index": 38
  },
  {
    "name": "Require(32) node_modules/egg-multipart/app/extend/context.js",
    "start": 1588766633326,
    "end": 1588766633853,
    "duration": 527,
    "pid": 1112,
    "index": 39
  },
  {
    "name": "Require(33) node_modules/egg-view/app/extend/context.js",
    "start": 1588766633854,
    "end": 1588766633877,
    "duration": 23,
    "pid": 1112,
    "index": 40
  },
  {
    "name": "Require(34) node_modules/egg/app/extend/context.js",
    "start": 1588766633878,
    "end": 1588766633893,
    "duration": 15,
    "pid": 1112,
    "index": 41
  },
  {
    "name": "Load extend/helper.js",
    "start": 1588766633895,
    "end": 1588766634151,
    "duration": 256,
    "pid": 1112,
    "index": 42
  },
  {
    "name": "Require(35) node_modules/egg-security/app/extend/helper.js",
    "start": 1588766633896,
    "end": 1588766634143,
    "duration": 247,
    "pid": 1112,
    "index": 43
  },
  {
    "name": "Require(36) node_modules/egg/app/extend/helper.js",
    "start": 1588766634144,
    "end": 1588766634146,
    "duration": 2,
    "pid": 1112,
    "index": 44
  },
  {
    "name": "Load app.js",
    "start": 1588766634151,
    "end": 1588766635607,
    "duration": 1456,
    "pid": 1112,
    "index": 45
  },
  {
    "name": "Require(37) node_modules/egg-session/app.js",
    "start": 1588766634152,
    "end": 1588766634181,
    "duration": 29,
    "pid": 1112,
    "index": 46
  },
  {
    "name": "Require(38) node_modules/egg-security/app.js",
    "start": 1588766634181,
    "end": 1588766634252,
    "duration": 71,
    "pid": 1112,
    "index": 47
  },
  {
    "name": "Require(39) node_modules/egg-onerror/app.js",
    "start": 1588766634253,
    "end": 1588766634576,
    "duration": 323,
    "pid": 1112,
    "index": 48
  },
  {
    "name": "Require(40) node_modules/egg-i18n/app.js",
    "start": 1588766634577,
    "end": 1588766634739,
    "duration": 162,
    "pid": 1112,
    "index": 49
  },
  {
    "name": "Require(41) node_modules/egg-watcher/app.js",
    "start": 1588766634740,
    "end": 1588766634812,
    "duration": 72,
    "pid": 1112,
    "index": 50
  },
  {
    "name": "Require(42) node_modules/egg-schedule/app.js",
    "start": 1588766634812,
    "end": 1588766634863,
    "duration": 51,
    "pid": 1112,
    "index": 51
  },
  {
    "name": "Require(43) node_modules/egg-multipart/app.js",
    "start": 1588766634863,
    "end": 1588766634970,
    "duration": 107,
    "pid": 1112,
    "index": 52
  },
  {
    "name": "Require(44) node_modules/egg-development/app.js",
    "start": 1588766634970,
    "end": 1588766634979,
    "duration": 9,
    "pid": 1112,
    "index": 53
  },
  {
    "name": "Require(45) node_modules/egg-logrotator/app.js",
    "start": 1588766634979,
    "end": 1588766634994,
    "duration": 15,
    "pid": 1112,
    "index": 54
  },
  {
    "name": "Require(46) node_modules/egg-static/app.js",
    "start": 1588766634994,
    "end": 1588766634999,
    "duration": 5,
    "pid": 1112,
    "index": 55
  },
  {
    "name": "Require(47) node_modules/egg-view-ejs/app.js",
    "start": 1588766635000,
    "end": 1588766635007,
    "duration": 7,
    "pid": 1112,
    "index": 56
  },
  {
    "name": "Require(48) node_modules/egg-mysql/app.js",
    "start": 1588766635007,
    "end": 1588766635606,
    "duration": 599,
    "pid": 1112,
    "index": 57
  },
  {
    "name": "Before Start in node_modules/egg-watcher/lib/init.js:15:14",
    "start": 1588766635631,
    "end": 1588766638228,
    "duration": 2597,
    "pid": 1112,
    "index": 58
  },
  {
    "name": "Before Start in node_modules/egg-mysql/lib/mysql.js:20:7",
    "start": 1588766636144,
    "end": 1588766638235,
    "duration": 2091,
    "pid": 1112,
    "index": 59
  },
  {
    "name": "Load Service",
    "start": 1588766636144,
    "end": 1588766637011,
    "duration": 867,
    "pid": 1112,
    "index": 60
  },
  {
    "name": "Load \"service\" to Context",
    "start": 1588766636144,
    "end": 1588766637011,
    "duration": 867,
    "pid": 1112,
    "index": 61
  },
  {
    "name": "Load Middleware",
    "start": 1588766637012,
    "end": 1588766637966,
    "duration": 954,
    "pid": 1112,
    "index": 62
  },
  {
    "name": "Load \"middlewares\" to Application",
    "start": 1588766637012,
    "end": 1588766637920,
    "duration": 908,
    "pid": 1112,
    "index": 63
  },
  {
    "name": "Load Controller",
    "start": 1588766637967,
    "end": 1588766638099,
    "duration": 132,
    "pid": 1112,
    "index": 64
  },
  {
    "name": "Load \"controller\" to Application",
    "start": 1588766637967,
    "end": 1588766638099,
    "duration": 132,
    "pid": 1112,
    "index": 65
  },
  {
    "name": "Load Router",
    "start": 1588766638100,
    "end": 1588766638136,
    "duration": 36,
    "pid": 1112,
    "index": 66
  },
  {
    "name": "Require(49) app/router.js",
    "start": 1588766638100,
    "end": 1588766638133,
    "duration": 33,
    "pid": 1112,
    "index": 67
  },
  {
    "name": "Before Start in node_modules/egg-core/lib/egg.js:303:10",
    "start": 1588766638133,
    "end": 1588766638205,
    "duration": 72,
    "pid": 1112,
    "index": 68
  }
]