[
  {
    "name": "Application Start",
    "start": 1590748101817,
    "end": 1590748102050,
    "duration": 233,
    "pid": 7976,
    "index": 0
  },
  {
    "name": "Load Plugin",
    "start": 1590748101821,
    "end": 1590748101826,
    "duration": 5,
    "pid": 7976,
    "index": 1
  },
  {
    "name": "Load Config",
    "start": 1590748101826,
    "end": 1590748101836,
    "duration": 10,
    "pid": 7976,
    "index": 2
  },
  {
    "name": "Require(0) config/config.default.js",
    "start": 1590748101827,
    "end": 1590748101827,
    "duration": 0,
    "pid": 7976,
    "index": 3
  },
  {
    "name": "Require(1) node_modules/egg-session/config/config.default.js",
    "start": 1590748101828,
    "end": 1590748101828,
    "duration": 0,
    "pid": 7976,
    "index": 4
  },
  {
    "name": "Require(2) node_modules/egg-security/config/config.default.js",
    "start": 1590748101828,
    "end": 1590748101828,
    "duration": 0,
    "pid": 7976,
    "index": 5
  },
  {
    "name": "Require(3) node_modules/egg-jsonp/config/config.default.js",
    "start": 1590748101829,
    "end": 1590748101829,
    "duration": 0,
    "pid": 7976,
    "index": 6
  },
  {
    "name": "Require(4) node_modules/egg-onerror/config/config.default.js",
    "start": 1590748101829,
    "end": 1590748101829,
    "duration": 0,
    "pid": 7976,
    "index": 7
  },
  {
    "name": "Require(5) node_modules/egg-i18n/config/config.default.js",
    "start": 1590748101829,
    "end": 1590748101830,
    "duration": 1,
    "pid": 7976,
    "index": 8
  },
  {
    "name": "Require(6) node_modules/egg-watcher/config/config.default.js",
    "start": 1590748101830,
    "end": 1590748101830,
    "duration": 0,
    "pid": 7976,
    "index": 9
  },
  {
    "name": "Require(7) node_modules/egg-schedule/config/config.default.js",
    "start": 1590748101830,
    "end": 1590748101830,
    "duration": 0,
    "pid": 7976,
    "index": 10
  },
  {
    "name": "Require(8) node_modules/egg-multipart/config/config.default.js",
    "start": 1590748101831,
    "end": 1590748101831,
    "duration": 0,
    "pid": 7976,
    "index": 11
  },
  {
    "name": "Require(9) node_modules/egg-development/config/config.default.js",
    "start": 1590748101832,
    "end": 1590748101832,
    "duration": 0,
    "pid": 7976,
    "index": 12
  },
  {
    "name": "Require(10) node_modules/egg-logrotator/config/config.default.js",
    "start": 1590748101832,
    "end": 1590748101832,
    "duration": 0,
    "pid": 7976,
    "index": 13
  },
  {
    "name": "Require(11) node_modules/egg-static/config/config.default.js",
    "start": 1590748101832,
    "end": 1590748101832,
    "duration": 0,
    "pid": 7976,
    "index": 14
  },
  {
    "name": "Require(12) node_modules/egg-view/config/config.default.js",
    "start": 1590748101833,
    "end": 1590748101833,
    "duration": 0,
    "pid": 7976,
    "index": 15
  },
  {
    "name": "Require(13) node_modules/egg-view-ejs/config/config.default.js",
    "start": 1590748101833,
    "end": 1590748101833,
    "duration": 0,
    "pid": 7976,
    "index": 16
  },
  {
    "name": "Require(14) node_modules/egg-mysql/config/config.default.js",
    "start": 1590748101833,
    "end": 1590748101833,
    "duration": 0,
    "pid": 7976,
    "index": 17
  },
  {
    "name": "Require(15) node_modules/egg/config/config.default.js",
    "start": 1590748101833,
    "end": 1590748101834,
    "duration": 1,
    "pid": 7976,
    "index": 18
  },
  {
    "name": "Require(16) config/config.default.js",
    "start": 1590748101835,
    "end": 1590748101835,
    "duration": 0,
    "pid": 7976,
    "index": 19
  },
  {
    "name": "Require(17) node_modules/egg-security/config/config.local.js",
    "start": 1590748101835,
    "end": 1590748101835,
    "duration": 0,
    "pid": 7976,
    "index": 20
  },
  {
    "name": "Require(18) node_modules/egg-watcher/config/config.local.js",
    "start": 1590748101835,
    "end": 1590748101836,
    "duration": 1,
    "pid": 7976,
    "index": 21
  },
  {
    "name": "Require(19) node_modules/egg-view/config/config.local.js",
    "start": 1590748101836,
    "end": 1590748101836,
    "duration": 0,
    "pid": 7976,
    "index": 22
  },
  {
    "name": "Require(20) node_modules/egg-view-ejs/config/config.local.js",
    "start": 1590748101836,
    "end": 1590748101836,
    "duration": 0,
    "pid": 7976,
    "index": 23
  },
  {
    "name": "Require(21) node_modules/egg/config/config.local.js",
    "start": 1590748101836,
    "end": 1590748101836,
    "duration": 0,
    "pid": 7976,
    "index": 24
  },
  {
    "name": "Load extend/application.js",
    "start": 1590748101838,
    "end": 1590748101841,
    "duration": 3,
    "pid": 7976,
    "index": 25
  },
  {
    "name": "Require(22) node_modules/egg-session/app/extend/application.js",
    "start": 1590748101838,
    "end": 1590748101838,
    "duration": 0,
    "pid": 7976,
    "index": 26
  },
  {
    "name": "Require(23) node_modules/egg-security/app/extend/application.js",
    "start": 1590748101838,
    "end": 1590748101838,
    "duration": 0,
    "pid": 7976,
    "index": 27
  },
  {
    "name": "Require(24) node_modules/egg-jsonp/app/extend/application.js",
    "start": 1590748101839,
    "end": 1590748101839,
    "duration": 0,
    "pid": 7976,
    "index": 28
  },
  {
    "name": "Require(25) node_modules/egg-logrotator/app/extend/application.js",
    "start": 1590748101839,
    "end": 1590748101840,
    "duration": 1,
    "pid": 7976,
    "index": 29
  },
  {
    "name": "Require(26) node_modules/egg-view/app/extend/application.js",
    "start": 1590748101840,
    "end": 1590748101840,
    "duration": 0,
    "pid": 7976,
    "index": 30
  },
  {
    "name": "Load extend/request.js",
    "start": 1590748101841,
    "end": 1590748101843,
    "duration": 2,
    "pid": 7976,
    "index": 31
  },
  {
    "name": "Require(27) node_modules/egg/app/extend/request.js",
    "start": 1590748101842,
    "end": 1590748101842,
    "duration": 0,
    "pid": 7976,
    "index": 32
  },
  {
    "name": "Load extend/response.js",
    "start": 1590748101843,
    "end": 1590748101845,
    "duration": 2,
    "pid": 7976,
    "index": 33
  },
  {
    "name": "Require(28) node_modules/egg/app/extend/response.js",
    "start": 1590748101844,
    "end": 1590748101844,
    "duration": 0,
    "pid": 7976,
    "index": 34
  },
  {
    "name": "Load extend/context.js",
    "start": 1590748101845,
    "end": 1590748101878,
    "duration": 33,
    "pid": 7976,
    "index": 35
  },
  {
    "name": "Require(29) node_modules/egg-security/app/extend/context.js",
    "start": 1590748101846,
    "end": 1590748101849,
    "duration": 3,
    "pid": 7976,
    "index": 36
  },
  {
    "name": "Require(30) node_modules/egg-jsonp/app/extend/context.js",
    "start": 1590748101849,
    "end": 1590748101850,
    "duration": 1,
    "pid": 7976,
    "index": 37
  },
  {
    "name": "Require(31) node_modules/egg-i18n/app/extend/context.js",
    "start": 1590748101850,
    "end": 1590748101850,
    "duration": 0,
    "pid": 7976,
    "index": 38
  },
  {
    "name": "Require(32) node_modules/egg-multipart/app/extend/context.js",
    "start": 1590748101850,
    "end": 1590748101877,
    "duration": 27,
    "pid": 7976,
    "index": 39
  },
  {
    "name": "Require(33) node_modules/egg-view/app/extend/context.js",
    "start": 1590748101877,
    "end": 1590748101877,
    "duration": 0,
    "pid": 7976,
    "index": 40
  },
  {
    "name": "Require(34) node_modules/egg/app/extend/context.js",
    "start": 1590748101877,
    "end": 1590748101878,
    "duration": 1,
    "pid": 7976,
    "index": 41
  },
  {
    "name": "Load extend/helper.js",
    "start": 1590748101878,
    "end": 1590748101886,
    "duration": 8,
    "pid": 7976,
    "index": 42
  },
  {
    "name": "Require(35) node_modules/egg-security/app/extend/helper.js",
    "start": 1590748101878,
    "end": 1590748101885,
    "duration": 7,
    "pid": 7976,
    "index": 43
  },
  {
    "name": "Require(36) node_modules/egg/app/extend/helper.js",
    "start": 1590748101885,
    "end": 1590748101885,
    "duration": 0,
    "pid": 7976,
    "index": 44
  },
  {
    "name": "Load app.js",
    "start": 1590748101886,
    "end": 1590748101907,
    "duration": 21,
    "pid": 7976,
    "index": 45
  },
  {
    "name": "Require(37) node_modules/egg-session/app.js",
    "start": 1590748101887,
    "end": 1590748101887,
    "duration": 0,
    "pid": 7976,
    "index": 46
  },
  {
    "name": "Require(38) node_modules/egg-security/app.js",
    "start": 1590748101887,
    "end": 1590748101888,
    "duration": 1,
    "pid": 7976,
    "index": 47
  },
  {
    "name": "Require(39) node_modules/egg-onerror/app.js",
    "start": 1590748101888,
    "end": 1590748101892,
    "duration": 4,
    "pid": 7976,
    "index": 48
  },
  {
    "name": "Require(40) node_modules/egg-i18n/app.js",
    "start": 1590748101892,
    "end": 1590748101898,
    "duration": 6,
    "pid": 7976,
    "index": 49
  },
  {
    "name": "Require(41) node_modules/egg-watcher/app.js",
    "start": 1590748101898,
    "end": 1590748101899,
    "duration": 1,
    "pid": 7976,
    "index": 50
  },
  {
    "name": "Require(42) node_modules/egg-schedule/app.js",
    "start": 1590748101899,
    "end": 1590748101899,
    "duration": 0,
    "pid": 7976,
    "index": 51
  },
  {
    "name": "Require(43) node_modules/egg-multipart/app.js",
    "start": 1590748101900,
    "end": 1590748101900,
    "duration": 0,
    "pid": 7976,
    "index": 52
  },
  {
    "name": "Require(44) node_modules/egg-development/app.js",
    "start": 1590748101900,
    "end": 1590748101901,
    "duration": 1,
    "pid": 7976,
    "index": 53
  },
  {
    "name": "Require(45) node_modules/egg-logrotator/app.js",
    "start": 1590748101901,
    "end": 1590748101901,
    "duration": 0,
    "pid": 7976,
    "index": 54
  },
  {
    "name": "Require(46) node_modules/egg-static/app.js",
    "start": 1590748101901,
    "end": 1590748101901,
    "duration": 0,
    "pid": 7976,
    "index": 55
  },
  {
    "name": "Require(47) node_modules/egg-view-ejs/app.js",
    "start": 1590748101901,
    "end": 1590748101901,
    "duration": 0,
    "pid": 7976,
    "index": 56
  },
  {
    "name": "Require(48) node_modules/egg-mysql/app.js",
    "start": 1590748101901,
    "end": 1590748101907,
    "duration": 6,
    "pid": 7976,
    "index": 57
  },
  {
    "name": "Before Start in node_modules/egg-watcher/lib/init.js:15:14",
    "start": 1590748101915,
    "end": 1590748102047,
    "duration": 132,
    "pid": 7976,
    "index": 58
  },
  {
    "name": "Before Start in node_modules/egg-mysql/lib/mysql.js:20:7",
    "start": 1590748101962,
    "end": 1590748102049,
    "duration": 87,
    "pid": 7976,
    "index": 59
  },
  {
    "name": "Load Service",
    "start": 1590748101963,
    "end": 1590748101993,
    "duration": 30,
    "pid": 7976,
    "index": 60
  },
  {
    "name": "Load \"service\" to Context",
    "start": 1590748101963,
    "end": 1590748101993,
    "duration": 30,
    "pid": 7976,
    "index": 61
  },
  {
    "name": "Load Middleware",
    "start": 1590748101993,
    "end": 1590748102023,
    "duration": 30,
    "pid": 7976,
    "index": 62
  },
  {
    "name": "Load \"middlewares\" to Application",
    "start": 1590748101993,
    "end": 1590748102019,
    "duration": 26,
    "pid": 7976,
    "index": 63
  },
  {
    "name": "Load Controller",
    "start": 1590748102023,
    "end": 1590748102027,
    "duration": 4,
    "pid": 7976,
    "index": 64
  },
  {
    "name": "Load \"controller\" to Application",
    "start": 1590748102023,
    "end": 1590748102027,
    "duration": 4,
    "pid": 7976,
    "index": 65
  },
  {
    "name": "Load Router",
    "start": 1590748102027,
    "end": 1590748102029,
    "duration": 2,
    "pid": 7976,
    "index": 66
  },
  {
    "name": "Require(49) app/router.js",
    "start": 1590748102027,
    "end": 1590748102027,
    "duration": 0,
    "pid": 7976,
    "index": 67
  },
  {
    "name": "Before Start in node_modules/egg-core/lib/egg.js:303:10",
    "start": 1590748102028,
    "end": 1590748102038,
    "duration": 10,
    "pid": 7976,
    "index": 68
  }
]