[
  {
    "name": "Application Start",
    "start": 1588766655869,
    "end": 1588766660174,
    "duration": 4305,
    "pid": 1113,
    "index": 0
  },
  {
    "name": "Load Plugin",
    "start": 1588766655905,
    "end": 1588766656063,
    "duration": 158,
    "pid": 1113,
    "index": 1
  },
  {
    "name": "Load Config",
    "start": 1588766656064,
    "end": 1588766656302,
    "duration": 238,
    "pid": 1113,
    "index": 2
  },
  {
    "name": "Require(0) config/config.default.js",
    "start": 1588766656065,
    "end": 1588766656088,
    "duration": 23,
    "pid": 1113,
    "index": 3
  },
  {
    "name": "Require(1) node_modules/egg-session/config/config.default.js",
    "start": 1588766656090,
    "end": 1588766656103,
    "duration": 13,
    "pid": 1113,
    "index": 4
  },
  {
    "name": "Require(2) node_modules/egg-security/config/config.default.js",
    "start": 1588766656104,
    "end": 1588766656113,
    "duration": 9,
    "pid": 1113,
    "index": 5
  },
  {
    "name": "Require(3) node_modules/egg-jsonp/config/config.default.js",
    "start": 1588766656115,
    "end": 1588766656126,
    "duration": 11,
    "pid": 1113,
    "index": 6
  },
  {
    "name": "Require(4) node_modules/egg-onerror/config/config.default.js",
    "start": 1588766656126,
    "end": 1588766656141,
    "duration": 15,
    "pid": 1113,
    "index": 7
  },
  {
    "name": "Require(5) node_modules/egg-i18n/config/config.default.js",
    "start": 1588766656141,
    "end": 1588766656156,
    "duration": 15,
    "pid": 1113,
    "index": 8
  },
  {
    "name": "Require(6) node_modules/egg-watcher/config/config.default.js",
    "start": 1588766656156,
    "end": 1588766656165,
    "duration": 9,
    "pid": 1113,
    "index": 9
  },
  {
    "name": "Require(7) node_modules/egg-schedule/config/config.default.js",
    "start": 1588766656165,
    "end": 1588766656169,
    "duration": 4,
    "pid": 1113,
    "index": 10
  },
  {
    "name": "Require(8) node_modules/egg-multipart/config/config.default.js",
    "start": 1588766656170,
    "end": 1588766656182,
    "duration": 12,
    "pid": 1113,
    "index": 11
  },
  {
    "name": "Require(9) node_modules/egg-development/config/config.default.js",
    "start": 1588766656183,
    "end": 1588766656190,
    "duration": 7,
    "pid": 1113,
    "index": 12
  },
  {
    "name": "Require(10) node_modules/egg-logrotator/config/config.default.js",
    "start": 1588766656190,
    "end": 1588766656199,
    "duration": 9,
    "pid": 1113,
    "index": 13
  },
  {
    "name": "Require(11) node_modules/egg-static/config/config.default.js",
    "start": 1588766656199,
    "end": 1588766656206,
    "duration": 7,
    "pid": 1113,
    "index": 14
  },
  {
    "name": "Require(12) node_modules/egg-view/config/config.default.js",
    "start": 1588766656206,
    "end": 1588766656219,
    "duration": 13,
    "pid": 1113,
    "index": 15
  },
  {
    "name": "Require(13) node_modules/egg-view-ejs/config/config.default.js",
    "start": 1588766656220,
    "end": 1588766656231,
    "duration": 11,
    "pid": 1113,
    "index": 16
  },
  {
    "name": "Require(14) node_modules/egg-mysql/config/config.default.js",
    "start": 1588766656232,
    "end": 1588766656246,
    "duration": 14,
    "pid": 1113,
    "index": 17
  },
  {
    "name": "Require(15) node_modules/egg/config/config.default.js",
    "start": 1588766656247,
    "end": 1588766656258,
    "duration": 11,
    "pid": 1113,
    "index": 18
  },
  {
    "name": "Require(16) config/config.default.js",
    "start": 1588766656267,
    "end": 1588766656268,
    "duration": 1,
    "pid": 1113,
    "index": 19
  },
  {
    "name": "Require(17) node_modules/egg-security/config/config.local.js",
    "start": 1588766656268,
    "end": 1588766656297,
    "duration": 29,
    "pid": 1113,
    "index": 20
  },
  {
    "name": "Require(18) node_modules/egg-watcher/config/config.local.js",
    "start": 1588766656298,
    "end": 1588766656299,
    "duration": 1,
    "pid": 1113,
    "index": 21
  },
  {
    "name": "Require(19) node_modules/egg-view/config/config.local.js",
    "start": 1588766656299,
    "end": 1588766656300,
    "duration": 1,
    "pid": 1113,
    "index": 22
  },
  {
    "name": "Require(20) node_modules/egg-view-ejs/config/config.local.js",
    "start": 1588766656300,
    "end": 1588766656301,
    "duration": 1,
    "pid": 1113,
    "index": 23
  },
  {
    "name": "Require(21) node_modules/egg/config/config.local.js",
    "start": 1588766656302,
    "end": 1588766656302,
    "duration": 0,
    "pid": 1113,
    "index": 24
  },
  {
    "name": "Load extend/application.js",
    "start": 1588766656304,
    "end": 1588766656413,
    "duration": 109,
    "pid": 1113,
    "index": 25
  },
  {
    "name": "Require(22) node_modules/egg-session/app/extend/application.js",
    "start": 1588766656305,
    "end": 1588766656342,
    "duration": 37,
    "pid": 1113,
    "index": 26
  },
  {
    "name": "Require(23) node_modules/egg-security/app/extend/application.js",
    "start": 1588766656342,
    "end": 1588766656365,
    "duration": 23,
    "pid": 1113,
    "index": 27
  },
  {
    "name": "Require(24) node_modules/egg-jsonp/app/extend/application.js",
    "start": 1588766656365,
    "end": 1588766656375,
    "duration": 10,
    "pid": 1113,
    "index": 28
  },
  {
    "name": "Require(25) node_modules/egg-logrotator/app/extend/application.js",
    "start": 1588766656376,
    "end": 1588766656393,
    "duration": 17,
    "pid": 1113,
    "index": 29
  },
  {
    "name": "Require(26) node_modules/egg-view/app/extend/application.js",
    "start": 1588766656394,
    "end": 1588766656410,
    "duration": 16,
    "pid": 1113,
    "index": 30
  },
  {
    "name": "Load extend/request.js",
    "start": 1588766656413,
    "end": 1588766656428,
    "duration": 15,
    "pid": 1113,
    "index": 31
  },
  {
    "name": "Require(27) node_modules/egg/app/extend/request.js",
    "start": 1588766656415,
    "end": 1588766656425,
    "duration": 10,
    "pid": 1113,
    "index": 32
  },
  {
    "name": "Load extend/response.js",
    "start": 1588766656428,
    "end": 1588766656458,
    "duration": 30,
    "pid": 1113,
    "index": 33
  },
  {
    "name": "Require(28) node_modules/egg/app/extend/response.js",
    "start": 1588766656430,
    "end": 1588766656456,
    "duration": 26,
    "pid": 1113,
    "index": 34
  },
  {
    "name": "Load extend/context.js",
    "start": 1588766656458,
    "end": 1588766657071,
    "duration": 613,
    "pid": 1113,
    "index": 35
  },
  {
    "name": "Require(29) node_modules/egg-security/app/extend/context.js",
    "start": 1588766656459,
    "end": 1588766656592,
    "duration": 133,
    "pid": 1113,
    "index": 36
  },
  {
    "name": "Require(30) node_modules/egg-jsonp/app/extend/context.js",
    "start": 1588766656593,
    "end": 1588766656615,
    "duration": 22,
    "pid": 1113,
    "index": 37
  },
  {
    "name": "Require(31) node_modules/egg-i18n/app/extend/context.js",
    "start": 1588766656615,
    "end": 1588766656625,
    "duration": 10,
    "pid": 1113,
    "index": 38
  },
  {
    "name": "Require(32) node_modules/egg-multipart/app/extend/context.js",
    "start": 1588766656626,
    "end": 1588766657029,
    "duration": 403,
    "pid": 1113,
    "index": 39
  },
  {
    "name": "Require(33) node_modules/egg-view/app/extend/context.js",
    "start": 1588766657030,
    "end": 1588766657053,
    "duration": 23,
    "pid": 1113,
    "index": 40
  },
  {
    "name": "Require(34) node_modules/egg/app/extend/context.js",
    "start": 1588766657054,
    "end": 1588766657069,
    "duration": 15,
    "pid": 1113,
    "index": 41
  },
  {
    "name": "Load extend/helper.js",
    "start": 1588766657071,
    "end": 1588766657276,
    "duration": 205,
    "pid": 1113,
    "index": 42
  },
  {
    "name": "Require(35) node_modules/egg-security/app/extend/helper.js",
    "start": 1588766657072,
    "end": 1588766657271,
    "duration": 199,
    "pid": 1113,
    "index": 43
  },
  {
    "name": "Require(36) node_modules/egg/app/extend/helper.js",
    "start": 1588766657273,
    "end": 1588766657274,
    "duration": 1,
    "pid": 1113,
    "index": 44
  },
  {
    "name": "Load app.js",
    "start": 1588766657276,
    "end": 1588766657821,
    "duration": 545,
    "pid": 1113,
    "index": 45
  },
  {
    "name": "Require(37) node_modules/egg-session/app.js",
    "start": 1588766657276,
    "end": 1588766657277,
    "duration": 1,
    "pid": 1113,
    "index": 46
  },
  {
    "name": "Require(38) node_modules/egg-security/app.js",
    "start": 1588766657277,
    "end": 1588766657295,
    "duration": 18,
    "pid": 1113,
    "index": 47
  },
  {
    "name": "Require(39) node_modules/egg-onerror/app.js",
    "start": 1588766657295,
    "end": 1588766657397,
    "duration": 102,
    "pid": 1113,
    "index": 48
  },
  {
    "name": "Require(40) node_modules/egg-i18n/app.js",
    "start": 1588766657397,
    "end": 1588766657527,
    "duration": 130,
    "pid": 1113,
    "index": 49
  },
  {
    "name": "Require(41) node_modules/egg-watcher/app.js",
    "start": 1588766657528,
    "end": 1588766657577,
    "duration": 49,
    "pid": 1113,
    "index": 50
  },
  {
    "name": "Require(42) node_modules/egg-schedule/app.js",
    "start": 1588766657578,
    "end": 1588766657606,
    "duration": 28,
    "pid": 1113,
    "index": 51
  },
  {
    "name": "Require(43) node_modules/egg-multipart/app.js",
    "start": 1588766657606,
    "end": 1588766657657,
    "duration": 51,
    "pid": 1113,
    "index": 52
  },
  {
    "name": "Require(44) node_modules/egg-development/app.js",
    "start": 1588766657658,
    "end": 1588766657666,
    "duration": 8,
    "pid": 1113,
    "index": 53
  },
  {
    "name": "Require(45) node_modules/egg-logrotator/app.js",
    "start": 1588766657667,
    "end": 1588766657681,
    "duration": 14,
    "pid": 1113,
    "index": 54
  },
  {
    "name": "Require(46) node_modules/egg-static/app.js",
    "start": 1588766657682,
    "end": 1588766657687,
    "duration": 5,
    "pid": 1113,
    "index": 55
  },
  {
    "name": "Require(47) node_modules/egg-view-ejs/app.js",
    "start": 1588766657688,
    "end": 1588766657717,
    "duration": 29,
    "pid": 1113,
    "index": 56
  },
  {
    "name": "Require(48) node_modules/egg-mysql/app.js",
    "start": 1588766657717,
    "end": 1588766657820,
    "duration": 103,
    "pid": 1113,
    "index": 57
  },
  {
    "name": "Before Start in node_modules/egg-watcher/lib/init.js:15:14",
    "start": 1588766657852,
    "end": 1588766660170,
    "duration": 2318,
    "pid": 1113,
    "index": 58
  },
  {
    "name": "Before Start in node_modules/egg-mysql/lib/mysql.js:20:7",
    "start": 1588766658421,
    "end": 1588766660173,
    "duration": 1752,
    "pid": 1113,
    "index": 59
  },
  {
    "name": "Load Service",
    "start": 1588766658422,
    "end": 1588766659122,
    "duration": 700,
    "pid": 1113,
    "index": 60
  },
  {
    "name": "Load \"service\" to Context",
    "start": 1588766658422,
    "end": 1588766659122,
    "duration": 700,
    "pid": 1113,
    "index": 61
  },
  {
    "name": "Load Middleware",
    "start": 1588766659122,
    "end": 1588766659998,
    "duration": 876,
    "pid": 1113,
    "index": 62
  },
  {
    "name": "Load \"middlewares\" to Application",
    "start": 1588766659123,
    "end": 1588766659952,
    "duration": 829,
    "pid": 1113,
    "index": 63
  },
  {
    "name": "Load Controller",
    "start": 1588766659999,
    "end": 1588766660109,
    "duration": 110,
    "pid": 1113,
    "index": 64
  },
  {
    "name": "Load \"controller\" to Application",
    "start": 1588766659999,
    "end": 1588766660109,
    "duration": 110,
    "pid": 1113,
    "index": 65
  },
  {
    "name": "Load Router",
    "start": 1588766660109,
    "end": 1588766660126,
    "duration": 17,
    "pid": 1113,
    "index": 66
  },
  {
    "name": "Require(49) app/router.js",
    "start": 1588766660109,
    "end": 1588766660121,
    "duration": 12,
    "pid": 1113,
    "index": 67
  },
  {
    "name": "Before Start in node_modules/egg-core/lib/egg.js:303:10",
    "start": 1588766660122,
    "end": 1588766660142,
    "duration": 20,
    "pid": 1113,
    "index": 68
  }
]