[
  {
    "name": "Application Start",
    "start": 1590744865108,
    "end": 1590744865389,
    "duration": 281,
    "pid": 7477,
    "index": 0
  },
  {
    "name": "Load Plugin",
    "start": 1590744865111,
    "end": 1590744865118,
    "duration": 7,
    "pid": 7477,
    "index": 1
  },
  {
    "name": "Load Config",
    "start": 1590744865118,
    "end": 1590744865127,
    "duration": 9,
    "pid": 7477,
    "index": 2
  },
  {
    "name": "Require(0) config/config.default.js",
    "start": 1590744865119,
    "end": 1590744865119,
    "duration": 0,
    "pid": 7477,
    "index": 3
  },
  {
    "name": "Require(1) node_modules/egg-session/config/config.default.js",
    "start": 1590744865120,
    "end": 1590744865120,
    "duration": 0,
    "pid": 7477,
    "index": 4
  },
  {
    "name": "Require(2) node_modules/egg-security/config/config.default.js",
    "start": 1590744865120,
    "end": 1590744865120,
    "duration": 0,
    "pid": 7477,
    "index": 5
  },
  {
    "name": "Require(3) node_modules/egg-jsonp/config/config.default.js",
    "start": 1590744865121,
    "end": 1590744865121,
    "duration": 0,
    "pid": 7477,
    "index": 6
  },
  {
    "name": "Require(4) node_modules/egg-onerror/config/config.default.js",
    "start": 1590744865121,
    "end": 1590744865121,
    "duration": 0,
    "pid": 7477,
    "index": 7
  },
  {
    "name": "Require(5) node_modules/egg-i18n/config/config.default.js",
    "start": 1590744865121,
    "end": 1590744865121,
    "duration": 0,
    "pid": 7477,
    "index": 8
  },
  {
    "name": "Require(6) node_modules/egg-watcher/config/config.default.js",
    "start": 1590744865122,
    "end": 1590744865122,
    "duration": 0,
    "pid": 7477,
    "index": 9
  },
  {
    "name": "Require(7) node_modules/egg-schedule/config/config.default.js",
    "start": 1590744865122,
    "end": 1590744865122,
    "duration": 0,
    "pid": 7477,
    "index": 10
  },
  {
    "name": "Require(8) node_modules/egg-multipart/config/config.default.js",
    "start": 1590744865122,
    "end": 1590744865122,
    "duration": 0,
    "pid": 7477,
    "index": 11
  },
  {
    "name": "Require(9) node_modules/egg-development/config/config.default.js",
    "start": 1590744865123,
    "end": 1590744865123,
    "duration": 0,
    "pid": 7477,
    "index": 12
  },
  {
    "name": "Require(10) node_modules/egg-logrotator/config/config.default.js",
    "start": 1590744865123,
    "end": 1590744865123,
    "duration": 0,
    "pid": 7477,
    "index": 13
  },
  {
    "name": "Require(11) node_modules/egg-static/config/config.default.js",
    "start": 1590744865123,
    "end": 1590744865123,
    "duration": 0,
    "pid": 7477,
    "index": 14
  },
  {
    "name": "Require(12) node_modules/egg-view/config/config.default.js",
    "start": 1590744865123,
    "end": 1590744865124,
    "duration": 1,
    "pid": 7477,
    "index": 15
  },
  {
    "name": "Require(13) node_modules/egg-view-ejs/config/config.default.js",
    "start": 1590744865124,
    "end": 1590744865124,
    "duration": 0,
    "pid": 7477,
    "index": 16
  },
  {
    "name": "Require(14) node_modules/egg-mysql/config/config.default.js",
    "start": 1590744865124,
    "end": 1590744865124,
    "duration": 0,
    "pid": 7477,
    "index": 17
  },
  {
    "name": "Require(15) node_modules/egg/config/config.default.js",
    "start": 1590744865124,
    "end": 1590744865125,
    "duration": 1,
    "pid": 7477,
    "index": 18
  },
  {
    "name": "Require(16) config/config.default.js",
    "start": 1590744865126,
    "end": 1590744865126,
    "duration": 0,
    "pid": 7477,
    "index": 19
  },
  {
    "name": "Require(17) node_modules/egg-security/config/config.local.js",
    "start": 1590744865126,
    "end": 1590744865126,
    "duration": 0,
    "pid": 7477,
    "index": 20
  },
  {
    "name": "Require(18) node_modules/egg-watcher/config/config.local.js",
    "start": 1590744865126,
    "end": 1590744865126,
    "duration": 0,
    "pid": 7477,
    "index": 21
  },
  {
    "name": "Require(19) node_modules/egg-view/config/config.local.js",
    "start": 1590744865127,
    "end": 1590744865127,
    "duration": 0,
    "pid": 7477,
    "index": 22
  },
  {
    "name": "Require(20) node_modules/egg-view-ejs/config/config.local.js",
    "start": 1590744865127,
    "end": 1590744865127,
    "duration": 0,
    "pid": 7477,
    "index": 23
  },
  {
    "name": "Require(21) node_modules/egg/config/config.local.js",
    "start": 1590744865127,
    "end": 1590744865127,
    "duration": 0,
    "pid": 7477,
    "index": 24
  },
  {
    "name": "Load extend/application.js",
    "start": 1590744865128,
    "end": 1590744865132,
    "duration": 4,
    "pid": 7477,
    "index": 25
  },
  {
    "name": "Require(22) node_modules/egg-session/app/extend/application.js",
    "start": 1590744865129,
    "end": 1590744865129,
    "duration": 0,
    "pid": 7477,
    "index": 26
  },
  {
    "name": "Require(23) node_modules/egg-security/app/extend/application.js",
    "start": 1590744865129,
    "end": 1590744865129,
    "duration": 0,
    "pid": 7477,
    "index": 27
  },
  {
    "name": "Require(24) node_modules/egg-jsonp/app/extend/application.js",
    "start": 1590744865129,
    "end": 1590744865130,
    "duration": 1,
    "pid": 7477,
    "index": 28
  },
  {
    "name": "Require(25) node_modules/egg-logrotator/app/extend/application.js",
    "start": 1590744865130,
    "end": 1590744865131,
    "duration": 1,
    "pid": 7477,
    "index": 29
  },
  {
    "name": "Require(26) node_modules/egg-view/app/extend/application.js",
    "start": 1590744865131,
    "end": 1590744865131,
    "duration": 0,
    "pid": 7477,
    "index": 30
  },
  {
    "name": "Load extend/request.js",
    "start": 1590744865132,
    "end": 1590744865133,
    "duration": 1,
    "pid": 7477,
    "index": 31
  },
  {
    "name": "Require(27) node_modules/egg/app/extend/request.js",
    "start": 1590744865132,
    "end": 1590744865133,
    "duration": 1,
    "pid": 7477,
    "index": 32
  },
  {
    "name": "Load extend/response.js",
    "start": 1590744865133,
    "end": 1590744865136,
    "duration": 3,
    "pid": 7477,
    "index": 33
  },
  {
    "name": "Require(28) node_modules/egg/app/extend/response.js",
    "start": 1590744865134,
    "end": 1590744865135,
    "duration": 1,
    "pid": 7477,
    "index": 34
  },
  {
    "name": "Load extend/context.js",
    "start": 1590744865136,
    "end": 1590744865174,
    "duration": 38,
    "pid": 7477,
    "index": 35
  },
  {
    "name": "Require(29) node_modules/egg-security/app/extend/context.js",
    "start": 1590744865136,
    "end": 1590744865142,
    "duration": 6,
    "pid": 7477,
    "index": 36
  },
  {
    "name": "Require(30) node_modules/egg-jsonp/app/extend/context.js",
    "start": 1590744865142,
    "end": 1590744865142,
    "duration": 0,
    "pid": 7477,
    "index": 37
  },
  {
    "name": "Require(31) node_modules/egg-i18n/app/extend/context.js",
    "start": 1590744865143,
    "end": 1590744865143,
    "duration": 0,
    "pid": 7477,
    "index": 38
  },
  {
    "name": "Require(32) node_modules/egg-multipart/app/extend/context.js",
    "start": 1590744865143,
    "end": 1590744865172,
    "duration": 29,
    "pid": 7477,
    "index": 39
  },
  {
    "name": "Require(33) node_modules/egg-view/app/extend/context.js",
    "start": 1590744865172,
    "end": 1590744865173,
    "duration": 1,
    "pid": 7477,
    "index": 40
  },
  {
    "name": "Require(34) node_modules/egg/app/extend/context.js",
    "start": 1590744865173,
    "end": 1590744865173,
    "duration": 0,
    "pid": 7477,
    "index": 41
  },
  {
    "name": "Load extend/helper.js",
    "start": 1590744865174,
    "end": 1590744865182,
    "duration": 8,
    "pid": 7477,
    "index": 42
  },
  {
    "name": "Require(35) node_modules/egg-security/app/extend/helper.js",
    "start": 1590744865174,
    "end": 1590744865180,
    "duration": 6,
    "pid": 7477,
    "index": 43
  },
  {
    "name": "Require(36) node_modules/egg/app/extend/helper.js",
    "start": 1590744865180,
    "end": 1590744865181,
    "duration": 1,
    "pid": 7477,
    "index": 44
  },
  {
    "name": "Load app.js",
    "start": 1590744865182,
    "end": 1590744865202,
    "duration": 20,
    "pid": 7477,
    "index": 45
  },
  {
    "name": "Require(37) node_modules/egg-session/app.js",
    "start": 1590744865182,
    "end": 1590744865182,
    "duration": 0,
    "pid": 7477,
    "index": 46
  },
  {
    "name": "Require(38) node_modules/egg-security/app.js",
    "start": 1590744865182,
    "end": 1590744865183,
    "duration": 1,
    "pid": 7477,
    "index": 47
  },
  {
    "name": "Require(39) node_modules/egg-onerror/app.js",
    "start": 1590744865183,
    "end": 1590744865186,
    "duration": 3,
    "pid": 7477,
    "index": 48
  },
  {
    "name": "Require(40) node_modules/egg-i18n/app.js",
    "start": 1590744865186,
    "end": 1590744865192,
    "duration": 6,
    "pid": 7477,
    "index": 49
  },
  {
    "name": "Require(41) node_modules/egg-watcher/app.js",
    "start": 1590744865192,
    "end": 1590744865193,
    "duration": 1,
    "pid": 7477,
    "index": 50
  },
  {
    "name": "Require(42) node_modules/egg-schedule/app.js",
    "start": 1590744865193,
    "end": 1590744865194,
    "duration": 1,
    "pid": 7477,
    "index": 51
  },
  {
    "name": "Require(43) node_modules/egg-multipart/app.js",
    "start": 1590744865194,
    "end": 1590744865195,
    "duration": 1,
    "pid": 7477,
    "index": 52
  },
  {
    "name": "Require(44) node_modules/egg-development/app.js",
    "start": 1590744865195,
    "end": 1590744865195,
    "duration": 0,
    "pid": 7477,
    "index": 53
  },
  {
    "name": "Require(45) node_modules/egg-logrotator/app.js",
    "start": 1590744865195,
    "end": 1590744865195,
    "duration": 0,
    "pid": 7477,
    "index": 54
  },
  {
    "name": "Require(46) node_modules/egg-static/app.js",
    "start": 1590744865195,
    "end": 1590744865195,
    "duration": 0,
    "pid": 7477,
    "index": 55
  },
  {
    "name": "Require(47) node_modules/egg-view-ejs/app.js",
    "start": 1590744865195,
    "end": 1590744865196,
    "duration": 1,
    "pid": 7477,
    "index": 56
  },
  {
    "name": "Require(48) node_modules/egg-mysql/app.js",
    "start": 1590744865196,
    "end": 1590744865201,
    "duration": 5,
    "pid": 7477,
    "index": 57
  },
  {
    "name": "Before Start in node_modules/egg-watcher/lib/init.js:15:14",
    "start": 1590744865210,
    "end": 1590744865386,
    "duration": 176,
    "pid": 7477,
    "index": 58
  },
  {
    "name": "Before Start in node_modules/egg-mysql/lib/mysql.js:20:7",
    "start": 1590744865260,
    "end": 1590744865389,
    "duration": 129,
    "pid": 7477,
    "index": 59
  },
  {
    "name": "Load Service",
    "start": 1590744865260,
    "end": 1590744865299,
    "duration": 39,
    "pid": 7477,
    "index": 60
  },
  {
    "name": "Load \"service\" to Context",
    "start": 1590744865260,
    "end": 1590744865299,
    "duration": 39,
    "pid": 7477,
    "index": 61
  },
  {
    "name": "Load Middleware",
    "start": 1590744865299,
    "end": 1590744865354,
    "duration": 55,
    "pid": 7477,
    "index": 62
  },
  {
    "name": "Load \"middlewares\" to Application",
    "start": 1590744865299,
    "end": 1590744865348,
    "duration": 49,
    "pid": 7477,
    "index": 63
  },
  {
    "name": "Load Controller",
    "start": 1590744865354,
    "end": 1590744865363,
    "duration": 9,
    "pid": 7477,
    "index": 64
  },
  {
    "name": "Load \"controller\" to Application",
    "start": 1590744865354,
    "end": 1590744865363,
    "duration": 9,
    "pid": 7477,
    "index": 65
  },
  {
    "name": "Load Router",
    "start": 1590744865363,
    "end": 1590744865365,
    "duration": 2,
    "pid": 7477,
    "index": 66
  },
  {
    "name": "Require(49) app/router.js",
    "start": 1590744865363,
    "end": 1590744865364,
    "duration": 1,
    "pid": 7477,
    "index": 67
  },
  {
    "name": "Before Start in node_modules/egg-core/lib/egg.js:303:10",
    "start": 1590744865364,
    "end": 1590744865375,
    "duration": 11,
    "pid": 7477,
    "index": 68
  }
]