[
  {
    "name": "Application Start",
    "start": 1590747727596,
    "end": 1590747727830,
    "duration": 234,
    "pid": 7922,
    "index": 0
  },
  {
    "name": "Load Plugin",
    "start": 1590747727599,
    "end": 1590747727605,
    "duration": 6,
    "pid": 7922,
    "index": 1
  },
  {
    "name": "Load Config",
    "start": 1590747727605,
    "end": 1590747727614,
    "duration": 9,
    "pid": 7922,
    "index": 2
  },
  {
    "name": "Require(0) config/config.default.js",
    "start": 1590747727605,
    "end": 1590747727606,
    "duration": 1,
    "pid": 7922,
    "index": 3
  },
  {
    "name": "Require(1) node_modules/egg-session/config/config.default.js",
    "start": 1590747727607,
    "end": 1590747727607,
    "duration": 0,
    "pid": 7922,
    "index": 4
  },
  {
    "name": "Require(2) node_modules/egg-security/config/config.default.js",
    "start": 1590747727607,
    "end": 1590747727607,
    "duration": 0,
    "pid": 7922,
    "index": 5
  },
  {
    "name": "Require(3) node_modules/egg-jsonp/config/config.default.js",
    "start": 1590747727607,
    "end": 1590747727608,
    "duration": 1,
    "pid": 7922,
    "index": 6
  },
  {
    "name": "Require(4) node_modules/egg-onerror/config/config.default.js",
    "start": 1590747727608,
    "end": 1590747727608,
    "duration": 0,
    "pid": 7922,
    "index": 7
  },
  {
    "name": "Require(5) node_modules/egg-i18n/config/config.default.js",
    "start": 1590747727608,
    "end": 1590747727608,
    "duration": 0,
    "pid": 7922,
    "index": 8
  },
  {
    "name": "Require(6) node_modules/egg-watcher/config/config.default.js",
    "start": 1590747727608,
    "end": 1590747727608,
    "duration": 0,
    "pid": 7922,
    "index": 9
  },
  {
    "name": "Require(7) node_modules/egg-schedule/config/config.default.js",
    "start": 1590747727609,
    "end": 1590747727609,
    "duration": 0,
    "pid": 7922,
    "index": 10
  },
  {
    "name": "Require(8) node_modules/egg-multipart/config/config.default.js",
    "start": 1590747727609,
    "end": 1590747727609,
    "duration": 0,
    "pid": 7922,
    "index": 11
  },
  {
    "name": "Require(9) node_modules/egg-development/config/config.default.js",
    "start": 1590747727609,
    "end": 1590747727609,
    "duration": 0,
    "pid": 7922,
    "index": 12
  },
  {
    "name": "Require(10) node_modules/egg-logrotator/config/config.default.js",
    "start": 1590747727610,
    "end": 1590747727610,
    "duration": 0,
    "pid": 7922,
    "index": 13
  },
  {
    "name": "Require(11) node_modules/egg-static/config/config.default.js",
    "start": 1590747727610,
    "end": 1590747727610,
    "duration": 0,
    "pid": 7922,
    "index": 14
  },
  {
    "name": "Require(12) node_modules/egg-view/config/config.default.js",
    "start": 1590747727610,
    "end": 1590747727610,
    "duration": 0,
    "pid": 7922,
    "index": 15
  },
  {
    "name": "Require(13) node_modules/egg-view-ejs/config/config.default.js",
    "start": 1590747727611,
    "end": 1590747727611,
    "duration": 0,
    "pid": 7922,
    "index": 16
  },
  {
    "name": "Require(14) node_modules/egg-mysql/config/config.default.js",
    "start": 1590747727611,
    "end": 1590747727611,
    "duration": 0,
    "pid": 7922,
    "index": 17
  },
  {
    "name": "Require(15) node_modules/egg/config/config.default.js",
    "start": 1590747727612,
    "end": 1590747727612,
    "duration": 0,
    "pid": 7922,
    "index": 18
  },
  {
    "name": "Require(16) config/config.default.js",
    "start": 1590747727613,
    "end": 1590747727613,
    "duration": 0,
    "pid": 7922,
    "index": 19
  },
  {
    "name": "Require(17) node_modules/egg-security/config/config.local.js",
    "start": 1590747727613,
    "end": 1590747727613,
    "duration": 0,
    "pid": 7922,
    "index": 20
  },
  {
    "name": "Require(18) node_modules/egg-watcher/config/config.local.js",
    "start": 1590747727613,
    "end": 1590747727613,
    "duration": 0,
    "pid": 7922,
    "index": 21
  },
  {
    "name": "Require(19) node_modules/egg-view/config/config.local.js",
    "start": 1590747727614,
    "end": 1590747727614,
    "duration": 0,
    "pid": 7922,
    "index": 22
  },
  {
    "name": "Require(20) node_modules/egg-view-ejs/config/config.local.js",
    "start": 1590747727614,
    "end": 1590747727614,
    "duration": 0,
    "pid": 7922,
    "index": 23
  },
  {
    "name": "Require(21) node_modules/egg/config/config.local.js",
    "start": 1590747727614,
    "end": 1590747727614,
    "duration": 0,
    "pid": 7922,
    "index": 24
  },
  {
    "name": "Load extend/application.js",
    "start": 1590747727615,
    "end": 1590747727618,
    "duration": 3,
    "pid": 7922,
    "index": 25
  },
  {
    "name": "Require(22) node_modules/egg-session/app/extend/application.js",
    "start": 1590747727616,
    "end": 1590747727616,
    "duration": 0,
    "pid": 7922,
    "index": 26
  },
  {
    "name": "Require(23) node_modules/egg-security/app/extend/application.js",
    "start": 1590747727616,
    "end": 1590747727616,
    "duration": 0,
    "pid": 7922,
    "index": 27
  },
  {
    "name": "Require(24) node_modules/egg-jsonp/app/extend/application.js",
    "start": 1590747727616,
    "end": 1590747727617,
    "duration": 1,
    "pid": 7922,
    "index": 28
  },
  {
    "name": "Require(25) node_modules/egg-logrotator/app/extend/application.js",
    "start": 1590747727617,
    "end": 1590747727617,
    "duration": 0,
    "pid": 7922,
    "index": 29
  },
  {
    "name": "Require(26) node_modules/egg-view/app/extend/application.js",
    "start": 1590747727618,
    "end": 1590747727618,
    "duration": 0,
    "pid": 7922,
    "index": 30
  },
  {
    "name": "Load extend/request.js",
    "start": 1590747727619,
    "end": 1590747727620,
    "duration": 1,
    "pid": 7922,
    "index": 31
  },
  {
    "name": "Require(27) node_modules/egg/app/extend/request.js",
    "start": 1590747727619,
    "end": 1590747727619,
    "duration": 0,
    "pid": 7922,
    "index": 32
  },
  {
    "name": "Load extend/response.js",
    "start": 1590747727620,
    "end": 1590747727622,
    "duration": 2,
    "pid": 7922,
    "index": 33
  },
  {
    "name": "Require(28) node_modules/egg/app/extend/response.js",
    "start": 1590747727621,
    "end": 1590747727621,
    "duration": 0,
    "pid": 7922,
    "index": 34
  },
  {
    "name": "Load extend/context.js",
    "start": 1590747727622,
    "end": 1590747727653,
    "duration": 31,
    "pid": 7922,
    "index": 35
  },
  {
    "name": "Require(29) node_modules/egg-security/app/extend/context.js",
    "start": 1590747727622,
    "end": 1590747727625,
    "duration": 3,
    "pid": 7922,
    "index": 36
  },
  {
    "name": "Require(30) node_modules/egg-jsonp/app/extend/context.js",
    "start": 1590747727625,
    "end": 1590747727626,
    "duration": 1,
    "pid": 7922,
    "index": 37
  },
  {
    "name": "Require(31) node_modules/egg-i18n/app/extend/context.js",
    "start": 1590747727626,
    "end": 1590747727626,
    "duration": 0,
    "pid": 7922,
    "index": 38
  },
  {
    "name": "Require(32) node_modules/egg-multipart/app/extend/context.js",
    "start": 1590747727626,
    "end": 1590747727652,
    "duration": 26,
    "pid": 7922,
    "index": 39
  },
  {
    "name": "Require(33) node_modules/egg-view/app/extend/context.js",
    "start": 1590747727652,
    "end": 1590747727652,
    "duration": 0,
    "pid": 7922,
    "index": 40
  },
  {
    "name": "Require(34) node_modules/egg/app/extend/context.js",
    "start": 1590747727652,
    "end": 1590747727653,
    "duration": 1,
    "pid": 7922,
    "index": 41
  },
  {
    "name": "Load extend/helper.js",
    "start": 1590747727653,
    "end": 1590747727661,
    "duration": 8,
    "pid": 7922,
    "index": 42
  },
  {
    "name": "Require(35) node_modules/egg-security/app/extend/helper.js",
    "start": 1590747727654,
    "end": 1590747727660,
    "duration": 6,
    "pid": 7922,
    "index": 43
  },
  {
    "name": "Require(36) node_modules/egg/app/extend/helper.js",
    "start": 1590747727660,
    "end": 1590747727660,
    "duration": 0,
    "pid": 7922,
    "index": 44
  },
  {
    "name": "Load app.js",
    "start": 1590747727661,
    "end": 1590747727681,
    "duration": 20,
    "pid": 7922,
    "index": 45
  },
  {
    "name": "Require(37) node_modules/egg-session/app.js",
    "start": 1590747727661,
    "end": 1590747727661,
    "duration": 0,
    "pid": 7922,
    "index": 46
  },
  {
    "name": "Require(38) node_modules/egg-security/app.js",
    "start": 1590747727661,
    "end": 1590747727662,
    "duration": 1,
    "pid": 7922,
    "index": 47
  },
  {
    "name": "Require(39) node_modules/egg-onerror/app.js",
    "start": 1590747727662,
    "end": 1590747727665,
    "duration": 3,
    "pid": 7922,
    "index": 48
  },
  {
    "name": "Require(40) node_modules/egg-i18n/app.js",
    "start": 1590747727665,
    "end": 1590747727671,
    "duration": 6,
    "pid": 7922,
    "index": 49
  },
  {
    "name": "Require(41) node_modules/egg-watcher/app.js",
    "start": 1590747727671,
    "end": 1590747727672,
    "duration": 1,
    "pid": 7922,
    "index": 50
  },
  {
    "name": "Require(42) node_modules/egg-schedule/app.js",
    "start": 1590747727672,
    "end": 1590747727673,
    "duration": 1,
    "pid": 7922,
    "index": 51
  },
  {
    "name": "Require(43) node_modules/egg-multipart/app.js",
    "start": 1590747727673,
    "end": 1590747727674,
    "duration": 1,
    "pid": 7922,
    "index": 52
  },
  {
    "name": "Require(44) node_modules/egg-development/app.js",
    "start": 1590747727674,
    "end": 1590747727674,
    "duration": 0,
    "pid": 7922,
    "index": 53
  },
  {
    "name": "Require(45) node_modules/egg-logrotator/app.js",
    "start": 1590747727674,
    "end": 1590747727674,
    "duration": 0,
    "pid": 7922,
    "index": 54
  },
  {
    "name": "Require(46) node_modules/egg-static/app.js",
    "start": 1590747727674,
    "end": 1590747727675,
    "duration": 1,
    "pid": 7922,
    "index": 55
  },
  {
    "name": "Require(47) node_modules/egg-view-ejs/app.js",
    "start": 1590747727675,
    "end": 1590747727675,
    "duration": 0,
    "pid": 7922,
    "index": 56
  },
  {
    "name": "Require(48) node_modules/egg-mysql/app.js",
    "start": 1590747727675,
    "end": 1590747727680,
    "duration": 5,
    "pid": 7922,
    "index": 57
  },
  {
    "name": "Before Start in node_modules/egg-watcher/lib/init.js:15:14",
    "start": 1590747727690,
    "end": 1590747727827,
    "duration": 137,
    "pid": 7922,
    "index": 58
  },
  {
    "name": "Before Start in node_modules/egg-mysql/lib/mysql.js:20:7",
    "start": 1590747727739,
    "end": 1590747727830,
    "duration": 91,
    "pid": 7922,
    "index": 59
  },
  {
    "name": "Load Service",
    "start": 1590747727739,
    "end": 1590747727772,
    "duration": 33,
    "pid": 7922,
    "index": 60
  },
  {
    "name": "Load \"service\" to Context",
    "start": 1590747727739,
    "end": 1590747727772,
    "duration": 33,
    "pid": 7922,
    "index": 61
  },
  {
    "name": "Load Middleware",
    "start": 1590747727772,
    "end": 1590747727801,
    "duration": 29,
    "pid": 7922,
    "index": 62
  },
  {
    "name": "Load \"middlewares\" to Application",
    "start": 1590747727772,
    "end": 1590747727795,
    "duration": 23,
    "pid": 7922,
    "index": 63
  },
  {
    "name": "Load Controller",
    "start": 1590747727801,
    "end": 1590747727806,
    "duration": 5,
    "pid": 7922,
    "index": 64
  },
  {
    "name": "Load \"controller\" to Application",
    "start": 1590747727801,
    "end": 1590747727806,
    "duration": 5,
    "pid": 7922,
    "index": 65
  },
  {
    "name": "Load Router",
    "start": 1590747727806,
    "end": 1590747727808,
    "duration": 2,
    "pid": 7922,
    "index": 66
  },
  {
    "name": "Require(49) app/router.js",
    "start": 1590747727806,
    "end": 1590747727807,
    "duration": 1,
    "pid": 7922,
    "index": 67
  },
  {
    "name": "Before Start in node_modules/egg-core/lib/egg.js:303:10",
    "start": 1590747727807,
    "end": 1590747727818,
    "duration": 11,
    "pid": 7922,
    "index": 68
  }
]