[
  {
    "name": "Application Start",
    "start": 1589375395638,
    "end": 1589375424098,
    "duration": 28460,
    "pid": 1965,
    "index": 0
  },
  {
    "name": "Load Plugin",
    "start": 1589375395687,
    "end": 1589375395841,
    "duration": 154,
    "pid": 1965,
    "index": 1
  },
  {
    "name": "Load Config",
    "start": 1589375395842,
    "end": 1589375397262,
    "duration": 1420,
    "pid": 1965,
    "index": 2
  },
  {
    "name": "Require(0) config/config.default.js",
    "start": 1589375395843,
    "end": 1589375395843,
    "duration": 0,
    "pid": 1965,
    "index": 3
  },
  {
    "name": "Require(1) node_modules/egg-session/config/config.default.js",
    "start": 1589375395846,
    "end": 1589375395889,
    "duration": 43,
    "pid": 1965,
    "index": 4
  },
  {
    "name": "Require(2) node_modules/egg-security/config/config.default.js",
    "start": 1589375395890,
    "end": 1589375395921,
    "duration": 31,
    "pid": 1965,
    "index": 5
  },
  {
    "name": "Require(3) node_modules/egg-jsonp/config/config.default.js",
    "start": 1589375395942,
    "end": 1589375395967,
    "duration": 25,
    "pid": 1965,
    "index": 6
  },
  {
    "name": "Require(4) node_modules/egg-onerror/config/config.default.js",
    "start": 1589375395991,
    "end": 1589375396049,
    "duration": 58,
    "pid": 1965,
    "index": 7
  },
  {
    "name": "Require(5) node_modules/egg-i18n/config/config.default.js",
    "start": 1589375396087,
    "end": 1589375396109,
    "duration": 22,
    "pid": 1965,
    "index": 8
  },
  {
    "name": "Require(6) node_modules/egg-watcher/config/config.default.js",
    "start": 1589375396154,
    "end": 1589375396207,
    "duration": 53,
    "pid": 1965,
    "index": 9
  },
  {
    "name": "Require(7) node_modules/egg-schedule/config/config.default.js",
    "start": 1589375396207,
    "end": 1589375396255,
    "duration": 48,
    "pid": 1965,
    "index": 10
  },
  {
    "name": "Require(8) node_modules/egg-multipart/config/config.default.js",
    "start": 1589375396291,
    "end": 1589375396334,
    "duration": 43,
    "pid": 1965,
    "index": 11
  },
  {
    "name": "Require(9) node_modules/egg-development/config/config.default.js",
    "start": 1589375396358,
    "end": 1589375396387,
    "duration": 29,
    "pid": 1965,
    "index": 12
  },
  {
    "name": "Require(10) node_modules/egg-logrotator/config/config.default.js",
    "start": 1589375396421,
    "end": 1589375396452,
    "duration": 31,
    "pid": 1965,
    "index": 13
  },
  {
    "name": "Require(11) node_modules/egg-static/config/config.default.js",
    "start": 1589375396475,
    "end": 1589375396536,
    "duration": 61,
    "pid": 1965,
    "index": 14
  },
  {
    "name": "Require(12) node_modules/egg-view/config/config.default.js",
    "start": 1589375396564,
    "end": 1589375396583,
    "duration": 19,
    "pid": 1965,
    "index": 15
  },
  {
    "name": "Require(13) node_modules/egg-view-ejs/config/config.default.js",
    "start": 1589375396662,
    "end": 1589375396718,
    "duration": 56,
    "pid": 1965,
    "index": 16
  },
  {
    "name": "Require(14) node_modules/egg-mysql/config/config.default.js",
    "start": 1589375396755,
    "end": 1589375396810,
    "duration": 55,
    "pid": 1965,
    "index": 17
  },
  {
    "name": "Require(15) node_modules/egg/config/config.default.js",
    "start": 1589375396811,
    "end": 1589375396834,
    "duration": 23,
    "pid": 1965,
    "index": 18
  },
  {
    "name": "Require(16) config/config.default.js",
    "start": 1589375396952,
    "end": 1589375396952,
    "duration": 0,
    "pid": 1965,
    "index": 19
  },
  {
    "name": "Require(17) node_modules/egg-security/config/config.local.js",
    "start": 1589375396953,
    "end": 1589375397105,
    "duration": 152,
    "pid": 1965,
    "index": 20
  },
  {
    "name": "Require(18) node_modules/egg-watcher/config/config.local.js",
    "start": 1589375397106,
    "end": 1589375397132,
    "duration": 26,
    "pid": 1965,
    "index": 21
  },
  {
    "name": "Require(19) node_modules/egg-view/config/config.local.js",
    "start": 1589375397134,
    "end": 1589375397184,
    "duration": 50,
    "pid": 1965,
    "index": 22
  },
  {
    "name": "Require(20) node_modules/egg-view-ejs/config/config.local.js",
    "start": 1589375397184,
    "end": 1589375397220,
    "duration": 36,
    "pid": 1965,
    "index": 23
  },
  {
    "name": "Require(21) node_modules/egg/config/config.local.js",
    "start": 1589375397220,
    "end": 1589375397262,
    "duration": 42,
    "pid": 1965,
    "index": 24
  },
  {
    "name": "Load extend/application.js",
    "start": 1589375397265,
    "end": 1589375397985,
    "duration": 720,
    "pid": 1965,
    "index": 25
  },
  {
    "name": "Require(22) node_modules/egg-session/app/extend/application.js",
    "start": 1589375397265,
    "end": 1589375397294,
    "duration": 29,
    "pid": 1965,
    "index": 26
  },
  {
    "name": "Require(23) node_modules/egg-security/app/extend/application.js",
    "start": 1589375397353,
    "end": 1589375397507,
    "duration": 154,
    "pid": 1965,
    "index": 27
  },
  {
    "name": "Require(24) node_modules/egg-jsonp/app/extend/application.js",
    "start": 1589375397531,
    "end": 1589375397626,
    "duration": 95,
    "pid": 1965,
    "index": 28
  },
  {
    "name": "Require(25) node_modules/egg-logrotator/app/extend/application.js",
    "start": 1589375397648,
    "end": 1589375397735,
    "duration": 87,
    "pid": 1965,
    "index": 29
  },
  {
    "name": "Require(26) node_modules/egg-view/app/extend/application.js",
    "start": 1589375397735,
    "end": 1589375397928,
    "duration": 193,
    "pid": 1965,
    "index": 30
  },
  {
    "name": "Load extend/request.js",
    "start": 1589375397985,
    "end": 1589375398023,
    "duration": 38,
    "pid": 1965,
    "index": 31
  },
  {
    "name": "Require(27) node_modules/egg/app/extend/request.js",
    "start": 1589375397988,
    "end": 1589375398022,
    "duration": 34,
    "pid": 1965,
    "index": 32
  },
  {
    "name": "Load extend/response.js",
    "start": 1589375398023,
    "end": 1589375398189,
    "duration": 166,
    "pid": 1965,
    "index": 33
  },
  {
    "name": "Require(28) node_modules/egg/app/extend/response.js",
    "start": 1589375398025,
    "end": 1589375398187,
    "duration": 162,
    "pid": 1965,
    "index": 34
  },
  {
    "name": "Load extend/context.js",
    "start": 1589375398189,
    "end": 1589375400201,
    "duration": 2012,
    "pid": 1965,
    "index": 35
  },
  {
    "name": "Require(29) node_modules/egg-security/app/extend/context.js",
    "start": 1589375398189,
    "end": 1589375398801,
    "duration": 612,
    "pid": 1965,
    "index": 36
  },
  {
    "name": "Require(30) node_modules/egg-jsonp/app/extend/context.js",
    "start": 1589375398802,
    "end": 1589375398890,
    "duration": 88,
    "pid": 1965,
    "index": 37
  },
  {
    "name": "Require(31) node_modules/egg-i18n/app/extend/context.js",
    "start": 1589375398890,
    "end": 1589375398911,
    "duration": 21,
    "pid": 1965,
    "index": 38
  },
  {
    "name": "Require(32) node_modules/egg-multipart/app/extend/context.js",
    "start": 1589375398911,
    "end": 1589375400106,
    "duration": 1195,
    "pid": 1965,
    "index": 39
  },
  {
    "name": "Require(33) node_modules/egg-view/app/extend/context.js",
    "start": 1589375400106,
    "end": 1589375400173,
    "duration": 67,
    "pid": 1965,
    "index": 40
  },
  {
    "name": "Require(34) node_modules/egg/app/extend/context.js",
    "start": 1589375400173,
    "end": 1589375400200,
    "duration": 27,
    "pid": 1965,
    "index": 41
  },
  {
    "name": "Load extend/helper.js",
    "start": 1589375400202,
    "end": 1589375401250,
    "duration": 1048,
    "pid": 1965,
    "index": 42
  },
  {
    "name": "Require(35) node_modules/egg-security/app/extend/helper.js",
    "start": 1589375400202,
    "end": 1589375401217,
    "duration": 1015,
    "pid": 1965,
    "index": 43
  },
  {
    "name": "Require(36) node_modules/egg/app/extend/helper.js",
    "start": 1589375401228,
    "end": 1589375401247,
    "duration": 19,
    "pid": 1965,
    "index": 44
  },
  {
    "name": "Load app.js",
    "start": 1589375401250,
    "end": 1589375405451,
    "duration": 4201,
    "pid": 1965,
    "index": 45
  },
  {
    "name": "Require(37) node_modules/egg-session/app.js",
    "start": 1589375401306,
    "end": 1589375401388,
    "duration": 82,
    "pid": 1965,
    "index": 46
  },
  {
    "name": "Require(38) node_modules/egg-security/app.js",
    "start": 1589375401389,
    "end": 1589375401448,
    "duration": 59,
    "pid": 1965,
    "index": 47
  },
  {
    "name": "Require(39) node_modules/egg-onerror/app.js",
    "start": 1589375401512,
    "end": 1589375402538,
    "duration": 1026,
    "pid": 1965,
    "index": 48
  },
  {
    "name": "Require(40) node_modules/egg-i18n/app.js",
    "start": 1589375402581,
    "end": 1589375403613,
    "duration": 1032,
    "pid": 1965,
    "index": 49
  },
  {
    "name": "Require(41) node_modules/egg-watcher/app.js",
    "start": 1589375403642,
    "end": 1589375403863,
    "duration": 221,
    "pid": 1965,
    "index": 50
  },
  {
    "name": "Require(42) node_modules/egg-schedule/app.js",
    "start": 1589375403881,
    "end": 1589375403970,
    "duration": 89,
    "pid": 1965,
    "index": 51
  },
  {
    "name": "Require(43) node_modules/egg-multipart/app.js",
    "start": 1589375403996,
    "end": 1589375404254,
    "duration": 258,
    "pid": 1965,
    "index": 52
  },
  {
    "name": "Require(44) node_modules/egg-development/app.js",
    "start": 1589375404280,
    "end": 1589375404319,
    "duration": 39,
    "pid": 1965,
    "index": 53
  },
  {
    "name": "Require(45) node_modules/egg-logrotator/app.js",
    "start": 1589375404319,
    "end": 1589375404334,
    "duration": 15,
    "pid": 1965,
    "index": 54
  },
  {
    "name": "Require(46) node_modules/egg-static/app.js",
    "start": 1589375404378,
    "end": 1589375404440,
    "duration": 62,
    "pid": 1965,
    "index": 55
  },
  {
    "name": "Require(47) node_modules/egg-view-ejs/app.js",
    "start": 1589375404463,
    "end": 1589375404503,
    "duration": 40,
    "pid": 1965,
    "index": 56
  },
  {
    "name": "Require(48) node_modules/egg-mysql/app.js",
    "start": 1589375404571,
    "end": 1589375405366,
    "duration": 795,
    "pid": 1965,
    "index": 57
  },
  {
    "name": "Before Start in node_modules/egg-watcher/lib/init.js:15:14",
    "start": 1589375405578,
    "end": 1589375422860,
    "duration": 17282,
    "pid": 1965,
    "index": 58
  },
  {
    "name": "Before Start in node_modules/egg-mysql/lib/mysql.js:20:7",
    "start": 1589375408592,
    "end": 1589375424096,
    "duration": 15504,
    "pid": 1965,
    "index": 59
  },
  {
    "name": "Load Service",
    "start": 1589375408592,
    "end": 1589375414407,
    "duration": 5815,
    "pid": 1965,
    "index": 60
  },
  {
    "name": "Load \"service\" to Context",
    "start": 1589375408593,
    "end": 1589375414407,
    "duration": 5814,
    "pid": 1965,
    "index": 61
  },
  {
    "name": "Load Middleware",
    "start": 1589375414407,
    "end": 1589375422219,
    "duration": 7812,
    "pid": 1965,
    "index": 62
  },
  {
    "name": "Load \"middlewares\" to Application",
    "start": 1589375414408,
    "end": 1589375421892,
    "duration": 7484,
    "pid": 1965,
    "index": 63
  },
  {
    "name": "Load Controller",
    "start": 1589375422219,
    "end": 1589375422583,
    "duration": 364,
    "pid": 1965,
    "index": 64
  },
  {
    "name": "Load \"controller\" to Application",
    "start": 1589375422219,
    "end": 1589375422583,
    "duration": 364,
    "pid": 1965,
    "index": 65
  },
  {
    "name": "Load Router",
    "start": 1589375422583,
    "end": 1589375422590,
    "duration": 7,
    "pid": 1965,
    "index": 66
  },
  {
    "name": "Require(49) app/router.js",
    "start": 1589375422584,
    "end": 1589375422585,
    "duration": 1,
    "pid": 1965,
    "index": 67
  },
  {
    "name": "Before Start in node_modules/egg-core/lib/egg.js:303:10",
    "start": 1589375422586,
    "end": 1589375422641,
    "duration": 55,
    "pid": 1965,
    "index": 68
  }
]