[
  {
    "name": "Application Start",
    "start": 1591254691135,
    "end": 1591254691468,
    "duration": 333,
    "pid": 3568,
    "index": 0
  },
  {
    "name": "Load Plugin",
    "start": 1591254691138,
    "end": 1591254691143,
    "duration": 5,
    "pid": 3568,
    "index": 1
  },
  {
    "name": "Load Config",
    "start": 1591254691144,
    "end": 1591254691153,
    "duration": 9,
    "pid": 3568,
    "index": 2
  },
  {
    "name": "Require(0) config/config.default.js",
    "start": 1591254691144,
    "end": 1591254691144,
    "duration": 0,
    "pid": 3568,
    "index": 3
  },
  {
    "name": "Require(1) node_modules/egg-session/config/config.default.js",
    "start": 1591254691145,
    "end": 1591254691146,
    "duration": 1,
    "pid": 3568,
    "index": 4
  },
  {
    "name": "Require(2) node_modules/egg-security/config/config.default.js",
    "start": 1591254691146,
    "end": 1591254691146,
    "duration": 0,
    "pid": 3568,
    "index": 5
  },
  {
    "name": "Require(3) node_modules/egg-jsonp/config/config.default.js",
    "start": 1591254691146,
    "end": 1591254691147,
    "duration": 1,
    "pid": 3568,
    "index": 6
  },
  {
    "name": "Require(4) node_modules/egg-onerror/config/config.default.js",
    "start": 1591254691147,
    "end": 1591254691147,
    "duration": 0,
    "pid": 3568,
    "index": 7
  },
  {
    "name": "Require(5) node_modules/egg-i18n/config/config.default.js",
    "start": 1591254691147,
    "end": 1591254691147,
    "duration": 0,
    "pid": 3568,
    "index": 8
  },
  {
    "name": "Require(6) node_modules/egg-watcher/config/config.default.js",
    "start": 1591254691147,
    "end": 1591254691147,
    "duration": 0,
    "pid": 3568,
    "index": 9
  },
  {
    "name": "Require(7) node_modules/egg-schedule/config/config.default.js",
    "start": 1591254691147,
    "end": 1591254691148,
    "duration": 1,
    "pid": 3568,
    "index": 10
  },
  {
    "name": "Require(8) node_modules/egg-multipart/config/config.default.js",
    "start": 1591254691148,
    "end": 1591254691148,
    "duration": 0,
    "pid": 3568,
    "index": 11
  },
  {
    "name": "Require(9) node_modules/egg-development/config/config.default.js",
    "start": 1591254691148,
    "end": 1591254691148,
    "duration": 0,
    "pid": 3568,
    "index": 12
  },
  {
    "name": "Require(10) node_modules/egg-logrotator/config/config.default.js",
    "start": 1591254691149,
    "end": 1591254691149,
    "duration": 0,
    "pid": 3568,
    "index": 13
  },
  {
    "name": "Require(11) node_modules/egg-static/config/config.default.js",
    "start": 1591254691149,
    "end": 1591254691149,
    "duration": 0,
    "pid": 3568,
    "index": 14
  },
  {
    "name": "Require(12) node_modules/egg-view/config/config.default.js",
    "start": 1591254691149,
    "end": 1591254691149,
    "duration": 0,
    "pid": 3568,
    "index": 15
  },
  {
    "name": "Require(13) node_modules/egg-view-ejs/config/config.default.js",
    "start": 1591254691149,
    "end": 1591254691149,
    "duration": 0,
    "pid": 3568,
    "index": 16
  },
  {
    "name": "Require(14) node_modules/egg-mysql/config/config.default.js",
    "start": 1591254691150,
    "end": 1591254691150,
    "duration": 0,
    "pid": 3568,
    "index": 17
  },
  {
    "name": "Require(15) node_modules/egg/config/config.default.js",
    "start": 1591254691150,
    "end": 1591254691150,
    "duration": 0,
    "pid": 3568,
    "index": 18
  },
  {
    "name": "Require(16) config/config.default.js",
    "start": 1591254691151,
    "end": 1591254691151,
    "duration": 0,
    "pid": 3568,
    "index": 19
  },
  {
    "name": "Require(17) node_modules/egg-security/config/config.local.js",
    "start": 1591254691151,
    "end": 1591254691151,
    "duration": 0,
    "pid": 3568,
    "index": 20
  },
  {
    "name": "Require(18) node_modules/egg-watcher/config/config.local.js",
    "start": 1591254691152,
    "end": 1591254691152,
    "duration": 0,
    "pid": 3568,
    "index": 21
  },
  {
    "name": "Require(19) node_modules/egg-view/config/config.local.js",
    "start": 1591254691152,
    "end": 1591254691152,
    "duration": 0,
    "pid": 3568,
    "index": 22
  },
  {
    "name": "Require(20) node_modules/egg-view-ejs/config/config.local.js",
    "start": 1591254691152,
    "end": 1591254691152,
    "duration": 0,
    "pid": 3568,
    "index": 23
  },
  {
    "name": "Require(21) node_modules/egg/config/config.local.js",
    "start": 1591254691152,
    "end": 1591254691152,
    "duration": 0,
    "pid": 3568,
    "index": 24
  },
  {
    "name": "Load extend/application.js",
    "start": 1591254691154,
    "end": 1591254691164,
    "duration": 10,
    "pid": 3568,
    "index": 25
  },
  {
    "name": "Require(22) node_modules/egg-session/app/extend/application.js",
    "start": 1591254691154,
    "end": 1591254691160,
    "duration": 6,
    "pid": 3568,
    "index": 26
  },
  {
    "name": "Require(23) node_modules/egg-security/app/extend/application.js",
    "start": 1591254691160,
    "end": 1591254691161,
    "duration": 1,
    "pid": 3568,
    "index": 27
  },
  {
    "name": "Require(24) node_modules/egg-jsonp/app/extend/application.js",
    "start": 1591254691161,
    "end": 1591254691162,
    "duration": 1,
    "pid": 3568,
    "index": 28
  },
  {
    "name": "Require(25) node_modules/egg-logrotator/app/extend/application.js",
    "start": 1591254691162,
    "end": 1591254691163,
    "duration": 1,
    "pid": 3568,
    "index": 29
  },
  {
    "name": "Require(26) node_modules/egg-view/app/extend/application.js",
    "start": 1591254691163,
    "end": 1591254691164,
    "duration": 1,
    "pid": 3568,
    "index": 30
  },
  {
    "name": "Load extend/request.js",
    "start": 1591254691164,
    "end": 1591254691166,
    "duration": 2,
    "pid": 3568,
    "index": 31
  },
  {
    "name": "Require(27) node_modules/egg/app/extend/request.js",
    "start": 1591254691165,
    "end": 1591254691165,
    "duration": 0,
    "pid": 3568,
    "index": 32
  },
  {
    "name": "Load extend/response.js",
    "start": 1591254691166,
    "end": 1591254691171,
    "duration": 5,
    "pid": 3568,
    "index": 33
  },
  {
    "name": "Require(28) node_modules/egg/app/extend/response.js",
    "start": 1591254691167,
    "end": 1591254691168,
    "duration": 1,
    "pid": 3568,
    "index": 34
  },
  {
    "name": "Load extend/context.js",
    "start": 1591254691171,
    "end": 1591254691204,
    "duration": 33,
    "pid": 3568,
    "index": 35
  },
  {
    "name": "Require(29) node_modules/egg-security/app/extend/context.js",
    "start": 1591254691171,
    "end": 1591254691174,
    "duration": 3,
    "pid": 3568,
    "index": 36
  },
  {
    "name": "Require(30) node_modules/egg-jsonp/app/extend/context.js",
    "start": 1591254691174,
    "end": 1591254691175,
    "duration": 1,
    "pid": 3568,
    "index": 37
  },
  {
    "name": "Require(31) node_modules/egg-i18n/app/extend/context.js",
    "start": 1591254691175,
    "end": 1591254691175,
    "duration": 0,
    "pid": 3568,
    "index": 38
  },
  {
    "name": "Require(32) node_modules/egg-multipart/app/extend/context.js",
    "start": 1591254691175,
    "end": 1591254691202,
    "duration": 27,
    "pid": 3568,
    "index": 39
  },
  {
    "name": "Require(33) node_modules/egg-view/app/extend/context.js",
    "start": 1591254691202,
    "end": 1591254691203,
    "duration": 1,
    "pid": 3568,
    "index": 40
  },
  {
    "name": "Require(34) node_modules/egg/app/extend/context.js",
    "start": 1591254691203,
    "end": 1591254691203,
    "duration": 0,
    "pid": 3568,
    "index": 41
  },
  {
    "name": "Load extend/helper.js",
    "start": 1591254691204,
    "end": 1591254691217,
    "duration": 13,
    "pid": 3568,
    "index": 42
  },
  {
    "name": "Require(35) node_modules/egg-security/app/extend/helper.js",
    "start": 1591254691204,
    "end": 1591254691216,
    "duration": 12,
    "pid": 3568,
    "index": 43
  },
  {
    "name": "Require(36) node_modules/egg/app/extend/helper.js",
    "start": 1591254691216,
    "end": 1591254691216,
    "duration": 0,
    "pid": 3568,
    "index": 44
  },
  {
    "name": "Load app.js",
    "start": 1591254691217,
    "end": 1591254691249,
    "duration": 32,
    "pid": 3568,
    "index": 45
  },
  {
    "name": "Require(37) node_modules/egg-session/app.js",
    "start": 1591254691217,
    "end": 1591254691218,
    "duration": 1,
    "pid": 3568,
    "index": 46
  },
  {
    "name": "Require(38) node_modules/egg-security/app.js",
    "start": 1591254691218,
    "end": 1591254691219,
    "duration": 1,
    "pid": 3568,
    "index": 47
  },
  {
    "name": "Require(39) node_modules/egg-onerror/app.js",
    "start": 1591254691219,
    "end": 1591254691225,
    "duration": 6,
    "pid": 3568,
    "index": 48
  },
  {
    "name": "Require(40) node_modules/egg-i18n/app.js",
    "start": 1591254691225,
    "end": 1591254691236,
    "duration": 11,
    "pid": 3568,
    "index": 49
  },
  {
    "name": "Require(41) node_modules/egg-watcher/app.js",
    "start": 1591254691236,
    "end": 1591254691237,
    "duration": 1,
    "pid": 3568,
    "index": 50
  },
  {
    "name": "Require(42) node_modules/egg-schedule/app.js",
    "start": 1591254691237,
    "end": 1591254691238,
    "duration": 1,
    "pid": 3568,
    "index": 51
  },
  {
    "name": "Require(43) node_modules/egg-multipart/app.js",
    "start": 1591254691238,
    "end": 1591254691241,
    "duration": 3,
    "pid": 3568,
    "index": 52
  },
  {
    "name": "Require(44) node_modules/egg-development/app.js",
    "start": 1591254691241,
    "end": 1591254691242,
    "duration": 1,
    "pid": 3568,
    "index": 53
  },
  {
    "name": "Require(45) node_modules/egg-logrotator/app.js",
    "start": 1591254691242,
    "end": 1591254691242,
    "duration": 0,
    "pid": 3568,
    "index": 54
  },
  {
    "name": "Require(46) node_modules/egg-static/app.js",
    "start": 1591254691242,
    "end": 1591254691243,
    "duration": 1,
    "pid": 3568,
    "index": 55
  },
  {
    "name": "Require(47) node_modules/egg-view-ejs/app.js",
    "start": 1591254691243,
    "end": 1591254691243,
    "duration": 0,
    "pid": 3568,
    "index": 56
  },
  {
    "name": "Require(48) node_modules/egg-mysql/app.js",
    "start": 1591254691243,
    "end": 1591254691249,
    "duration": 6,
    "pid": 3568,
    "index": 57
  },
  {
    "name": "Before Start in node_modules/egg-watcher/lib/init.js:15:14",
    "start": 1591254691257,
    "end": 1591254691462,
    "duration": 205,
    "pid": 3568,
    "index": 58
  },
  {
    "name": "Before Start in node_modules/egg-mysql/lib/mysql.js:20:7",
    "start": 1591254691323,
    "end": 1591254691467,
    "duration": 144,
    "pid": 3568,
    "index": 59
  },
  {
    "name": "Load Service",
    "start": 1591254691323,
    "end": 1591254691383,
    "duration": 60,
    "pid": 3568,
    "index": 60
  },
  {
    "name": "Load \"service\" to Context",
    "start": 1591254691323,
    "end": 1591254691383,
    "duration": 60,
    "pid": 3568,
    "index": 61
  },
  {
    "name": "Load Middleware",
    "start": 1591254691383,
    "end": 1591254691434,
    "duration": 51,
    "pid": 3568,
    "index": 62
  },
  {
    "name": "Load \"middlewares\" to Application",
    "start": 1591254691383,
    "end": 1591254691429,
    "duration": 46,
    "pid": 3568,
    "index": 63
  },
  {
    "name": "Load Controller",
    "start": 1591254691434,
    "end": 1591254691441,
    "duration": 7,
    "pid": 3568,
    "index": 64
  },
  {
    "name": "Load \"controller\" to Application",
    "start": 1591254691434,
    "end": 1591254691441,
    "duration": 7,
    "pid": 3568,
    "index": 65
  },
  {
    "name": "Load Router",
    "start": 1591254691441,
    "end": 1591254691444,
    "duration": 3,
    "pid": 3568,
    "index": 66
  },
  {
    "name": "Require(49) app/router.js",
    "start": 1591254691442,
    "end": 1591254691442,
    "duration": 0,
    "pid": 3568,
    "index": 67
  },
  {
    "name": "Before Start in node_modules/egg-core/lib/egg.js:303:10",
    "start": 1591254691442,
    "end": 1591254691452,
    "duration": 10,
    "pid": 3568,
    "index": 68
  }
]