[
  {
    "name": "Application Start",
    "start": 1590745644945,
    "end": 1590745645317,
    "duration": 372,
    "pid": 7583,
    "index": 0
  },
  {
    "name": "Load Plugin",
    "start": 1590745644951,
    "end": 1590745644961,
    "duration": 10,
    "pid": 7583,
    "index": 1
  },
  {
    "name": "Load Config",
    "start": 1590745644961,
    "end": 1590745644978,
    "duration": 17,
    "pid": 7583,
    "index": 2
  },
  {
    "name": "Require(0) config/config.default.js",
    "start": 1590745644962,
    "end": 1590745644962,
    "duration": 0,
    "pid": 7583,
    "index": 3
  },
  {
    "name": "Require(1) node_modules/egg-session/config/config.default.js",
    "start": 1590745644963,
    "end": 1590745644964,
    "duration": 1,
    "pid": 7583,
    "index": 4
  },
  {
    "name": "Require(2) node_modules/egg-security/config/config.default.js",
    "start": 1590745644964,
    "end": 1590745644964,
    "duration": 0,
    "pid": 7583,
    "index": 5
  },
  {
    "name": "Require(3) node_modules/egg-jsonp/config/config.default.js",
    "start": 1590745644965,
    "end": 1590745644965,
    "duration": 0,
    "pid": 7583,
    "index": 6
  },
  {
    "name": "Require(4) node_modules/egg-onerror/config/config.default.js",
    "start": 1590745644965,
    "end": 1590745644966,
    "duration": 1,
    "pid": 7583,
    "index": 7
  },
  {
    "name": "Require(5) node_modules/egg-i18n/config/config.default.js",
    "start": 1590745644966,
    "end": 1590745644967,
    "duration": 1,
    "pid": 7583,
    "index": 8
  },
  {
    "name": "Require(6) node_modules/egg-watcher/config/config.default.js",
    "start": 1590745644967,
    "end": 1590745644967,
    "duration": 0,
    "pid": 7583,
    "index": 9
  },
  {
    "name": "Require(7) node_modules/egg-schedule/config/config.default.js",
    "start": 1590745644968,
    "end": 1590745644968,
    "duration": 0,
    "pid": 7583,
    "index": 10
  },
  {
    "name": "Require(8) node_modules/egg-multipart/config/config.default.js",
    "start": 1590745644968,
    "end": 1590745644968,
    "duration": 0,
    "pid": 7583,
    "index": 11
  },
  {
    "name": "Require(9) node_modules/egg-development/config/config.default.js",
    "start": 1590745644969,
    "end": 1590745644969,
    "duration": 0,
    "pid": 7583,
    "index": 12
  },
  {
    "name": "Require(10) node_modules/egg-logrotator/config/config.default.js",
    "start": 1590745644969,
    "end": 1590745644970,
    "duration": 1,
    "pid": 7583,
    "index": 13
  },
  {
    "name": "Require(11) node_modules/egg-static/config/config.default.js",
    "start": 1590745644970,
    "end": 1590745644971,
    "duration": 1,
    "pid": 7583,
    "index": 14
  },
  {
    "name": "Require(12) node_modules/egg-view/config/config.default.js",
    "start": 1590745644971,
    "end": 1590745644971,
    "duration": 0,
    "pid": 7583,
    "index": 15
  },
  {
    "name": "Require(13) node_modules/egg-view-ejs/config/config.default.js",
    "start": 1590745644972,
    "end": 1590745644972,
    "duration": 0,
    "pid": 7583,
    "index": 16
  },
  {
    "name": "Require(14) node_modules/egg-mysql/config/config.default.js",
    "start": 1590745644973,
    "end": 1590745644973,
    "duration": 0,
    "pid": 7583,
    "index": 17
  },
  {
    "name": "Require(15) node_modules/egg/config/config.default.js",
    "start": 1590745644973,
    "end": 1590745644974,
    "duration": 1,
    "pid": 7583,
    "index": 18
  },
  {
    "name": "Require(16) config/config.default.js",
    "start": 1590745644975,
    "end": 1590745644975,
    "duration": 0,
    "pid": 7583,
    "index": 19
  },
  {
    "name": "Require(17) node_modules/egg-security/config/config.local.js",
    "start": 1590745644976,
    "end": 1590745644976,
    "duration": 0,
    "pid": 7583,
    "index": 20
  },
  {
    "name": "Require(18) node_modules/egg-watcher/config/config.local.js",
    "start": 1590745644976,
    "end": 1590745644976,
    "duration": 0,
    "pid": 7583,
    "index": 21
  },
  {
    "name": "Require(19) node_modules/egg-view/config/config.local.js",
    "start": 1590745644977,
    "end": 1590745644977,
    "duration": 0,
    "pid": 7583,
    "index": 22
  },
  {
    "name": "Require(20) node_modules/egg-view-ejs/config/config.local.js",
    "start": 1590745644977,
    "end": 1590745644977,
    "duration": 0,
    "pid": 7583,
    "index": 23
  },
  {
    "name": "Require(21) node_modules/egg/config/config.local.js",
    "start": 1590745644978,
    "end": 1590745644978,
    "duration": 0,
    "pid": 7583,
    "index": 24
  },
  {
    "name": "Load extend/application.js",
    "start": 1590745644979,
    "end": 1590745644987,
    "duration": 8,
    "pid": 7583,
    "index": 25
  },
  {
    "name": "Require(22) node_modules/egg-session/app/extend/application.js",
    "start": 1590745644979,
    "end": 1590745644980,
    "duration": 1,
    "pid": 7583,
    "index": 26
  },
  {
    "name": "Require(23) node_modules/egg-security/app/extend/application.js",
    "start": 1590745644980,
    "end": 1590745644981,
    "duration": 1,
    "pid": 7583,
    "index": 27
  },
  {
    "name": "Require(24) node_modules/egg-jsonp/app/extend/application.js",
    "start": 1590745644982,
    "end": 1590745644983,
    "duration": 1,
    "pid": 7583,
    "index": 28
  },
  {
    "name": "Require(25) node_modules/egg-logrotator/app/extend/application.js",
    "start": 1590745644983,
    "end": 1590745644984,
    "duration": 1,
    "pid": 7583,
    "index": 29
  },
  {
    "name": "Require(26) node_modules/egg-view/app/extend/application.js",
    "start": 1590745644985,
    "end": 1590745644986,
    "duration": 1,
    "pid": 7583,
    "index": 30
  },
  {
    "name": "Load extend/request.js",
    "start": 1590745644987,
    "end": 1590745644989,
    "duration": 2,
    "pid": 7583,
    "index": 31
  },
  {
    "name": "Require(27) node_modules/egg/app/extend/request.js",
    "start": 1590745644987,
    "end": 1590745644988,
    "duration": 1,
    "pid": 7583,
    "index": 32
  },
  {
    "name": "Load extend/response.js",
    "start": 1590745644989,
    "end": 1590745644992,
    "duration": 3,
    "pid": 7583,
    "index": 33
  },
  {
    "name": "Require(28) node_modules/egg/app/extend/response.js",
    "start": 1590745644990,
    "end": 1590745644991,
    "duration": 1,
    "pid": 7583,
    "index": 34
  },
  {
    "name": "Load extend/context.js",
    "start": 1590745644992,
    "end": 1590745645040,
    "duration": 48,
    "pid": 7583,
    "index": 35
  },
  {
    "name": "Require(29) node_modules/egg-security/app/extend/context.js",
    "start": 1590745644994,
    "end": 1590745645000,
    "duration": 6,
    "pid": 7583,
    "index": 36
  },
  {
    "name": "Require(30) node_modules/egg-jsonp/app/extend/context.js",
    "start": 1590745645000,
    "end": 1590745645002,
    "duration": 2,
    "pid": 7583,
    "index": 37
  },
  {
    "name": "Require(31) node_modules/egg-i18n/app/extend/context.js",
    "start": 1590745645002,
    "end": 1590745645002,
    "duration": 0,
    "pid": 7583,
    "index": 38
  },
  {
    "name": "Require(32) node_modules/egg-multipart/app/extend/context.js",
    "start": 1590745645002,
    "end": 1590745645037,
    "duration": 35,
    "pid": 7583,
    "index": 39
  },
  {
    "name": "Require(33) node_modules/egg-view/app/extend/context.js",
    "start": 1590745645037,
    "end": 1590745645038,
    "duration": 1,
    "pid": 7583,
    "index": 40
  },
  {
    "name": "Require(34) node_modules/egg/app/extend/context.js",
    "start": 1590745645038,
    "end": 1590745645039,
    "duration": 1,
    "pid": 7583,
    "index": 41
  },
  {
    "name": "Load extend/helper.js",
    "start": 1590745645040,
    "end": 1590745645054,
    "duration": 14,
    "pid": 7583,
    "index": 42
  },
  {
    "name": "Require(35) node_modules/egg-security/app/extend/helper.js",
    "start": 1590745645040,
    "end": 1590745645053,
    "duration": 13,
    "pid": 7583,
    "index": 43
  },
  {
    "name": "Require(36) node_modules/egg/app/extend/helper.js",
    "start": 1590745645053,
    "end": 1590745645054,
    "duration": 1,
    "pid": 7583,
    "index": 44
  },
  {
    "name": "Load app.js",
    "start": 1590745645054,
    "end": 1590745645097,
    "duration": 43,
    "pid": 7583,
    "index": 45
  },
  {
    "name": "Require(37) node_modules/egg-session/app.js",
    "start": 1590745645054,
    "end": 1590745645055,
    "duration": 1,
    "pid": 7583,
    "index": 46
  },
  {
    "name": "Require(38) node_modules/egg-security/app.js",
    "start": 1590745645055,
    "end": 1590745645056,
    "duration": 1,
    "pid": 7583,
    "index": 47
  },
  {
    "name": "Require(39) node_modules/egg-onerror/app.js",
    "start": 1590745645056,
    "end": 1590745645064,
    "duration": 8,
    "pid": 7583,
    "index": 48
  },
  {
    "name": "Require(40) node_modules/egg-i18n/app.js",
    "start": 1590745645064,
    "end": 1590745645074,
    "duration": 10,
    "pid": 7583,
    "index": 49
  },
  {
    "name": "Require(41) node_modules/egg-watcher/app.js",
    "start": 1590745645075,
    "end": 1590745645077,
    "duration": 2,
    "pid": 7583,
    "index": 50
  },
  {
    "name": "Require(42) node_modules/egg-schedule/app.js",
    "start": 1590745645077,
    "end": 1590745645079,
    "duration": 2,
    "pid": 7583,
    "index": 51
  },
  {
    "name": "Require(43) node_modules/egg-multipart/app.js",
    "start": 1590745645079,
    "end": 1590745645081,
    "duration": 2,
    "pid": 7583,
    "index": 52
  },
  {
    "name": "Require(44) node_modules/egg-development/app.js",
    "start": 1590745645081,
    "end": 1590745645082,
    "duration": 1,
    "pid": 7583,
    "index": 53
  },
  {
    "name": "Require(45) node_modules/egg-logrotator/app.js",
    "start": 1590745645082,
    "end": 1590745645082,
    "duration": 0,
    "pid": 7583,
    "index": 54
  },
  {
    "name": "Require(46) node_modules/egg-static/app.js",
    "start": 1590745645082,
    "end": 1590745645083,
    "duration": 1,
    "pid": 7583,
    "index": 55
  },
  {
    "name": "Require(47) node_modules/egg-view-ejs/app.js",
    "start": 1590745645083,
    "end": 1590745645084,
    "duration": 1,
    "pid": 7583,
    "index": 56
  },
  {
    "name": "Require(48) node_modules/egg-mysql/app.js",
    "start": 1590745645084,
    "end": 1590745645096,
    "duration": 12,
    "pid": 7583,
    "index": 57
  },
  {
    "name": "Before Start in node_modules/egg-watcher/lib/init.js:15:14",
    "start": 1590745645105,
    "end": 1590745645314,
    "duration": 209,
    "pid": 7583,
    "index": 58
  },
  {
    "name": "Before Start in node_modules/egg-mysql/lib/mysql.js:20:7",
    "start": 1590745645177,
    "end": 1590745645317,
    "duration": 140,
    "pid": 7583,
    "index": 59
  },
  {
    "name": "Load Service",
    "start": 1590745645177,
    "end": 1590745645232,
    "duration": 55,
    "pid": 7583,
    "index": 60
  },
  {
    "name": "Load \"service\" to Context",
    "start": 1590745645177,
    "end": 1590745645232,
    "duration": 55,
    "pid": 7583,
    "index": 61
  },
  {
    "name": "Load Middleware",
    "start": 1590745645232,
    "end": 1590745645284,
    "duration": 52,
    "pid": 7583,
    "index": 62
  },
  {
    "name": "Load \"middlewares\" to Application",
    "start": 1590745645232,
    "end": 1590745645279,
    "duration": 47,
    "pid": 7583,
    "index": 63
  },
  {
    "name": "Load Controller",
    "start": 1590745645284,
    "end": 1590745645292,
    "duration": 8,
    "pid": 7583,
    "index": 64
  },
  {
    "name": "Load \"controller\" to Application",
    "start": 1590745645284,
    "end": 1590745645292,
    "duration": 8,
    "pid": 7583,
    "index": 65
  },
  {
    "name": "Load Router",
    "start": 1590745645292,
    "end": 1590745645294,
    "duration": 2,
    "pid": 7583,
    "index": 66
  },
  {
    "name": "Require(49) app/router.js",
    "start": 1590745645292,
    "end": 1590745645293,
    "duration": 1,
    "pid": 7583,
    "index": 67
  },
  {
    "name": "Before Start in node_modules/egg-core/lib/egg.js:303:10",
    "start": 1590745645293,
    "end": 1590745645305,
    "duration": 12,
    "pid": 7583,
    "index": 68
  }
]