[
  {
    "name": "Application Start",
    "start": 1590740833372,
    "end": 1590740833619,
    "duration": 247,
    "pid": 6903,
    "index": 0
  },
  {
    "name": "Load Plugin",
    "start": 1590740833375,
    "end": 1590740833381,
    "duration": 6,
    "pid": 6903,
    "index": 1
  },
  {
    "name": "Load Config",
    "start": 1590740833381,
    "end": 1590740833391,
    "duration": 10,
    "pid": 6903,
    "index": 2
  },
  {
    "name": "Require(0) config/config.default.js",
    "start": 1590740833381,
    "end": 1590740833382,
    "duration": 1,
    "pid": 6903,
    "index": 3
  },
  {
    "name": "Require(1) node_modules/egg-session/config/config.default.js",
    "start": 1590740833383,
    "end": 1590740833383,
    "duration": 0,
    "pid": 6903,
    "index": 4
  },
  {
    "name": "Require(2) node_modules/egg-security/config/config.default.js",
    "start": 1590740833383,
    "end": 1590740833383,
    "duration": 0,
    "pid": 6903,
    "index": 5
  },
  {
    "name": "Require(3) node_modules/egg-jsonp/config/config.default.js",
    "start": 1590740833384,
    "end": 1590740833384,
    "duration": 0,
    "pid": 6903,
    "index": 6
  },
  {
    "name": "Require(4) node_modules/egg-onerror/config/config.default.js",
    "start": 1590740833384,
    "end": 1590740833384,
    "duration": 0,
    "pid": 6903,
    "index": 7
  },
  {
    "name": "Require(5) node_modules/egg-i18n/config/config.default.js",
    "start": 1590740833384,
    "end": 1590740833384,
    "duration": 0,
    "pid": 6903,
    "index": 8
  },
  {
    "name": "Require(6) node_modules/egg-watcher/config/config.default.js",
    "start": 1590740833385,
    "end": 1590740833385,
    "duration": 0,
    "pid": 6903,
    "index": 9
  },
  {
    "name": "Require(7) node_modules/egg-schedule/config/config.default.js",
    "start": 1590740833385,
    "end": 1590740833385,
    "duration": 0,
    "pid": 6903,
    "index": 10
  },
  {
    "name": "Require(8) node_modules/egg-multipart/config/config.default.js",
    "start": 1590740833385,
    "end": 1590740833385,
    "duration": 0,
    "pid": 6903,
    "index": 11
  },
  {
    "name": "Require(9) node_modules/egg-development/config/config.default.js",
    "start": 1590740833386,
    "end": 1590740833386,
    "duration": 0,
    "pid": 6903,
    "index": 12
  },
  {
    "name": "Require(10) node_modules/egg-logrotator/config/config.default.js",
    "start": 1590740833386,
    "end": 1590740833386,
    "duration": 0,
    "pid": 6903,
    "index": 13
  },
  {
    "name": "Require(11) node_modules/egg-static/config/config.default.js",
    "start": 1590740833386,
    "end": 1590740833387,
    "duration": 1,
    "pid": 6903,
    "index": 14
  },
  {
    "name": "Require(12) node_modules/egg-view/config/config.default.js",
    "start": 1590740833387,
    "end": 1590740833387,
    "duration": 0,
    "pid": 6903,
    "index": 15
  },
  {
    "name": "Require(13) node_modules/egg-view-ejs/config/config.default.js",
    "start": 1590740833387,
    "end": 1590740833387,
    "duration": 0,
    "pid": 6903,
    "index": 16
  },
  {
    "name": "Require(14) node_modules/egg-mysql/config/config.default.js",
    "start": 1590740833387,
    "end": 1590740833388,
    "duration": 1,
    "pid": 6903,
    "index": 17
  },
  {
    "name": "Require(15) node_modules/egg/config/config.default.js",
    "start": 1590740833388,
    "end": 1590740833388,
    "duration": 0,
    "pid": 6903,
    "index": 18
  },
  {
    "name": "Require(16) config/config.default.js",
    "start": 1590740833389,
    "end": 1590740833389,
    "duration": 0,
    "pid": 6903,
    "index": 19
  },
  {
    "name": "Require(17) node_modules/egg-security/config/config.local.js",
    "start": 1590740833389,
    "end": 1590740833389,
    "duration": 0,
    "pid": 6903,
    "index": 20
  },
  {
    "name": "Require(18) node_modules/egg-watcher/config/config.local.js",
    "start": 1590740833390,
    "end": 1590740833390,
    "duration": 0,
    "pid": 6903,
    "index": 21
  },
  {
    "name": "Require(19) node_modules/egg-view/config/config.local.js",
    "start": 1590740833390,
    "end": 1590740833390,
    "duration": 0,
    "pid": 6903,
    "index": 22
  },
  {
    "name": "Require(20) node_modules/egg-view-ejs/config/config.local.js",
    "start": 1590740833390,
    "end": 1590740833390,
    "duration": 0,
    "pid": 6903,
    "index": 23
  },
  {
    "name": "Require(21) node_modules/egg/config/config.local.js",
    "start": 1590740833390,
    "end": 1590740833390,
    "duration": 0,
    "pid": 6903,
    "index": 24
  },
  {
    "name": "Load extend/application.js",
    "start": 1590740833392,
    "end": 1590740833395,
    "duration": 3,
    "pid": 6903,
    "index": 25
  },
  {
    "name": "Require(22) node_modules/egg-session/app/extend/application.js",
    "start": 1590740833392,
    "end": 1590740833392,
    "duration": 0,
    "pid": 6903,
    "index": 26
  },
  {
    "name": "Require(23) node_modules/egg-security/app/extend/application.js",
    "start": 1590740833392,
    "end": 1590740833392,
    "duration": 0,
    "pid": 6903,
    "index": 27
  },
  {
    "name": "Require(24) node_modules/egg-jsonp/app/extend/application.js",
    "start": 1590740833393,
    "end": 1590740833393,
    "duration": 0,
    "pid": 6903,
    "index": 28
  },
  {
    "name": "Require(25) node_modules/egg-logrotator/app/extend/application.js",
    "start": 1590740833393,
    "end": 1590740833394,
    "duration": 1,
    "pid": 6903,
    "index": 29
  },
  {
    "name": "Require(26) node_modules/egg-view/app/extend/application.js",
    "start": 1590740833394,
    "end": 1590740833394,
    "duration": 0,
    "pid": 6903,
    "index": 30
  },
  {
    "name": "Load extend/request.js",
    "start": 1590740833395,
    "end": 1590740833396,
    "duration": 1,
    "pid": 6903,
    "index": 31
  },
  {
    "name": "Require(27) node_modules/egg/app/extend/request.js",
    "start": 1590740833395,
    "end": 1590740833396,
    "duration": 1,
    "pid": 6903,
    "index": 32
  },
  {
    "name": "Load extend/response.js",
    "start": 1590740833396,
    "end": 1590740833398,
    "duration": 2,
    "pid": 6903,
    "index": 33
  },
  {
    "name": "Require(28) node_modules/egg/app/extend/response.js",
    "start": 1590740833397,
    "end": 1590740833398,
    "duration": 1,
    "pid": 6903,
    "index": 34
  },
  {
    "name": "Load extend/context.js",
    "start": 1590740833398,
    "end": 1590740833434,
    "duration": 36,
    "pid": 6903,
    "index": 35
  },
  {
    "name": "Require(29) node_modules/egg-security/app/extend/context.js",
    "start": 1590740833401,
    "end": 1590740833404,
    "duration": 3,
    "pid": 6903,
    "index": 36
  },
  {
    "name": "Require(30) node_modules/egg-jsonp/app/extend/context.js",
    "start": 1590740833404,
    "end": 1590740833405,
    "duration": 1,
    "pid": 6903,
    "index": 37
  },
  {
    "name": "Require(31) node_modules/egg-i18n/app/extend/context.js",
    "start": 1590740833405,
    "end": 1590740833405,
    "duration": 0,
    "pid": 6903,
    "index": 38
  },
  {
    "name": "Require(32) node_modules/egg-multipart/app/extend/context.js",
    "start": 1590740833405,
    "end": 1590740833432,
    "duration": 27,
    "pid": 6903,
    "index": 39
  },
  {
    "name": "Require(33) node_modules/egg-view/app/extend/context.js",
    "start": 1590740833432,
    "end": 1590740833433,
    "duration": 1,
    "pid": 6903,
    "index": 40
  },
  {
    "name": "Require(34) node_modules/egg/app/extend/context.js",
    "start": 1590740833433,
    "end": 1590740833433,
    "duration": 0,
    "pid": 6903,
    "index": 41
  },
  {
    "name": "Load extend/helper.js",
    "start": 1590740833434,
    "end": 1590740833444,
    "duration": 10,
    "pid": 6903,
    "index": 42
  },
  {
    "name": "Require(35) node_modules/egg-security/app/extend/helper.js",
    "start": 1590740833434,
    "end": 1590740833442,
    "duration": 8,
    "pid": 6903,
    "index": 43
  },
  {
    "name": "Require(36) node_modules/egg/app/extend/helper.js",
    "start": 1590740833443,
    "end": 1590740833443,
    "duration": 0,
    "pid": 6903,
    "index": 44
  },
  {
    "name": "Load app.js",
    "start": 1590740833444,
    "end": 1590740833467,
    "duration": 23,
    "pid": 6903,
    "index": 45
  },
  {
    "name": "Require(37) node_modules/egg-session/app.js",
    "start": 1590740833444,
    "end": 1590740833444,
    "duration": 0,
    "pid": 6903,
    "index": 46
  },
  {
    "name": "Require(38) node_modules/egg-security/app.js",
    "start": 1590740833444,
    "end": 1590740833445,
    "duration": 1,
    "pid": 6903,
    "index": 47
  },
  {
    "name": "Require(39) node_modules/egg-onerror/app.js",
    "start": 1590740833445,
    "end": 1590740833448,
    "duration": 3,
    "pid": 6903,
    "index": 48
  },
  {
    "name": "Require(40) node_modules/egg-i18n/app.js",
    "start": 1590740833449,
    "end": 1590740833455,
    "duration": 6,
    "pid": 6903,
    "index": 49
  },
  {
    "name": "Require(41) node_modules/egg-watcher/app.js",
    "start": 1590740833455,
    "end": 1590740833456,
    "duration": 1,
    "pid": 6903,
    "index": 50
  },
  {
    "name": "Require(42) node_modules/egg-schedule/app.js",
    "start": 1590740833456,
    "end": 1590740833457,
    "duration": 1,
    "pid": 6903,
    "index": 51
  },
  {
    "name": "Require(43) node_modules/egg-multipart/app.js",
    "start": 1590740833457,
    "end": 1590740833458,
    "duration": 1,
    "pid": 6903,
    "index": 52
  },
  {
    "name": "Require(44) node_modules/egg-development/app.js",
    "start": 1590740833458,
    "end": 1590740833458,
    "duration": 0,
    "pid": 6903,
    "index": 53
  },
  {
    "name": "Require(45) node_modules/egg-logrotator/app.js",
    "start": 1590740833458,
    "end": 1590740833458,
    "duration": 0,
    "pid": 6903,
    "index": 54
  },
  {
    "name": "Require(46) node_modules/egg-static/app.js",
    "start": 1590740833458,
    "end": 1590740833458,
    "duration": 0,
    "pid": 6903,
    "index": 55
  },
  {
    "name": "Require(47) node_modules/egg-view-ejs/app.js",
    "start": 1590740833459,
    "end": 1590740833459,
    "duration": 0,
    "pid": 6903,
    "index": 56
  },
  {
    "name": "Require(48) node_modules/egg-mysql/app.js",
    "start": 1590740833459,
    "end": 1590740833466,
    "duration": 7,
    "pid": 6903,
    "index": 57
  },
  {
    "name": "Before Start in node_modules/egg-watcher/lib/init.js:15:14",
    "start": 1590740833475,
    "end": 1590740833616,
    "duration": 141,
    "pid": 6903,
    "index": 58
  },
  {
    "name": "Before Start in node_modules/egg-mysql/lib/mysql.js:20:7",
    "start": 1590740833527,
    "end": 1590740833618,
    "duration": 91,
    "pid": 6903,
    "index": 59
  },
  {
    "name": "Load Service",
    "start": 1590740833527,
    "end": 1590740833560,
    "duration": 33,
    "pid": 6903,
    "index": 60
  },
  {
    "name": "Load \"service\" to Context",
    "start": 1590740833527,
    "end": 1590740833560,
    "duration": 33,
    "pid": 6903,
    "index": 61
  },
  {
    "name": "Load Middleware",
    "start": 1590740833560,
    "end": 1590740833589,
    "duration": 29,
    "pid": 6903,
    "index": 62
  },
  {
    "name": "Load \"middlewares\" to Application",
    "start": 1590740833560,
    "end": 1590740833585,
    "duration": 25,
    "pid": 6903,
    "index": 63
  },
  {
    "name": "Load Controller",
    "start": 1590740833590,
    "end": 1590740833594,
    "duration": 4,
    "pid": 6903,
    "index": 64
  },
  {
    "name": "Load \"controller\" to Application",
    "start": 1590740833590,
    "end": 1590740833594,
    "duration": 4,
    "pid": 6903,
    "index": 65
  },
  {
    "name": "Load Router",
    "start": 1590740833594,
    "end": 1590740833595,
    "duration": 1,
    "pid": 6903,
    "index": 66
  },
  {
    "name": "Require(49) app/router.js",
    "start": 1590740833594,
    "end": 1590740833594,
    "duration": 0,
    "pid": 6903,
    "index": 67
  },
  {
    "name": "Before Start in node_modules/egg-core/lib/egg.js:303:10",
    "start": 1590740833594,
    "end": 1590740833605,
    "duration": 11,
    "pid": 6903,
    "index": 68
  }
]