[
  {
    "name": "Application Start",
    "start": 1590738687747,
    "end": 1590738688136,
    "duration": 389,
    "pid": 6585,
    "index": 0
  },
  {
    "name": "Load Plugin",
    "start": 1590738687751,
    "end": 1590738687765,
    "duration": 14,
    "pid": 6585,
    "index": 1
  },
  {
    "name": "Load Config",
    "start": 1590738687765,
    "end": 1590738687783,
    "duration": 18,
    "pid": 6585,
    "index": 2
  },
  {
    "name": "Require(0) config/config.default.js",
    "start": 1590738687766,
    "end": 1590738687767,
    "duration": 1,
    "pid": 6585,
    "index": 3
  },
  {
    "name": "Require(1) node_modules/egg-session/config/config.default.js",
    "start": 1590738687768,
    "end": 1590738687769,
    "duration": 1,
    "pid": 6585,
    "index": 4
  },
  {
    "name": "Require(2) node_modules/egg-security/config/config.default.js",
    "start": 1590738687769,
    "end": 1590738687770,
    "duration": 1,
    "pid": 6585,
    "index": 5
  },
  {
    "name": "Require(3) node_modules/egg-jsonp/config/config.default.js",
    "start": 1590738687771,
    "end": 1590738687771,
    "duration": 0,
    "pid": 6585,
    "index": 6
  },
  {
    "name": "Require(4) node_modules/egg-onerror/config/config.default.js",
    "start": 1590738687771,
    "end": 1590738687772,
    "duration": 1,
    "pid": 6585,
    "index": 7
  },
  {
    "name": "Require(5) node_modules/egg-i18n/config/config.default.js",
    "start": 1590738687772,
    "end": 1590738687772,
    "duration": 0,
    "pid": 6585,
    "index": 8
  },
  {
    "name": "Require(6) node_modules/egg-watcher/config/config.default.js",
    "start": 1590738687773,
    "end": 1590738687773,
    "duration": 0,
    "pid": 6585,
    "index": 9
  },
  {
    "name": "Require(7) node_modules/egg-schedule/config/config.default.js",
    "start": 1590738687773,
    "end": 1590738687774,
    "duration": 1,
    "pid": 6585,
    "index": 10
  },
  {
    "name": "Require(8) node_modules/egg-multipart/config/config.default.js",
    "start": 1590738687774,
    "end": 1590738687774,
    "duration": 0,
    "pid": 6585,
    "index": 11
  },
  {
    "name": "Require(9) node_modules/egg-development/config/config.default.js",
    "start": 1590738687775,
    "end": 1590738687775,
    "duration": 0,
    "pid": 6585,
    "index": 12
  },
  {
    "name": "Require(10) node_modules/egg-logrotator/config/config.default.js",
    "start": 1590738687775,
    "end": 1590738687776,
    "duration": 1,
    "pid": 6585,
    "index": 13
  },
  {
    "name": "Require(11) node_modules/egg-static/config/config.default.js",
    "start": 1590738687776,
    "end": 1590738687777,
    "duration": 1,
    "pid": 6585,
    "index": 14
  },
  {
    "name": "Require(12) node_modules/egg-view/config/config.default.js",
    "start": 1590738687777,
    "end": 1590738687777,
    "duration": 0,
    "pid": 6585,
    "index": 15
  },
  {
    "name": "Require(13) node_modules/egg-view-ejs/config/config.default.js",
    "start": 1590738687777,
    "end": 1590738687778,
    "duration": 1,
    "pid": 6585,
    "index": 16
  },
  {
    "name": "Require(14) node_modules/egg-mysql/config/config.default.js",
    "start": 1590738687778,
    "end": 1590738687778,
    "duration": 0,
    "pid": 6585,
    "index": 17
  },
  {
    "name": "Require(15) node_modules/egg/config/config.default.js",
    "start": 1590738687779,
    "end": 1590738687779,
    "duration": 0,
    "pid": 6585,
    "index": 18
  },
  {
    "name": "Require(16) config/config.default.js",
    "start": 1590738687781,
    "end": 1590738687781,
    "duration": 0,
    "pid": 6585,
    "index": 19
  },
  {
    "name": "Require(17) node_modules/egg-security/config/config.local.js",
    "start": 1590738687781,
    "end": 1590738687781,
    "duration": 0,
    "pid": 6585,
    "index": 20
  },
  {
    "name": "Require(18) node_modules/egg-watcher/config/config.local.js",
    "start": 1590738687782,
    "end": 1590738687782,
    "duration": 0,
    "pid": 6585,
    "index": 21
  },
  {
    "name": "Require(19) node_modules/egg-view/config/config.local.js",
    "start": 1590738687782,
    "end": 1590738687782,
    "duration": 0,
    "pid": 6585,
    "index": 22
  },
  {
    "name": "Require(20) node_modules/egg-view-ejs/config/config.local.js",
    "start": 1590738687782,
    "end": 1590738687783,
    "duration": 1,
    "pid": 6585,
    "index": 23
  },
  {
    "name": "Require(21) node_modules/egg/config/config.local.js",
    "start": 1590738687783,
    "end": 1590738687783,
    "duration": 0,
    "pid": 6585,
    "index": 24
  },
  {
    "name": "Load extend/application.js",
    "start": 1590738687785,
    "end": 1590738687791,
    "duration": 6,
    "pid": 6585,
    "index": 25
  },
  {
    "name": "Require(22) node_modules/egg-session/app/extend/application.js",
    "start": 1590738687785,
    "end": 1590738687786,
    "duration": 1,
    "pid": 6585,
    "index": 26
  },
  {
    "name": "Require(23) node_modules/egg-security/app/extend/application.js",
    "start": 1590738687786,
    "end": 1590738687787,
    "duration": 1,
    "pid": 6585,
    "index": 27
  },
  {
    "name": "Require(24) node_modules/egg-jsonp/app/extend/application.js",
    "start": 1590738687787,
    "end": 1590738687788,
    "duration": 1,
    "pid": 6585,
    "index": 28
  },
  {
    "name": "Require(25) node_modules/egg-logrotator/app/extend/application.js",
    "start": 1590738687788,
    "end": 1590738687789,
    "duration": 1,
    "pid": 6585,
    "index": 29
  },
  {
    "name": "Require(26) node_modules/egg-view/app/extend/application.js",
    "start": 1590738687790,
    "end": 1590738687791,
    "duration": 1,
    "pid": 6585,
    "index": 30
  },
  {
    "name": "Load extend/request.js",
    "start": 1590738687791,
    "end": 1590738687793,
    "duration": 2,
    "pid": 6585,
    "index": 31
  },
  {
    "name": "Require(27) node_modules/egg/app/extend/request.js",
    "start": 1590738687792,
    "end": 1590738687793,
    "duration": 1,
    "pid": 6585,
    "index": 32
  },
  {
    "name": "Load extend/response.js",
    "start": 1590738687793,
    "end": 1590738687796,
    "duration": 3,
    "pid": 6585,
    "index": 33
  },
  {
    "name": "Require(28) node_modules/egg/app/extend/response.js",
    "start": 1590738687794,
    "end": 1590738687795,
    "duration": 1,
    "pid": 6585,
    "index": 34
  },
  {
    "name": "Load extend/context.js",
    "start": 1590738687796,
    "end": 1590738687847,
    "duration": 51,
    "pid": 6585,
    "index": 35
  },
  {
    "name": "Require(29) node_modules/egg-security/app/extend/context.js",
    "start": 1590738687799,
    "end": 1590738687805,
    "duration": 6,
    "pid": 6585,
    "index": 36
  },
  {
    "name": "Require(30) node_modules/egg-jsonp/app/extend/context.js",
    "start": 1590738687806,
    "end": 1590738687807,
    "duration": 1,
    "pid": 6585,
    "index": 37
  },
  {
    "name": "Require(31) node_modules/egg-i18n/app/extend/context.js",
    "start": 1590738687807,
    "end": 1590738687807,
    "duration": 0,
    "pid": 6585,
    "index": 38
  },
  {
    "name": "Require(32) node_modules/egg-multipart/app/extend/context.js",
    "start": 1590738687808,
    "end": 1590738687844,
    "duration": 36,
    "pid": 6585,
    "index": 39
  },
  {
    "name": "Require(33) node_modules/egg-view/app/extend/context.js",
    "start": 1590738687844,
    "end": 1590738687845,
    "duration": 1,
    "pid": 6585,
    "index": 40
  },
  {
    "name": "Require(34) node_modules/egg/app/extend/context.js",
    "start": 1590738687845,
    "end": 1590738687846,
    "duration": 1,
    "pid": 6585,
    "index": 41
  },
  {
    "name": "Load extend/helper.js",
    "start": 1590738687847,
    "end": 1590738687861,
    "duration": 14,
    "pid": 6585,
    "index": 42
  },
  {
    "name": "Require(35) node_modules/egg-security/app/extend/helper.js",
    "start": 1590738687847,
    "end": 1590738687860,
    "duration": 13,
    "pid": 6585,
    "index": 43
  },
  {
    "name": "Require(36) node_modules/egg/app/extend/helper.js",
    "start": 1590738687861,
    "end": 1590738687861,
    "duration": 0,
    "pid": 6585,
    "index": 44
  },
  {
    "name": "Load app.js",
    "start": 1590738687862,
    "end": 1590738687905,
    "duration": 43,
    "pid": 6585,
    "index": 45
  },
  {
    "name": "Require(37) node_modules/egg-session/app.js",
    "start": 1590738687862,
    "end": 1590738687862,
    "duration": 0,
    "pid": 6585,
    "index": 46
  },
  {
    "name": "Require(38) node_modules/egg-security/app.js",
    "start": 1590738687862,
    "end": 1590738687864,
    "duration": 2,
    "pid": 6585,
    "index": 47
  },
  {
    "name": "Require(39) node_modules/egg-onerror/app.js",
    "start": 1590738687864,
    "end": 1590738687871,
    "duration": 7,
    "pid": 6585,
    "index": 48
  },
  {
    "name": "Require(40) node_modules/egg-i18n/app.js",
    "start": 1590738687871,
    "end": 1590738687881,
    "duration": 10,
    "pid": 6585,
    "index": 49
  },
  {
    "name": "Require(41) node_modules/egg-watcher/app.js",
    "start": 1590738687882,
    "end": 1590738687884,
    "duration": 2,
    "pid": 6585,
    "index": 50
  },
  {
    "name": "Require(42) node_modules/egg-schedule/app.js",
    "start": 1590738687884,
    "end": 1590738687885,
    "duration": 1,
    "pid": 6585,
    "index": 51
  },
  {
    "name": "Require(43) node_modules/egg-multipart/app.js",
    "start": 1590738687885,
    "end": 1590738687888,
    "duration": 3,
    "pid": 6585,
    "index": 52
  },
  {
    "name": "Require(44) node_modules/egg-development/app.js",
    "start": 1590738687888,
    "end": 1590738687888,
    "duration": 0,
    "pid": 6585,
    "index": 53
  },
  {
    "name": "Require(45) node_modules/egg-logrotator/app.js",
    "start": 1590738687889,
    "end": 1590738687889,
    "duration": 0,
    "pid": 6585,
    "index": 54
  },
  {
    "name": "Require(46) node_modules/egg-static/app.js",
    "start": 1590738687889,
    "end": 1590738687890,
    "duration": 1,
    "pid": 6585,
    "index": 55
  },
  {
    "name": "Require(47) node_modules/egg-view-ejs/app.js",
    "start": 1590738687890,
    "end": 1590738687890,
    "duration": 0,
    "pid": 6585,
    "index": 56
  },
  {
    "name": "Require(48) node_modules/egg-mysql/app.js",
    "start": 1590738687890,
    "end": 1590738687905,
    "duration": 15,
    "pid": 6585,
    "index": 57
  },
  {
    "name": "Before Start in node_modules/egg-watcher/lib/init.js:15:14",
    "start": 1590738687913,
    "end": 1590738688132,
    "duration": 219,
    "pid": 6585,
    "index": 58
  },
  {
    "name": "Before Start in node_modules/egg-mysql/lib/mysql.js:20:7",
    "start": 1590738687986,
    "end": 1590738688135,
    "duration": 149,
    "pid": 6585,
    "index": 59
  },
  {
    "name": "Load Service",
    "start": 1590738687986,
    "end": 1590738688048,
    "duration": 62,
    "pid": 6585,
    "index": 60
  },
  {
    "name": "Load \"service\" to Context",
    "start": 1590738687986,
    "end": 1590738688048,
    "duration": 62,
    "pid": 6585,
    "index": 61
  },
  {
    "name": "Load Middleware",
    "start": 1590738688049,
    "end": 1590738688103,
    "duration": 54,
    "pid": 6585,
    "index": 62
  },
  {
    "name": "Load \"middlewares\" to Application",
    "start": 1590738688049,
    "end": 1590738688097,
    "duration": 48,
    "pid": 6585,
    "index": 63
  },
  {
    "name": "Load Controller",
    "start": 1590738688103,
    "end": 1590738688110,
    "duration": 7,
    "pid": 6585,
    "index": 64
  },
  {
    "name": "Load \"controller\" to Application",
    "start": 1590738688103,
    "end": 1590738688110,
    "duration": 7,
    "pid": 6585,
    "index": 65
  },
  {
    "name": "Load Router",
    "start": 1590738688110,
    "end": 1590738688113,
    "duration": 3,
    "pid": 6585,
    "index": 66
  },
  {
    "name": "Require(49) app/router.js",
    "start": 1590738688110,
    "end": 1590738688111,
    "duration": 1,
    "pid": 6585,
    "index": 67
  },
  {
    "name": "Before Start in node_modules/egg-core/lib/egg.js:303:10",
    "start": 1590738688112,
    "end": 1590738688123,
    "duration": 11,
    "pid": 6585,
    "index": 68
  }
]