[
  {
    "name": "Application Start",
    "start": 1589375772527,
    "end": 1589375797726,
    "duration": 25199,
    "pid": 2158,
    "index": 0
  },
  {
    "name": "Load Plugin",
    "start": 1589375772554,
    "end": 1589375774080,
    "duration": 1526,
    "pid": 2158,
    "index": 1
  },
  {
    "name": "Load Config",
    "start": 1589375774080,
    "end": 1589375775737,
    "duration": 1657,
    "pid": 2158,
    "index": 2
  },
  {
    "name": "Require(0) config/config.default.js",
    "start": 1589375774082,
    "end": 1589375774260,
    "duration": 178,
    "pid": 2158,
    "index": 3
  },
  {
    "name": "Require(1) node_modules/egg-session/config/config.default.js",
    "start": 1589375774262,
    "end": 1589375774409,
    "duration": 147,
    "pid": 2158,
    "index": 4
  },
  {
    "name": "Require(2) node_modules/egg-security/config/config.default.js",
    "start": 1589375774409,
    "end": 1589375774540,
    "duration": 131,
    "pid": 2158,
    "index": 5
  },
  {
    "name": "Require(3) node_modules/egg-jsonp/config/config.default.js",
    "start": 1589375774541,
    "end": 1589375774576,
    "duration": 35,
    "pid": 2158,
    "index": 6
  },
  {
    "name": "Require(4) node_modules/egg-onerror/config/config.default.js",
    "start": 1589375774576,
    "end": 1589375774702,
    "duration": 126,
    "pid": 2158,
    "index": 7
  },
  {
    "name": "Require(5) node_modules/egg-i18n/config/config.default.js",
    "start": 1589375774703,
    "end": 1589375774850,
    "duration": 147,
    "pid": 2158,
    "index": 8
  },
  {
    "name": "Require(6) node_modules/egg-watcher/config/config.default.js",
    "start": 1589375774851,
    "end": 1589375775026,
    "duration": 175,
    "pid": 2158,
    "index": 9
  },
  {
    "name": "Require(7) node_modules/egg-schedule/config/config.default.js",
    "start": 1589375775027,
    "end": 1589375775186,
    "duration": 159,
    "pid": 2158,
    "index": 10
  },
  {
    "name": "Require(8) node_modules/egg-multipart/config/config.default.js",
    "start": 1589375775187,
    "end": 1589375775254,
    "duration": 67,
    "pid": 2158,
    "index": 11
  },
  {
    "name": "Require(9) node_modules/egg-development/config/config.default.js",
    "start": 1589375775255,
    "end": 1589375775295,
    "duration": 40,
    "pid": 2158,
    "index": 12
  },
  {
    "name": "Require(10) node_modules/egg-logrotator/config/config.default.js",
    "start": 1589375775295,
    "end": 1589375775326,
    "duration": 31,
    "pid": 2158,
    "index": 13
  },
  {
    "name": "Require(11) node_modules/egg-static/config/config.default.js",
    "start": 1589375775328,
    "end": 1589375775389,
    "duration": 61,
    "pid": 2158,
    "index": 14
  },
  {
    "name": "Require(12) node_modules/egg-view/config/config.default.js",
    "start": 1589375775390,
    "end": 1589375775414,
    "duration": 24,
    "pid": 2158,
    "index": 15
  },
  {
    "name": "Require(13) node_modules/egg-view-ejs/config/config.default.js",
    "start": 1589375775414,
    "end": 1589375775470,
    "duration": 56,
    "pid": 2158,
    "index": 16
  },
  {
    "name": "Require(14) node_modules/egg-mysql/config/config.default.js",
    "start": 1589375775470,
    "end": 1589375775496,
    "duration": 26,
    "pid": 2158,
    "index": 17
  },
  {
    "name": "Require(15) node_modules/egg/config/config.default.js",
    "start": 1589375775497,
    "end": 1589375775519,
    "duration": 22,
    "pid": 2158,
    "index": 18
  },
  {
    "name": "Require(16) config/config.default.js",
    "start": 1589375775583,
    "end": 1589375775583,
    "duration": 0,
    "pid": 2158,
    "index": 19
  },
  {
    "name": "Require(17) node_modules/egg-security/config/config.local.js",
    "start": 1589375775583,
    "end": 1589375775613,
    "duration": 30,
    "pid": 2158,
    "index": 20
  },
  {
    "name": "Require(18) node_modules/egg-watcher/config/config.local.js",
    "start": 1589375775614,
    "end": 1589375775640,
    "duration": 26,
    "pid": 2158,
    "index": 21
  },
  {
    "name": "Require(19) node_modules/egg-view/config/config.local.js",
    "start": 1589375775642,
    "end": 1589375775670,
    "duration": 28,
    "pid": 2158,
    "index": 22
  },
  {
    "name": "Require(20) node_modules/egg-view-ejs/config/config.local.js",
    "start": 1589375775670,
    "end": 1589375775706,
    "duration": 36,
    "pid": 2158,
    "index": 23
  },
  {
    "name": "Require(21) node_modules/egg/config/config.local.js",
    "start": 1589375775707,
    "end": 1589375775737,
    "duration": 30,
    "pid": 2158,
    "index": 24
  },
  {
    "name": "Load extend/application.js",
    "start": 1589375775739,
    "end": 1589375776205,
    "duration": 466,
    "pid": 2158,
    "index": 25
  },
  {
    "name": "Require(22) node_modules/egg-session/app/extend/application.js",
    "start": 1589375775740,
    "end": 1589375775802,
    "duration": 62,
    "pid": 2158,
    "index": 26
  },
  {
    "name": "Require(23) node_modules/egg-security/app/extend/application.js",
    "start": 1589375775803,
    "end": 1589375775881,
    "duration": 78,
    "pid": 2158,
    "index": 27
  },
  {
    "name": "Require(24) node_modules/egg-jsonp/app/extend/application.js",
    "start": 1589375775882,
    "end": 1589375775945,
    "duration": 63,
    "pid": 2158,
    "index": 28
  },
  {
    "name": "Require(25) node_modules/egg-logrotator/app/extend/application.js",
    "start": 1589375775946,
    "end": 1589375776044,
    "duration": 98,
    "pid": 2158,
    "index": 29
  },
  {
    "name": "Require(26) node_modules/egg-view/app/extend/application.js",
    "start": 1589375776045,
    "end": 1589375776203,
    "duration": 158,
    "pid": 2158,
    "index": 30
  },
  {
    "name": "Load extend/request.js",
    "start": 1589375776205,
    "end": 1589375776256,
    "duration": 51,
    "pid": 2158,
    "index": 31
  },
  {
    "name": "Require(27) node_modules/egg/app/extend/request.js",
    "start": 1589375776208,
    "end": 1589375776253,
    "duration": 45,
    "pid": 2158,
    "index": 32
  },
  {
    "name": "Load extend/response.js",
    "start": 1589375776256,
    "end": 1589375776419,
    "duration": 163,
    "pid": 2158,
    "index": 33
  },
  {
    "name": "Require(28) node_modules/egg/app/extend/response.js",
    "start": 1589375776259,
    "end": 1589375776417,
    "duration": 158,
    "pid": 2158,
    "index": 34
  },
  {
    "name": "Load extend/context.js",
    "start": 1589375776419,
    "end": 1589375778298,
    "duration": 1879,
    "pid": 2158,
    "index": 35
  },
  {
    "name": "Require(29) node_modules/egg-security/app/extend/context.js",
    "start": 1589375776419,
    "end": 1589375777009,
    "duration": 590,
    "pid": 2158,
    "index": 36
  },
  {
    "name": "Require(30) node_modules/egg-jsonp/app/extend/context.js",
    "start": 1589375777009,
    "end": 1589375777131,
    "duration": 122,
    "pid": 2158,
    "index": 37
  },
  {
    "name": "Require(31) node_modules/egg-i18n/app/extend/context.js",
    "start": 1589375777134,
    "end": 1589375777163,
    "duration": 29,
    "pid": 2158,
    "index": 38
  },
  {
    "name": "Require(32) node_modules/egg-multipart/app/extend/context.js",
    "start": 1589375777164,
    "end": 1589375778179,
    "duration": 1015,
    "pid": 2158,
    "index": 39
  },
  {
    "name": "Require(33) node_modules/egg-view/app/extend/context.js",
    "start": 1589375778179,
    "end": 1589375778203,
    "duration": 24,
    "pid": 2158,
    "index": 40
  },
  {
    "name": "Require(34) node_modules/egg/app/extend/context.js",
    "start": 1589375778203,
    "end": 1589375778296,
    "duration": 93,
    "pid": 2158,
    "index": 41
  },
  {
    "name": "Load extend/helper.js",
    "start": 1589375778298,
    "end": 1589375778990,
    "duration": 692,
    "pid": 2158,
    "index": 42
  },
  {
    "name": "Require(35) node_modules/egg-security/app/extend/helper.js",
    "start": 1589375778298,
    "end": 1589375778947,
    "duration": 649,
    "pid": 2158,
    "index": 43
  },
  {
    "name": "Require(36) node_modules/egg/app/extend/helper.js",
    "start": 1589375778950,
    "end": 1589375778988,
    "duration": 38,
    "pid": 2158,
    "index": 44
  },
  {
    "name": "Load app.js",
    "start": 1589375778991,
    "end": 1589375781435,
    "duration": 2444,
    "pid": 2158,
    "index": 45
  },
  {
    "name": "Require(37) node_modules/egg-session/app.js",
    "start": 1589375778991,
    "end": 1589375779018,
    "duration": 27,
    "pid": 2158,
    "index": 46
  },
  {
    "name": "Require(38) node_modules/egg-security/app.js",
    "start": 1589375779019,
    "end": 1589375779089,
    "duration": 70,
    "pid": 2158,
    "index": 47
  },
  {
    "name": "Require(39) node_modules/egg-onerror/app.js",
    "start": 1589375779089,
    "end": 1589375779580,
    "duration": 491,
    "pid": 2158,
    "index": 48
  },
  {
    "name": "Require(40) node_modules/egg-i18n/app.js",
    "start": 1589375779580,
    "end": 1589375780344,
    "duration": 764,
    "pid": 2158,
    "index": 49
  },
  {
    "name": "Require(41) node_modules/egg-watcher/app.js",
    "start": 1589375780344,
    "end": 1589375780516,
    "duration": 172,
    "pid": 2158,
    "index": 50
  },
  {
    "name": "Require(42) node_modules/egg-schedule/app.js",
    "start": 1589375780516,
    "end": 1589375780600,
    "duration": 84,
    "pid": 2158,
    "index": 51
  },
  {
    "name": "Require(43) node_modules/egg-multipart/app.js",
    "start": 1589375780600,
    "end": 1589375780740,
    "duration": 140,
    "pid": 2158,
    "index": 52
  },
  {
    "name": "Require(44) node_modules/egg-development/app.js",
    "start": 1589375780741,
    "end": 1589375780772,
    "duration": 31,
    "pid": 2158,
    "index": 53
  },
  {
    "name": "Require(45) node_modules/egg-logrotator/app.js",
    "start": 1589375780772,
    "end": 1589375780809,
    "duration": 37,
    "pid": 2158,
    "index": 54
  },
  {
    "name": "Require(46) node_modules/egg-static/app.js",
    "start": 1589375780809,
    "end": 1589375780826,
    "duration": 17,
    "pid": 2158,
    "index": 55
  },
  {
    "name": "Require(47) node_modules/egg-view-ejs/app.js",
    "start": 1589375780826,
    "end": 1589375780855,
    "duration": 29,
    "pid": 2158,
    "index": 56
  },
  {
    "name": "Require(48) node_modules/egg-mysql/app.js",
    "start": 1589375780855,
    "end": 1589375781434,
    "duration": 579,
    "pid": 2158,
    "index": 57
  },
  {
    "name": "Before Start in node_modules/egg-watcher/lib/init.js:15:14",
    "start": 1589375781466,
    "end": 1589375797688,
    "duration": 16222,
    "pid": 2158,
    "index": 58
  },
  {
    "name": "Before Start in node_modules/egg-mysql/lib/mysql.js:20:7",
    "start": 1589375784999,
    "end": 1589375797725,
    "duration": 12726,
    "pid": 2158,
    "index": 59
  },
  {
    "name": "Load Service",
    "start": 1589375785000,
    "end": 1589375790382,
    "duration": 5382,
    "pid": 2158,
    "index": 60
  },
  {
    "name": "Load \"service\" to Context",
    "start": 1589375785000,
    "end": 1589375790382,
    "duration": 5382,
    "pid": 2158,
    "index": 61
  },
  {
    "name": "Load Middleware",
    "start": 1589375790382,
    "end": 1589375796426,
    "duration": 6044,
    "pid": 2158,
    "index": 62
  },
  {
    "name": "Load \"middlewares\" to Application",
    "start": 1589375790382,
    "end": 1589375796143,
    "duration": 5761,
    "pid": 2158,
    "index": 63
  },
  {
    "name": "Load Controller",
    "start": 1589375796426,
    "end": 1589375796736,
    "duration": 310,
    "pid": 2158,
    "index": 64
  },
  {
    "name": "Load \"controller\" to Application",
    "start": 1589375796426,
    "end": 1589375796736,
    "duration": 310,
    "pid": 2158,
    "index": 65
  },
  {
    "name": "Load Router",
    "start": 1589375796736,
    "end": 1589375796770,
    "duration": 34,
    "pid": 2158,
    "index": 66
  },
  {
    "name": "Require(49) app/router.js",
    "start": 1589375796736,
    "end": 1589375796762,
    "duration": 26,
    "pid": 2158,
    "index": 67
  },
  {
    "name": "Before Start in node_modules/egg-core/lib/egg.js:303:10",
    "start": 1589375796763,
    "end": 1589375797643,
    "duration": 880,
    "pid": 2158,
    "index": 68
  }
]