[
  {
    "name": "Application Start",
    "start": 1591267457660,
    "end": 1591267458085,
    "duration": 425,
    "pid": 5965,
    "index": 0
  },
  {
    "name": "Load Plugin",
    "start": 1591267457664,
    "end": 1591267457674,
    "duration": 10,
    "pid": 5965,
    "index": 1
  },
  {
    "name": "Load Config",
    "start": 1591267457674,
    "end": 1591267457694,
    "duration": 20,
    "pid": 5965,
    "index": 2
  },
  {
    "name": "Require(0) config/config.default.js",
    "start": 1591267457674,
    "end": 1591267457675,
    "duration": 1,
    "pid": 5965,
    "index": 3
  },
  {
    "name": "Require(1) node_modules/egg-session/config/config.default.js",
    "start": 1591267457677,
    "end": 1591267457677,
    "duration": 0,
    "pid": 5965,
    "index": 4
  },
  {
    "name": "Require(2) node_modules/egg-security/config/config.default.js",
    "start": 1591267457677,
    "end": 1591267457678,
    "duration": 1,
    "pid": 5965,
    "index": 5
  },
  {
    "name": "Require(3) node_modules/egg-jsonp/config/config.default.js",
    "start": 1591267457679,
    "end": 1591267457679,
    "duration": 0,
    "pid": 5965,
    "index": 6
  },
  {
    "name": "Require(4) node_modules/egg-onerror/config/config.default.js",
    "start": 1591267457680,
    "end": 1591267457680,
    "duration": 0,
    "pid": 5965,
    "index": 7
  },
  {
    "name": "Require(5) node_modules/egg-i18n/config/config.default.js",
    "start": 1591267457681,
    "end": 1591267457681,
    "duration": 0,
    "pid": 5965,
    "index": 8
  },
  {
    "name": "Require(6) node_modules/egg-watcher/config/config.default.js",
    "start": 1591267457682,
    "end": 1591267457682,
    "duration": 0,
    "pid": 5965,
    "index": 9
  },
  {
    "name": "Require(7) node_modules/egg-schedule/config/config.default.js",
    "start": 1591267457682,
    "end": 1591267457682,
    "duration": 0,
    "pid": 5965,
    "index": 10
  },
  {
    "name": "Require(8) node_modules/egg-multipart/config/config.default.js",
    "start": 1591267457683,
    "end": 1591267457683,
    "duration": 0,
    "pid": 5965,
    "index": 11
  },
  {
    "name": "Require(9) node_modules/egg-development/config/config.default.js",
    "start": 1591267457683,
    "end": 1591267457684,
    "duration": 1,
    "pid": 5965,
    "index": 12
  },
  {
    "name": "Require(10) node_modules/egg-logrotator/config/config.default.js",
    "start": 1591267457684,
    "end": 1591267457685,
    "duration": 1,
    "pid": 5965,
    "index": 13
  },
  {
    "name": "Require(11) node_modules/egg-static/config/config.default.js",
    "start": 1591267457685,
    "end": 1591267457685,
    "duration": 0,
    "pid": 5965,
    "index": 14
  },
  {
    "name": "Require(12) node_modules/egg-view/config/config.default.js",
    "start": 1591267457686,
    "end": 1591267457686,
    "duration": 0,
    "pid": 5965,
    "index": 15
  },
  {
    "name": "Require(13) node_modules/egg-view-ejs/config/config.default.js",
    "start": 1591267457687,
    "end": 1591267457687,
    "duration": 0,
    "pid": 5965,
    "index": 16
  },
  {
    "name": "Require(14) node_modules/egg-mysql/config/config.default.js",
    "start": 1591267457688,
    "end": 1591267457688,
    "duration": 0,
    "pid": 5965,
    "index": 17
  },
  {
    "name": "Require(15) node_modules/egg/config/config.default.js",
    "start": 1591267457689,
    "end": 1591267457689,
    "duration": 0,
    "pid": 5965,
    "index": 18
  },
  {
    "name": "Require(16) config/config.default.js",
    "start": 1591267457691,
    "end": 1591267457691,
    "duration": 0,
    "pid": 5965,
    "index": 19
  },
  {
    "name": "Require(17) node_modules/egg-security/config/config.local.js",
    "start": 1591267457691,
    "end": 1591267457691,
    "duration": 0,
    "pid": 5965,
    "index": 20
  },
  {
    "name": "Require(18) node_modules/egg-watcher/config/config.local.js",
    "start": 1591267457692,
    "end": 1591267457692,
    "duration": 0,
    "pid": 5965,
    "index": 21
  },
  {
    "name": "Require(19) node_modules/egg-view/config/config.local.js",
    "start": 1591267457692,
    "end": 1591267457693,
    "duration": 1,
    "pid": 5965,
    "index": 22
  },
  {
    "name": "Require(20) node_modules/egg-view-ejs/config/config.local.js",
    "start": 1591267457693,
    "end": 1591267457693,
    "duration": 0,
    "pid": 5965,
    "index": 23
  },
  {
    "name": "Require(21) node_modules/egg/config/config.local.js",
    "start": 1591267457693,
    "end": 1591267457694,
    "duration": 1,
    "pid": 5965,
    "index": 24
  },
  {
    "name": "Load extend/application.js",
    "start": 1591267457695,
    "end": 1591267457705,
    "duration": 10,
    "pid": 5965,
    "index": 25
  },
  {
    "name": "Require(22) node_modules/egg-session/app/extend/application.js",
    "start": 1591267457695,
    "end": 1591267457696,
    "duration": 1,
    "pid": 5965,
    "index": 26
  },
  {
    "name": "Require(23) node_modules/egg-security/app/extend/application.js",
    "start": 1591267457696,
    "end": 1591267457697,
    "duration": 1,
    "pid": 5965,
    "index": 27
  },
  {
    "name": "Require(24) node_modules/egg-jsonp/app/extend/application.js",
    "start": 1591267457697,
    "end": 1591267457699,
    "duration": 2,
    "pid": 5965,
    "index": 28
  },
  {
    "name": "Require(25) node_modules/egg-logrotator/app/extend/application.js",
    "start": 1591267457700,
    "end": 1591267457701,
    "duration": 1,
    "pid": 5965,
    "index": 29
  },
  {
    "name": "Require(26) node_modules/egg-view/app/extend/application.js",
    "start": 1591267457702,
    "end": 1591267457703,
    "duration": 1,
    "pid": 5965,
    "index": 30
  },
  {
    "name": "Load extend/request.js",
    "start": 1591267457705,
    "end": 1591267457707,
    "duration": 2,
    "pid": 5965,
    "index": 31
  },
  {
    "name": "Require(27) node_modules/egg/app/extend/request.js",
    "start": 1591267457706,
    "end": 1591267457706,
    "duration": 0,
    "pid": 5965,
    "index": 32
  },
  {
    "name": "Load extend/response.js",
    "start": 1591267457707,
    "end": 1591267457710,
    "duration": 3,
    "pid": 5965,
    "index": 33
  },
  {
    "name": "Require(28) node_modules/egg/app/extend/response.js",
    "start": 1591267457708,
    "end": 1591267457709,
    "duration": 1,
    "pid": 5965,
    "index": 34
  },
  {
    "name": "Load extend/context.js",
    "start": 1591267457710,
    "end": 1591267457772,
    "duration": 62,
    "pid": 5965,
    "index": 35
  },
  {
    "name": "Require(29) node_modules/egg-security/app/extend/context.js",
    "start": 1591267457712,
    "end": 1591267457721,
    "duration": 9,
    "pid": 5965,
    "index": 36
  },
  {
    "name": "Require(30) node_modules/egg-jsonp/app/extend/context.js",
    "start": 1591267457721,
    "end": 1591267457723,
    "duration": 2,
    "pid": 5965,
    "index": 37
  },
  {
    "name": "Require(31) node_modules/egg-i18n/app/extend/context.js",
    "start": 1591267457723,
    "end": 1591267457724,
    "duration": 1,
    "pid": 5965,
    "index": 38
  },
  {
    "name": "Require(32) node_modules/egg-multipart/app/extend/context.js",
    "start": 1591267457724,
    "end": 1591267457769,
    "duration": 45,
    "pid": 5965,
    "index": 39
  },
  {
    "name": "Require(33) node_modules/egg-view/app/extend/context.js",
    "start": 1591267457769,
    "end": 1591267457770,
    "duration": 1,
    "pid": 5965,
    "index": 40
  },
  {
    "name": "Require(34) node_modules/egg/app/extend/context.js",
    "start": 1591267457770,
    "end": 1591267457771,
    "duration": 1,
    "pid": 5965,
    "index": 41
  },
  {
    "name": "Load extend/helper.js",
    "start": 1591267457772,
    "end": 1591267457788,
    "duration": 16,
    "pid": 5965,
    "index": 42
  },
  {
    "name": "Require(35) node_modules/egg-security/app/extend/helper.js",
    "start": 1591267457772,
    "end": 1591267457786,
    "duration": 14,
    "pid": 5965,
    "index": 43
  },
  {
    "name": "Require(36) node_modules/egg/app/extend/helper.js",
    "start": 1591267457787,
    "end": 1591267457787,
    "duration": 0,
    "pid": 5965,
    "index": 44
  },
  {
    "name": "Load app.js",
    "start": 1591267457788,
    "end": 1591267457838,
    "duration": 50,
    "pid": 5965,
    "index": 45
  },
  {
    "name": "Require(37) node_modules/egg-session/app.js",
    "start": 1591267457788,
    "end": 1591267457789,
    "duration": 1,
    "pid": 5965,
    "index": 46
  },
  {
    "name": "Require(38) node_modules/egg-security/app.js",
    "start": 1591267457789,
    "end": 1591267457790,
    "duration": 1,
    "pid": 5965,
    "index": 47
  },
  {
    "name": "Require(39) node_modules/egg-onerror/app.js",
    "start": 1591267457790,
    "end": 1591267457800,
    "duration": 10,
    "pid": 5965,
    "index": 48
  },
  {
    "name": "Require(40) node_modules/egg-i18n/app.js",
    "start": 1591267457800,
    "end": 1591267457812,
    "duration": 12,
    "pid": 5965,
    "index": 49
  },
  {
    "name": "Require(41) node_modules/egg-watcher/app.js",
    "start": 1591267457813,
    "end": 1591267457815,
    "duration": 2,
    "pid": 5965,
    "index": 50
  },
  {
    "name": "Require(42) node_modules/egg-schedule/app.js",
    "start": 1591267457815,
    "end": 1591267457816,
    "duration": 1,
    "pid": 5965,
    "index": 51
  },
  {
    "name": "Require(43) node_modules/egg-multipart/app.js",
    "start": 1591267457817,
    "end": 1591267457820,
    "duration": 3,
    "pid": 5965,
    "index": 52
  },
  {
    "name": "Require(44) node_modules/egg-development/app.js",
    "start": 1591267457820,
    "end": 1591267457820,
    "duration": 0,
    "pid": 5965,
    "index": 53
  },
  {
    "name": "Require(45) node_modules/egg-logrotator/app.js",
    "start": 1591267457820,
    "end": 1591267457821,
    "duration": 1,
    "pid": 5965,
    "index": 54
  },
  {
    "name": "Require(46) node_modules/egg-static/app.js",
    "start": 1591267457821,
    "end": 1591267457821,
    "duration": 0,
    "pid": 5965,
    "index": 55
  },
  {
    "name": "Require(47) node_modules/egg-view-ejs/app.js",
    "start": 1591267457822,
    "end": 1591267457822,
    "duration": 0,
    "pid": 5965,
    "index": 56
  },
  {
    "name": "Require(48) node_modules/egg-mysql/app.js",
    "start": 1591267457823,
    "end": 1591267457838,
    "duration": 15,
    "pid": 5965,
    "index": 57
  },
  {
    "name": "Before Start in node_modules/egg-watcher/lib/init.js:15:14",
    "start": 1591267457847,
    "end": 1591267458081,
    "duration": 234,
    "pid": 5965,
    "index": 58
  },
  {
    "name": "Before Start in node_modules/egg-mysql/lib/mysql.js:20:7",
    "start": 1591267457922,
    "end": 1591267458084,
    "duration": 162,
    "pid": 5965,
    "index": 59
  },
  {
    "name": "Load Service",
    "start": 1591267457922,
    "end": 1591267457989,
    "duration": 67,
    "pid": 5965,
    "index": 60
  },
  {
    "name": "Load \"service\" to Context",
    "start": 1591267457922,
    "end": 1591267457989,
    "duration": 67,
    "pid": 5965,
    "index": 61
  },
  {
    "name": "Load Middleware",
    "start": 1591267457989,
    "end": 1591267458050,
    "duration": 61,
    "pid": 5965,
    "index": 62
  },
  {
    "name": "Load \"middlewares\" to Application",
    "start": 1591267457989,
    "end": 1591267458044,
    "duration": 55,
    "pid": 5965,
    "index": 63
  },
  {
    "name": "Load Controller",
    "start": 1591267458050,
    "end": 1591267458057,
    "duration": 7,
    "pid": 5965,
    "index": 64
  },
  {
    "name": "Load \"controller\" to Application",
    "start": 1591267458050,
    "end": 1591267458057,
    "duration": 7,
    "pid": 5965,
    "index": 65
  },
  {
    "name": "Load Router",
    "start": 1591267458057,
    "end": 1591267458059,
    "duration": 2,
    "pid": 5965,
    "index": 66
  },
  {
    "name": "Require(49) app/router.js",
    "start": 1591267458057,
    "end": 1591267458058,
    "duration": 1,
    "pid": 5965,
    "index": 67
  },
  {
    "name": "Before Start in node_modules/egg-core/lib/egg.js:303:10",
    "start": 1591267458058,
    "end": 1591267458071,
    "duration": 13,
    "pid": 5965,
    "index": 68
  }
]