[
  {
    "name": "Application Start",
    "start": 1587902877879,
    "end": 1587902885338,
    "duration": 7459,
    "pid": 2855,
    "index": 0
  },
  {
    "name": "Load Plugin",
    "start": 1587902877898,
    "end": 1587902878553,
    "duration": 655,
    "pid": 2855,
    "index": 1
  },
  {
    "name": "Load Config",
    "start": 1587902878554,
    "end": 1587902879532,
    "duration": 978,
    "pid": 2855,
    "index": 2
  },
  {
    "name": "Require(0) config/config.default.js",
    "start": 1587902878555,
    "end": 1587902878599,
    "duration": 44,
    "pid": 2855,
    "index": 3
  },
  {
    "name": "Require(1) node_modules/egg-session/config/config.default.js",
    "start": 1587902878603,
    "end": 1587902878637,
    "duration": 34,
    "pid": 2855,
    "index": 4
  },
  {
    "name": "Require(2) node_modules/egg-security/config/config.default.js",
    "start": 1587902878638,
    "end": 1587902878669,
    "duration": 31,
    "pid": 2855,
    "index": 5
  },
  {
    "name": "Require(3) node_modules/egg-jsonp/config/config.default.js",
    "start": 1587902878670,
    "end": 1587902878737,
    "duration": 67,
    "pid": 2855,
    "index": 6
  },
  {
    "name": "Require(4) node_modules/egg-onerror/config/config.default.js",
    "start": 1587902878751,
    "end": 1587902878775,
    "duration": 24,
    "pid": 2855,
    "index": 7
  },
  {
    "name": "Require(5) node_modules/egg-i18n/config/config.default.js",
    "start": 1587902878776,
    "end": 1587902878823,
    "duration": 47,
    "pid": 2855,
    "index": 8
  },
  {
    "name": "Require(6) node_modules/egg-watcher/config/config.default.js",
    "start": 1587902878825,
    "end": 1587902878855,
    "duration": 30,
    "pid": 2855,
    "index": 9
  },
  {
    "name": "Require(7) node_modules/egg-schedule/config/config.default.js",
    "start": 1587902878856,
    "end": 1587902878892,
    "duration": 36,
    "pid": 2855,
    "index": 10
  },
  {
    "name": "Require(8) node_modules/egg-multipart/config/config.default.js",
    "start": 1587902878893,
    "end": 1587902878960,
    "duration": 67,
    "pid": 2855,
    "index": 11
  },
  {
    "name": "Require(9) node_modules/egg-development/config/config.default.js",
    "start": 1587902879005,
    "end": 1587902879024,
    "duration": 19,
    "pid": 2855,
    "index": 12
  },
  {
    "name": "Require(10) node_modules/egg-logrotator/config/config.default.js",
    "start": 1587902879024,
    "end": 1587902879066,
    "duration": 42,
    "pid": 2855,
    "index": 13
  },
  {
    "name": "Require(11) node_modules/egg-static/config/config.default.js",
    "start": 1587902879067,
    "end": 1587902879095,
    "duration": 28,
    "pid": 2855,
    "index": 14
  },
  {
    "name": "Require(12) node_modules/egg-view/config/config.default.js",
    "start": 1587902879134,
    "end": 1587902879153,
    "duration": 19,
    "pid": 2855,
    "index": 15
  },
  {
    "name": "Require(13) node_modules/egg-view-ejs/config/config.default.js",
    "start": 1587902879177,
    "end": 1587902879343,
    "duration": 166,
    "pid": 2855,
    "index": 16
  },
  {
    "name": "Require(14) node_modules/egg-mysql/config/config.default.js",
    "start": 1587902879448,
    "end": 1587902879480,
    "duration": 32,
    "pid": 2855,
    "index": 17
  },
  {
    "name": "Require(15) node_modules/egg/config/config.default.js",
    "start": 1587902879481,
    "end": 1587902879492,
    "duration": 11,
    "pid": 2855,
    "index": 18
  },
  {
    "name": "Require(16) config/config.default.js",
    "start": 1587902879501,
    "end": 1587902879501,
    "duration": 0,
    "pid": 2855,
    "index": 19
  },
  {
    "name": "Require(17) node_modules/egg-security/config/config.local.js",
    "start": 1587902879502,
    "end": 1587902879508,
    "duration": 6,
    "pid": 2855,
    "index": 20
  },
  {
    "name": "Require(18) node_modules/egg-watcher/config/config.local.js",
    "start": 1587902879510,
    "end": 1587902879513,
    "duration": 3,
    "pid": 2855,
    "index": 21
  },
  {
    "name": "Require(19) node_modules/egg-view/config/config.local.js",
    "start": 1587902879515,
    "end": 1587902879515,
    "duration": 0,
    "pid": 2855,
    "index": 22
  },
  {
    "name": "Require(20) node_modules/egg-view-ejs/config/config.local.js",
    "start": 1587902879515,
    "end": 1587902879523,
    "duration": 8,
    "pid": 2855,
    "index": 23
  },
  {
    "name": "Require(21) node_modules/egg/config/config.local.js",
    "start": 1587902879524,
    "end": 1587902879532,
    "duration": 8,
    "pid": 2855,
    "index": 24
  },
  {
    "name": "Load extend/application.js",
    "start": 1587902879534,
    "end": 1587902880260,
    "duration": 726,
    "pid": 2855,
    "index": 25
  },
  {
    "name": "Require(22) node_modules/egg-session/app/extend/application.js",
    "start": 1587902879535,
    "end": 1587902879542,
    "duration": 7,
    "pid": 2855,
    "index": 26
  },
  {
    "name": "Require(23) node_modules/egg-security/app/extend/application.js",
    "start": 1587902879543,
    "end": 1587902879632,
    "duration": 89,
    "pid": 2855,
    "index": 27
  },
  {
    "name": "Require(24) node_modules/egg-jsonp/app/extend/application.js",
    "start": 1587902879633,
    "end": 1587902879829,
    "duration": 196,
    "pid": 2855,
    "index": 28
  },
  {
    "name": "Require(25) node_modules/egg-logrotator/app/extend/application.js",
    "start": 1587902879833,
    "end": 1587902880041,
    "duration": 208,
    "pid": 2855,
    "index": 29
  },
  {
    "name": "Require(26) node_modules/egg-view/app/extend/application.js",
    "start": 1587902880042,
    "end": 1587902880178,
    "duration": 136,
    "pid": 2855,
    "index": 30
  },
  {
    "name": "Load extend/request.js",
    "start": 1587902880260,
    "end": 1587902880305,
    "duration": 45,
    "pid": 2855,
    "index": 31
  },
  {
    "name": "Require(27) node_modules/egg/app/extend/request.js",
    "start": 1587902880264,
    "end": 1587902880303,
    "duration": 39,
    "pid": 2855,
    "index": 32
  },
  {
    "name": "Load extend/response.js",
    "start": 1587902880305,
    "end": 1587902880459,
    "duration": 154,
    "pid": 2855,
    "index": 33
  },
  {
    "name": "Require(28) node_modules/egg/app/extend/response.js",
    "start": 1587902880308,
    "end": 1587902880457,
    "duration": 149,
    "pid": 2855,
    "index": 34
  },
  {
    "name": "Load extend/context.js",
    "start": 1587902880459,
    "end": 1587902881427,
    "duration": 968,
    "pid": 2855,
    "index": 35
  },
  {
    "name": "Require(29) node_modules/egg-security/app/extend/context.js",
    "start": 1587902880460,
    "end": 1587902880882,
    "duration": 422,
    "pid": 2855,
    "index": 36
  },
  {
    "name": "Require(30) node_modules/egg-jsonp/app/extend/context.js",
    "start": 1587902880882,
    "end": 1587902880904,
    "duration": 22,
    "pid": 2855,
    "index": 37
  },
  {
    "name": "Require(31) node_modules/egg-i18n/app/extend/context.js",
    "start": 1587902880905,
    "end": 1587902880916,
    "duration": 11,
    "pid": 2855,
    "index": 38
  },
  {
    "name": "Require(32) node_modules/egg-multipart/app/extend/context.js",
    "start": 1587902880918,
    "end": 1587902881367,
    "duration": 449,
    "pid": 2855,
    "index": 39
  },
  {
    "name": "Require(33) node_modules/egg-view/app/extend/context.js",
    "start": 1587902881368,
    "end": 1587902881398,
    "duration": 30,
    "pid": 2855,
    "index": 40
  },
  {
    "name": "Require(34) node_modules/egg/app/extend/context.js",
    "start": 1587902881399,
    "end": 1587902881425,
    "duration": 26,
    "pid": 2855,
    "index": 41
  },
  {
    "name": "Load extend/helper.js",
    "start": 1587902881427,
    "end": 1587902881644,
    "duration": 217,
    "pid": 2855,
    "index": 42
  },
  {
    "name": "Require(35) node_modules/egg-security/app/extend/helper.js",
    "start": 1587902881427,
    "end": 1587902881631,
    "duration": 204,
    "pid": 2855,
    "index": 43
  },
  {
    "name": "Require(36) node_modules/egg/app/extend/helper.js",
    "start": 1587902881642,
    "end": 1587902881643,
    "duration": 1,
    "pid": 2855,
    "index": 44
  },
  {
    "name": "Load app.js",
    "start": 1587902881645,
    "end": 1587902883318,
    "duration": 1673,
    "pid": 2855,
    "index": 45
  },
  {
    "name": "Require(37) node_modules/egg-session/app.js",
    "start": 1587902881645,
    "end": 1587902881646,
    "duration": 1,
    "pid": 2855,
    "index": 46
  },
  {
    "name": "Require(38) node_modules/egg-security/app.js",
    "start": 1587902881646,
    "end": 1587902881696,
    "duration": 50,
    "pid": 2855,
    "index": 47
  },
  {
    "name": "Require(39) node_modules/egg-onerror/app.js",
    "start": 1587902881696,
    "end": 1587902882075,
    "duration": 379,
    "pid": 2855,
    "index": 48
  },
  {
    "name": "Require(40) node_modules/egg-i18n/app.js",
    "start": 1587902882076,
    "end": 1587902882506,
    "duration": 430,
    "pid": 2855,
    "index": 49
  },
  {
    "name": "Require(41) node_modules/egg-watcher/app.js",
    "start": 1587902882507,
    "end": 1587902882657,
    "duration": 150,
    "pid": 2855,
    "index": 50
  },
  {
    "name": "Require(42) node_modules/egg-schedule/app.js",
    "start": 1587902882657,
    "end": 1587902882740,
    "duration": 83,
    "pid": 2855,
    "index": 51
  },
  {
    "name": "Require(43) node_modules/egg-multipart/app.js",
    "start": 1587902882740,
    "end": 1587902882827,
    "duration": 87,
    "pid": 2855,
    "index": 52
  },
  {
    "name": "Require(44) node_modules/egg-development/app.js",
    "start": 1587902882827,
    "end": 1587902882834,
    "duration": 7,
    "pid": 2855,
    "index": 53
  },
  {
    "name": "Require(45) node_modules/egg-logrotator/app.js",
    "start": 1587902882834,
    "end": 1587902882849,
    "duration": 15,
    "pid": 2855,
    "index": 54
  },
  {
    "name": "Require(46) node_modules/egg-static/app.js",
    "start": 1587902882849,
    "end": 1587902882855,
    "duration": 6,
    "pid": 2855,
    "index": 55
  },
  {
    "name": "Require(47) node_modules/egg-view-ejs/app.js",
    "start": 1587902882855,
    "end": 1587902882862,
    "duration": 7,
    "pid": 2855,
    "index": 56
  },
  {
    "name": "Require(48) node_modules/egg-mysql/app.js",
    "start": 1587902882862,
    "end": 1587902883318,
    "duration": 456,
    "pid": 2855,
    "index": 57
  },
  {
    "name": "Before Start in node_modules/egg-watcher/lib/init.js:15:14",
    "start": 1587902883344,
    "end": 1587902885256,
    "duration": 1912,
    "pid": 2855,
    "index": 58
  },
  {
    "name": "Before Start in node_modules/egg-mysql/lib/mysql.js:20:7",
    "start": 1587902883846,
    "end": 1587902885338,
    "duration": 1492,
    "pid": 2855,
    "index": 59
  },
  {
    "name": "Load Service",
    "start": 1587902883846,
    "end": 1587902884055,
    "duration": 209,
    "pid": 2855,
    "index": 60
  },
  {
    "name": "Load \"service\" to Context",
    "start": 1587902883846,
    "end": 1587902884055,
    "duration": 209,
    "pid": 2855,
    "index": 61
  },
  {
    "name": "Load Middleware",
    "start": 1587902884056,
    "end": 1587902885077,
    "duration": 1021,
    "pid": 2855,
    "index": 62
  },
  {
    "name": "Load \"middlewares\" to Application",
    "start": 1587902884056,
    "end": 1587902884985,
    "duration": 929,
    "pid": 2855,
    "index": 63
  },
  {
    "name": "Load Controller",
    "start": 1587902885078,
    "end": 1587902885166,
    "duration": 88,
    "pid": 2855,
    "index": 64
  },
  {
    "name": "Load \"controller\" to Application",
    "start": 1587902885078,
    "end": 1587902885166,
    "duration": 88,
    "pid": 2855,
    "index": 65
  },
  {
    "name": "Load Router",
    "start": 1587902885166,
    "end": 1587902885183,
    "duration": 17,
    "pid": 2855,
    "index": 66
  },
  {
    "name": "Require(49) app/router.js",
    "start": 1587902885166,
    "end": 1587902885177,
    "duration": 11,
    "pid": 2855,
    "index": 67
  },
  {
    "name": "Before Start in node_modules/egg-core/lib/egg.js:303:10",
    "start": 1587902885178,
    "end": 1587902885231,
    "duration": 53,
    "pid": 2855,
    "index": 68
  }
]