[
  {
    "name": "Application Start",
    "start": 1590748111906,
    "end": 1590748112148,
    "duration": 242,
    "pid": 7979,
    "index": 0
  },
  {
    "name": "Load Plugin",
    "start": 1590748111910,
    "end": 1590748111916,
    "duration": 6,
    "pid": 7979,
    "index": 1
  },
  {
    "name": "Load Config",
    "start": 1590748111917,
    "end": 1590748111927,
    "duration": 10,
    "pid": 7979,
    "index": 2
  },
  {
    "name": "Require(0) config/config.default.js",
    "start": 1590748111917,
    "end": 1590748111917,
    "duration": 0,
    "pid": 7979,
    "index": 3
  },
  {
    "name": "Require(1) node_modules/egg-session/config/config.default.js",
    "start": 1590748111918,
    "end": 1590748111919,
    "duration": 1,
    "pid": 7979,
    "index": 4
  },
  {
    "name": "Require(2) node_modules/egg-security/config/config.default.js",
    "start": 1590748111919,
    "end": 1590748111919,
    "duration": 0,
    "pid": 7979,
    "index": 5
  },
  {
    "name": "Require(3) node_modules/egg-jsonp/config/config.default.js",
    "start": 1590748111920,
    "end": 1590748111920,
    "duration": 0,
    "pid": 7979,
    "index": 6
  },
  {
    "name": "Require(4) node_modules/egg-onerror/config/config.default.js",
    "start": 1590748111920,
    "end": 1590748111920,
    "duration": 0,
    "pid": 7979,
    "index": 7
  },
  {
    "name": "Require(5) node_modules/egg-i18n/config/config.default.js",
    "start": 1590748111920,
    "end": 1590748111920,
    "duration": 0,
    "pid": 7979,
    "index": 8
  },
  {
    "name": "Require(6) node_modules/egg-watcher/config/config.default.js",
    "start": 1590748111921,
    "end": 1590748111921,
    "duration": 0,
    "pid": 7979,
    "index": 9
  },
  {
    "name": "Require(7) node_modules/egg-schedule/config/config.default.js",
    "start": 1590748111921,
    "end": 1590748111921,
    "duration": 0,
    "pid": 7979,
    "index": 10
  },
  {
    "name": "Require(8) node_modules/egg-multipart/config/config.default.js",
    "start": 1590748111921,
    "end": 1590748111921,
    "duration": 0,
    "pid": 7979,
    "index": 11
  },
  {
    "name": "Require(9) node_modules/egg-development/config/config.default.js",
    "start": 1590748111922,
    "end": 1590748111922,
    "duration": 0,
    "pid": 7979,
    "index": 12
  },
  {
    "name": "Require(10) node_modules/egg-logrotator/config/config.default.js",
    "start": 1590748111922,
    "end": 1590748111922,
    "duration": 0,
    "pid": 7979,
    "index": 13
  },
  {
    "name": "Require(11) node_modules/egg-static/config/config.default.js",
    "start": 1590748111923,
    "end": 1590748111923,
    "duration": 0,
    "pid": 7979,
    "index": 14
  },
  {
    "name": "Require(12) node_modules/egg-view/config/config.default.js",
    "start": 1590748111923,
    "end": 1590748111923,
    "duration": 0,
    "pid": 7979,
    "index": 15
  },
  {
    "name": "Require(13) node_modules/egg-view-ejs/config/config.default.js",
    "start": 1590748111923,
    "end": 1590748111923,
    "duration": 0,
    "pid": 7979,
    "index": 16
  },
  {
    "name": "Require(14) node_modules/egg-mysql/config/config.default.js",
    "start": 1590748111924,
    "end": 1590748111924,
    "duration": 0,
    "pid": 7979,
    "index": 17
  },
  {
    "name": "Require(15) node_modules/egg/config/config.default.js",
    "start": 1590748111924,
    "end": 1590748111924,
    "duration": 0,
    "pid": 7979,
    "index": 18
  },
  {
    "name": "Require(16) config/config.default.js",
    "start": 1590748111926,
    "end": 1590748111926,
    "duration": 0,
    "pid": 7979,
    "index": 19
  },
  {
    "name": "Require(17) node_modules/egg-security/config/config.local.js",
    "start": 1590748111926,
    "end": 1590748111926,
    "duration": 0,
    "pid": 7979,
    "index": 20
  },
  {
    "name": "Require(18) node_modules/egg-watcher/config/config.local.js",
    "start": 1590748111926,
    "end": 1590748111927,
    "duration": 1,
    "pid": 7979,
    "index": 21
  },
  {
    "name": "Require(19) node_modules/egg-view/config/config.local.js",
    "start": 1590748111927,
    "end": 1590748111927,
    "duration": 0,
    "pid": 7979,
    "index": 22
  },
  {
    "name": "Require(20) node_modules/egg-view-ejs/config/config.local.js",
    "start": 1590748111927,
    "end": 1590748111927,
    "duration": 0,
    "pid": 7979,
    "index": 23
  },
  {
    "name": "Require(21) node_modules/egg/config/config.local.js",
    "start": 1590748111927,
    "end": 1590748111927,
    "duration": 0,
    "pid": 7979,
    "index": 24
  },
  {
    "name": "Load extend/application.js",
    "start": 1590748111928,
    "end": 1590748111932,
    "duration": 4,
    "pid": 7979,
    "index": 25
  },
  {
    "name": "Require(22) node_modules/egg-session/app/extend/application.js",
    "start": 1590748111929,
    "end": 1590748111929,
    "duration": 0,
    "pid": 7979,
    "index": 26
  },
  {
    "name": "Require(23) node_modules/egg-security/app/extend/application.js",
    "start": 1590748111929,
    "end": 1590748111929,
    "duration": 0,
    "pid": 7979,
    "index": 27
  },
  {
    "name": "Require(24) node_modules/egg-jsonp/app/extend/application.js",
    "start": 1590748111930,
    "end": 1590748111930,
    "duration": 0,
    "pid": 7979,
    "index": 28
  },
  {
    "name": "Require(25) node_modules/egg-logrotator/app/extend/application.js",
    "start": 1590748111930,
    "end": 1590748111931,
    "duration": 1,
    "pid": 7979,
    "index": 29
  },
  {
    "name": "Require(26) node_modules/egg-view/app/extend/application.js",
    "start": 1590748111931,
    "end": 1590748111931,
    "duration": 0,
    "pid": 7979,
    "index": 30
  },
  {
    "name": "Load extend/request.js",
    "start": 1590748111932,
    "end": 1590748111934,
    "duration": 2,
    "pid": 7979,
    "index": 31
  },
  {
    "name": "Require(27) node_modules/egg/app/extend/request.js",
    "start": 1590748111932,
    "end": 1590748111933,
    "duration": 1,
    "pid": 7979,
    "index": 32
  },
  {
    "name": "Load extend/response.js",
    "start": 1590748111934,
    "end": 1590748111936,
    "duration": 2,
    "pid": 7979,
    "index": 33
  },
  {
    "name": "Require(28) node_modules/egg/app/extend/response.js",
    "start": 1590748111934,
    "end": 1590748111935,
    "duration": 1,
    "pid": 7979,
    "index": 34
  },
  {
    "name": "Load extend/context.js",
    "start": 1590748111936,
    "end": 1590748111972,
    "duration": 36,
    "pid": 7979,
    "index": 35
  },
  {
    "name": "Require(29) node_modules/egg-security/app/extend/context.js",
    "start": 1590748111938,
    "end": 1590748111941,
    "duration": 3,
    "pid": 7979,
    "index": 36
  },
  {
    "name": "Require(30) node_modules/egg-jsonp/app/extend/context.js",
    "start": 1590748111941,
    "end": 1590748111942,
    "duration": 1,
    "pid": 7979,
    "index": 37
  },
  {
    "name": "Require(31) node_modules/egg-i18n/app/extend/context.js",
    "start": 1590748111942,
    "end": 1590748111942,
    "duration": 0,
    "pid": 7979,
    "index": 38
  },
  {
    "name": "Require(32) node_modules/egg-multipart/app/extend/context.js",
    "start": 1590748111942,
    "end": 1590748111970,
    "duration": 28,
    "pid": 7979,
    "index": 39
  },
  {
    "name": "Require(33) node_modules/egg-view/app/extend/context.js",
    "start": 1590748111970,
    "end": 1590748111971,
    "duration": 1,
    "pid": 7979,
    "index": 40
  },
  {
    "name": "Require(34) node_modules/egg/app/extend/context.js",
    "start": 1590748111971,
    "end": 1590748111972,
    "duration": 1,
    "pid": 7979,
    "index": 41
  },
  {
    "name": "Load extend/helper.js",
    "start": 1590748111972,
    "end": 1590748111980,
    "duration": 8,
    "pid": 7979,
    "index": 42
  },
  {
    "name": "Require(35) node_modules/egg-security/app/extend/helper.js",
    "start": 1590748111972,
    "end": 1590748111979,
    "duration": 7,
    "pid": 7979,
    "index": 43
  },
  {
    "name": "Require(36) node_modules/egg/app/extend/helper.js",
    "start": 1590748111979,
    "end": 1590748111980,
    "duration": 1,
    "pid": 7979,
    "index": 44
  },
  {
    "name": "Load app.js",
    "start": 1590748111980,
    "end": 1590748112000,
    "duration": 20,
    "pid": 7979,
    "index": 45
  },
  {
    "name": "Require(37) node_modules/egg-session/app.js",
    "start": 1590748111980,
    "end": 1590748111980,
    "duration": 0,
    "pid": 7979,
    "index": 46
  },
  {
    "name": "Require(38) node_modules/egg-security/app.js",
    "start": 1590748111981,
    "end": 1590748111981,
    "duration": 0,
    "pid": 7979,
    "index": 47
  },
  {
    "name": "Require(39) node_modules/egg-onerror/app.js",
    "start": 1590748111981,
    "end": 1590748111984,
    "duration": 3,
    "pid": 7979,
    "index": 48
  },
  {
    "name": "Require(40) node_modules/egg-i18n/app.js",
    "start": 1590748111984,
    "end": 1590748111990,
    "duration": 6,
    "pid": 7979,
    "index": 49
  },
  {
    "name": "Require(41) node_modules/egg-watcher/app.js",
    "start": 1590748111990,
    "end": 1590748111992,
    "duration": 2,
    "pid": 7979,
    "index": 50
  },
  {
    "name": "Require(42) node_modules/egg-schedule/app.js",
    "start": 1590748111992,
    "end": 1590748111992,
    "duration": 0,
    "pid": 7979,
    "index": 51
  },
  {
    "name": "Require(43) node_modules/egg-multipart/app.js",
    "start": 1590748111992,
    "end": 1590748111993,
    "duration": 1,
    "pid": 7979,
    "index": 52
  },
  {
    "name": "Require(44) node_modules/egg-development/app.js",
    "start": 1590748111993,
    "end": 1590748111993,
    "duration": 0,
    "pid": 7979,
    "index": 53
  },
  {
    "name": "Require(45) node_modules/egg-logrotator/app.js",
    "start": 1590748111993,
    "end": 1590748111993,
    "duration": 0,
    "pid": 7979,
    "index": 54
  },
  {
    "name": "Require(46) node_modules/egg-static/app.js",
    "start": 1590748111994,
    "end": 1590748111994,
    "duration": 0,
    "pid": 7979,
    "index": 55
  },
  {
    "name": "Require(47) node_modules/egg-view-ejs/app.js",
    "start": 1590748111994,
    "end": 1590748111994,
    "duration": 0,
    "pid": 7979,
    "index": 56
  },
  {
    "name": "Require(48) node_modules/egg-mysql/app.js",
    "start": 1590748111994,
    "end": 1590748112000,
    "duration": 6,
    "pid": 7979,
    "index": 57
  },
  {
    "name": "Before Start in node_modules/egg-watcher/lib/init.js:15:14",
    "start": 1590748112008,
    "end": 1590748112144,
    "duration": 136,
    "pid": 7979,
    "index": 58
  },
  {
    "name": "Before Start in node_modules/egg-mysql/lib/mysql.js:20:7",
    "start": 1590748112058,
    "end": 1590748112148,
    "duration": 90,
    "pid": 7979,
    "index": 59
  },
  {
    "name": "Load Service",
    "start": 1590748112058,
    "end": 1590748112091,
    "duration": 33,
    "pid": 7979,
    "index": 60
  },
  {
    "name": "Load \"service\" to Context",
    "start": 1590748112058,
    "end": 1590748112091,
    "duration": 33,
    "pid": 7979,
    "index": 61
  },
  {
    "name": "Load Middleware",
    "start": 1590748112091,
    "end": 1590748112119,
    "duration": 28,
    "pid": 7979,
    "index": 62
  },
  {
    "name": "Load \"middlewares\" to Application",
    "start": 1590748112092,
    "end": 1590748112115,
    "duration": 23,
    "pid": 7979,
    "index": 63
  },
  {
    "name": "Load Controller",
    "start": 1590748112119,
    "end": 1590748112123,
    "duration": 4,
    "pid": 7979,
    "index": 64
  },
  {
    "name": "Load \"controller\" to Application",
    "start": 1590748112119,
    "end": 1590748112123,
    "duration": 4,
    "pid": 7979,
    "index": 65
  },
  {
    "name": "Load Router",
    "start": 1590748112123,
    "end": 1590748112126,
    "duration": 3,
    "pid": 7979,
    "index": 66
  },
  {
    "name": "Require(49) app/router.js",
    "start": 1590748112123,
    "end": 1590748112124,
    "duration": 1,
    "pid": 7979,
    "index": 67
  },
  {
    "name": "Before Start in node_modules/egg-core/lib/egg.js:303:10",
    "start": 1590748112124,
    "end": 1590748112134,
    "duration": 10,
    "pid": 7979,
    "index": 68
  }
]