[
  {
    "name": "Application Start",
    "start": 1590748083923,
    "end": 1590748084173,
    "duration": 250,
    "pid": 7969,
    "index": 0
  },
  {
    "name": "Load Plugin",
    "start": 1590748083927,
    "end": 1590748083932,
    "duration": 5,
    "pid": 7969,
    "index": 1
  },
  {
    "name": "Load Config",
    "start": 1590748083932,
    "end": 1590748083942,
    "duration": 10,
    "pid": 7969,
    "index": 2
  },
  {
    "name": "Require(0) config/config.default.js",
    "start": 1590748083933,
    "end": 1590748083933,
    "duration": 0,
    "pid": 7969,
    "index": 3
  },
  {
    "name": "Require(1) node_modules/egg-session/config/config.default.js",
    "start": 1590748083934,
    "end": 1590748083934,
    "duration": 0,
    "pid": 7969,
    "index": 4
  },
  {
    "name": "Require(2) node_modules/egg-security/config/config.default.js",
    "start": 1590748083934,
    "end": 1590748083935,
    "duration": 1,
    "pid": 7969,
    "index": 5
  },
  {
    "name": "Require(3) node_modules/egg-jsonp/config/config.default.js",
    "start": 1590748083935,
    "end": 1590748083935,
    "duration": 0,
    "pid": 7969,
    "index": 6
  },
  {
    "name": "Require(4) node_modules/egg-onerror/config/config.default.js",
    "start": 1590748083935,
    "end": 1590748083936,
    "duration": 1,
    "pid": 7969,
    "index": 7
  },
  {
    "name": "Require(5) node_modules/egg-i18n/config/config.default.js",
    "start": 1590748083936,
    "end": 1590748083936,
    "duration": 0,
    "pid": 7969,
    "index": 8
  },
  {
    "name": "Require(6) node_modules/egg-watcher/config/config.default.js",
    "start": 1590748083936,
    "end": 1590748083936,
    "duration": 0,
    "pid": 7969,
    "index": 9
  },
  {
    "name": "Require(7) node_modules/egg-schedule/config/config.default.js",
    "start": 1590748083936,
    "end": 1590748083936,
    "duration": 0,
    "pid": 7969,
    "index": 10
  },
  {
    "name": "Require(8) node_modules/egg-multipart/config/config.default.js",
    "start": 1590748083937,
    "end": 1590748083937,
    "duration": 0,
    "pid": 7969,
    "index": 11
  },
  {
    "name": "Require(9) node_modules/egg-development/config/config.default.js",
    "start": 1590748083937,
    "end": 1590748083937,
    "duration": 0,
    "pid": 7969,
    "index": 12
  },
  {
    "name": "Require(10) node_modules/egg-logrotator/config/config.default.js",
    "start": 1590748083937,
    "end": 1590748083937,
    "duration": 0,
    "pid": 7969,
    "index": 13
  },
  {
    "name": "Require(11) node_modules/egg-static/config/config.default.js",
    "start": 1590748083938,
    "end": 1590748083938,
    "duration": 0,
    "pid": 7969,
    "index": 14
  },
  {
    "name": "Require(12) node_modules/egg-view/config/config.default.js",
    "start": 1590748083938,
    "end": 1590748083938,
    "duration": 0,
    "pid": 7969,
    "index": 15
  },
  {
    "name": "Require(13) node_modules/egg-view-ejs/config/config.default.js",
    "start": 1590748083938,
    "end": 1590748083938,
    "duration": 0,
    "pid": 7969,
    "index": 16
  },
  {
    "name": "Require(14) node_modules/egg-mysql/config/config.default.js",
    "start": 1590748083939,
    "end": 1590748083939,
    "duration": 0,
    "pid": 7969,
    "index": 17
  },
  {
    "name": "Require(15) node_modules/egg/config/config.default.js",
    "start": 1590748083939,
    "end": 1590748083939,
    "duration": 0,
    "pid": 7969,
    "index": 18
  },
  {
    "name": "Require(16) config/config.default.js",
    "start": 1590748083940,
    "end": 1590748083940,
    "duration": 0,
    "pid": 7969,
    "index": 19
  },
  {
    "name": "Require(17) node_modules/egg-security/config/config.local.js",
    "start": 1590748083940,
    "end": 1590748083940,
    "duration": 0,
    "pid": 7969,
    "index": 20
  },
  {
    "name": "Require(18) node_modules/egg-watcher/config/config.local.js",
    "start": 1590748083941,
    "end": 1590748083941,
    "duration": 0,
    "pid": 7969,
    "index": 21
  },
  {
    "name": "Require(19) node_modules/egg-view/config/config.local.js",
    "start": 1590748083941,
    "end": 1590748083941,
    "duration": 0,
    "pid": 7969,
    "index": 22
  },
  {
    "name": "Require(20) node_modules/egg-view-ejs/config/config.local.js",
    "start": 1590748083941,
    "end": 1590748083941,
    "duration": 0,
    "pid": 7969,
    "index": 23
  },
  {
    "name": "Require(21) node_modules/egg/config/config.local.js",
    "start": 1590748083941,
    "end": 1590748083942,
    "duration": 1,
    "pid": 7969,
    "index": 24
  },
  {
    "name": "Load extend/application.js",
    "start": 1590748083943,
    "end": 1590748083947,
    "duration": 4,
    "pid": 7969,
    "index": 25
  },
  {
    "name": "Require(22) node_modules/egg-session/app/extend/application.js",
    "start": 1590748083943,
    "end": 1590748083944,
    "duration": 1,
    "pid": 7969,
    "index": 26
  },
  {
    "name": "Require(23) node_modules/egg-security/app/extend/application.js",
    "start": 1590748083944,
    "end": 1590748083944,
    "duration": 0,
    "pid": 7969,
    "index": 27
  },
  {
    "name": "Require(24) node_modules/egg-jsonp/app/extend/application.js",
    "start": 1590748083944,
    "end": 1590748083945,
    "duration": 1,
    "pid": 7969,
    "index": 28
  },
  {
    "name": "Require(25) node_modules/egg-logrotator/app/extend/application.js",
    "start": 1590748083945,
    "end": 1590748083946,
    "duration": 1,
    "pid": 7969,
    "index": 29
  },
  {
    "name": "Require(26) node_modules/egg-view/app/extend/application.js",
    "start": 1590748083946,
    "end": 1590748083946,
    "duration": 0,
    "pid": 7969,
    "index": 30
  },
  {
    "name": "Load extend/request.js",
    "start": 1590748083947,
    "end": 1590748083948,
    "duration": 1,
    "pid": 7969,
    "index": 31
  },
  {
    "name": "Require(27) node_modules/egg/app/extend/request.js",
    "start": 1590748083947,
    "end": 1590748083948,
    "duration": 1,
    "pid": 7969,
    "index": 32
  },
  {
    "name": "Load extend/response.js",
    "start": 1590748083948,
    "end": 1590748083950,
    "duration": 2,
    "pid": 7969,
    "index": 33
  },
  {
    "name": "Require(28) node_modules/egg/app/extend/response.js",
    "start": 1590748083949,
    "end": 1590748083949,
    "duration": 0,
    "pid": 7969,
    "index": 34
  },
  {
    "name": "Load extend/context.js",
    "start": 1590748083950,
    "end": 1590748083984,
    "duration": 34,
    "pid": 7969,
    "index": 35
  },
  {
    "name": "Require(29) node_modules/egg-security/app/extend/context.js",
    "start": 1590748083950,
    "end": 1590748083954,
    "duration": 4,
    "pid": 7969,
    "index": 36
  },
  {
    "name": "Require(30) node_modules/egg-jsonp/app/extend/context.js",
    "start": 1590748083955,
    "end": 1590748083956,
    "duration": 1,
    "pid": 7969,
    "index": 37
  },
  {
    "name": "Require(31) node_modules/egg-i18n/app/extend/context.js",
    "start": 1590748083957,
    "end": 1590748083957,
    "duration": 0,
    "pid": 7969,
    "index": 38
  },
  {
    "name": "Require(32) node_modules/egg-multipart/app/extend/context.js",
    "start": 1590748083957,
    "end": 1590748083983,
    "duration": 26,
    "pid": 7969,
    "index": 39
  },
  {
    "name": "Require(33) node_modules/egg-view/app/extend/context.js",
    "start": 1590748083983,
    "end": 1590748083983,
    "duration": 0,
    "pid": 7969,
    "index": 40
  },
  {
    "name": "Require(34) node_modules/egg/app/extend/context.js",
    "start": 1590748083983,
    "end": 1590748083984,
    "duration": 1,
    "pid": 7969,
    "index": 41
  },
  {
    "name": "Load extend/helper.js",
    "start": 1590748083984,
    "end": 1590748083993,
    "duration": 9,
    "pid": 7969,
    "index": 42
  },
  {
    "name": "Require(35) node_modules/egg-security/app/extend/helper.js",
    "start": 1590748083984,
    "end": 1590748083992,
    "duration": 8,
    "pid": 7969,
    "index": 43
  },
  {
    "name": "Require(36) node_modules/egg/app/extend/helper.js",
    "start": 1590748083992,
    "end": 1590748083992,
    "duration": 0,
    "pid": 7969,
    "index": 44
  },
  {
    "name": "Load app.js",
    "start": 1590748083993,
    "end": 1590748084014,
    "duration": 21,
    "pid": 7969,
    "index": 45
  },
  {
    "name": "Require(37) node_modules/egg-session/app.js",
    "start": 1590748083993,
    "end": 1590748083993,
    "duration": 0,
    "pid": 7969,
    "index": 46
  },
  {
    "name": "Require(38) node_modules/egg-security/app.js",
    "start": 1590748083993,
    "end": 1590748083994,
    "duration": 1,
    "pid": 7969,
    "index": 47
  },
  {
    "name": "Require(39) node_modules/egg-onerror/app.js",
    "start": 1590748083994,
    "end": 1590748083997,
    "duration": 3,
    "pid": 7969,
    "index": 48
  },
  {
    "name": "Require(40) node_modules/egg-i18n/app.js",
    "start": 1590748083997,
    "end": 1590748084003,
    "duration": 6,
    "pid": 7969,
    "index": 49
  },
  {
    "name": "Require(41) node_modules/egg-watcher/app.js",
    "start": 1590748084003,
    "end": 1590748084005,
    "duration": 2,
    "pid": 7969,
    "index": 50
  },
  {
    "name": "Require(42) node_modules/egg-schedule/app.js",
    "start": 1590748084005,
    "end": 1590748084005,
    "duration": 0,
    "pid": 7969,
    "index": 51
  },
  {
    "name": "Require(43) node_modules/egg-multipart/app.js",
    "start": 1590748084005,
    "end": 1590748084006,
    "duration": 1,
    "pid": 7969,
    "index": 52
  },
  {
    "name": "Require(44) node_modules/egg-development/app.js",
    "start": 1590748084006,
    "end": 1590748084006,
    "duration": 0,
    "pid": 7969,
    "index": 53
  },
  {
    "name": "Require(45) node_modules/egg-logrotator/app.js",
    "start": 1590748084006,
    "end": 1590748084006,
    "duration": 0,
    "pid": 7969,
    "index": 54
  },
  {
    "name": "Require(46) node_modules/egg-static/app.js",
    "start": 1590748084007,
    "end": 1590748084007,
    "duration": 0,
    "pid": 7969,
    "index": 55
  },
  {
    "name": "Require(47) node_modules/egg-view-ejs/app.js",
    "start": 1590748084007,
    "end": 1590748084007,
    "duration": 0,
    "pid": 7969,
    "index": 56
  },
  {
    "name": "Require(48) node_modules/egg-mysql/app.js",
    "start": 1590748084007,
    "end": 1590748084013,
    "duration": 6,
    "pid": 7969,
    "index": 57
  },
  {
    "name": "Before Start in node_modules/egg-watcher/lib/init.js:15:14",
    "start": 1590748084022,
    "end": 1590748084170,
    "duration": 148,
    "pid": 7969,
    "index": 58
  },
  {
    "name": "Before Start in node_modules/egg-mysql/lib/mysql.js:20:7",
    "start": 1590748084078,
    "end": 1590748084172,
    "duration": 94,
    "pid": 7969,
    "index": 59
  },
  {
    "name": "Load Service",
    "start": 1590748084079,
    "end": 1590748084112,
    "duration": 33,
    "pid": 7969,
    "index": 60
  },
  {
    "name": "Load \"service\" to Context",
    "start": 1590748084079,
    "end": 1590748084112,
    "duration": 33,
    "pid": 7969,
    "index": 61
  },
  {
    "name": "Load Middleware",
    "start": 1590748084112,
    "end": 1590748084142,
    "duration": 30,
    "pid": 7969,
    "index": 62
  },
  {
    "name": "Load \"middlewares\" to Application",
    "start": 1590748084112,
    "end": 1590748084137,
    "duration": 25,
    "pid": 7969,
    "index": 63
  },
  {
    "name": "Load Controller",
    "start": 1590748084142,
    "end": 1590748084146,
    "duration": 4,
    "pid": 7969,
    "index": 64
  },
  {
    "name": "Load \"controller\" to Application",
    "start": 1590748084142,
    "end": 1590748084146,
    "duration": 4,
    "pid": 7969,
    "index": 65
  },
  {
    "name": "Load Router",
    "start": 1590748084146,
    "end": 1590748084148,
    "duration": 2,
    "pid": 7969,
    "index": 66
  },
  {
    "name": "Require(49) app/router.js",
    "start": 1590748084146,
    "end": 1590748084146,
    "duration": 0,
    "pid": 7969,
    "index": 67
  },
  {
    "name": "Before Start in node_modules/egg-core/lib/egg.js:303:10",
    "start": 1590748084147,
    "end": 1590748084158,
    "duration": 11,
    "pid": 7969,
    "index": 68
  }
]