[
  {
    "name": "Application Start",
    "start": 1591090703785,
    "end": 1591090704097,
    "duration": 312,
    "pid": 8052,
    "index": 0
  },
  {
    "name": "Load Plugin",
    "start": 1591090703788,
    "end": 1591090703794,
    "duration": 6,
    "pid": 8052,
    "index": 1
  },
  {
    "name": "Load Config",
    "start": 1591090703794,
    "end": 1591090703803,
    "duration": 9,
    "pid": 8052,
    "index": 2
  },
  {
    "name": "Require(0) config/config.default.js",
    "start": 1591090703794,
    "end": 1591090703795,
    "duration": 1,
    "pid": 8052,
    "index": 3
  },
  {
    "name": "Require(1) node_modules/egg-session/config/config.default.js",
    "start": 1591090703795,
    "end": 1591090703796,
    "duration": 1,
    "pid": 8052,
    "index": 4
  },
  {
    "name": "Require(2) node_modules/egg-security/config/config.default.js",
    "start": 1591090703796,
    "end": 1591090703796,
    "duration": 0,
    "pid": 8052,
    "index": 5
  },
  {
    "name": "Require(3) node_modules/egg-jsonp/config/config.default.js",
    "start": 1591090703796,
    "end": 1591090703797,
    "duration": 1,
    "pid": 8052,
    "index": 6
  },
  {
    "name": "Require(4) node_modules/egg-onerror/config/config.default.js",
    "start": 1591090703797,
    "end": 1591090703797,
    "duration": 0,
    "pid": 8052,
    "index": 7
  },
  {
    "name": "Require(5) node_modules/egg-i18n/config/config.default.js",
    "start": 1591090703797,
    "end": 1591090703797,
    "duration": 0,
    "pid": 8052,
    "index": 8
  },
  {
    "name": "Require(6) node_modules/egg-watcher/config/config.default.js",
    "start": 1591090703797,
    "end": 1591090703797,
    "duration": 0,
    "pid": 8052,
    "index": 9
  },
  {
    "name": "Require(7) node_modules/egg-schedule/config/config.default.js",
    "start": 1591090703798,
    "end": 1591090703798,
    "duration": 0,
    "pid": 8052,
    "index": 10
  },
  {
    "name": "Require(8) node_modules/egg-multipart/config/config.default.js",
    "start": 1591090703798,
    "end": 1591090703798,
    "duration": 0,
    "pid": 8052,
    "index": 11
  },
  {
    "name": "Require(9) node_modules/egg-development/config/config.default.js",
    "start": 1591090703798,
    "end": 1591090703798,
    "duration": 0,
    "pid": 8052,
    "index": 12
  },
  {
    "name": "Require(10) node_modules/egg-logrotator/config/config.default.js",
    "start": 1591090703798,
    "end": 1591090703799,
    "duration": 1,
    "pid": 8052,
    "index": 13
  },
  {
    "name": "Require(11) node_modules/egg-static/config/config.default.js",
    "start": 1591090703799,
    "end": 1591090703799,
    "duration": 0,
    "pid": 8052,
    "index": 14
  },
  {
    "name": "Require(12) node_modules/egg-view/config/config.default.js",
    "start": 1591090703799,
    "end": 1591090703799,
    "duration": 0,
    "pid": 8052,
    "index": 15
  },
  {
    "name": "Require(13) node_modules/egg-view-ejs/config/config.default.js",
    "start": 1591090703800,
    "end": 1591090703800,
    "duration": 0,
    "pid": 8052,
    "index": 16
  },
  {
    "name": "Require(14) node_modules/egg-mysql/config/config.default.js",
    "start": 1591090703800,
    "end": 1591090703800,
    "duration": 0,
    "pid": 8052,
    "index": 17
  },
  {
    "name": "Require(15) node_modules/egg/config/config.default.js",
    "start": 1591090703800,
    "end": 1591090703800,
    "duration": 0,
    "pid": 8052,
    "index": 18
  },
  {
    "name": "Require(16) config/config.default.js",
    "start": 1591090703801,
    "end": 1591090703801,
    "duration": 0,
    "pid": 8052,
    "index": 19
  },
  {
    "name": "Require(17) node_modules/egg-security/config/config.local.js",
    "start": 1591090703801,
    "end": 1591090703802,
    "duration": 1,
    "pid": 8052,
    "index": 20
  },
  {
    "name": "Require(18) node_modules/egg-watcher/config/config.local.js",
    "start": 1591090703802,
    "end": 1591090703802,
    "duration": 0,
    "pid": 8052,
    "index": 21
  },
  {
    "name": "Require(19) node_modules/egg-view/config/config.local.js",
    "start": 1591090703802,
    "end": 1591090703802,
    "duration": 0,
    "pid": 8052,
    "index": 22
  },
  {
    "name": "Require(20) node_modules/egg-view-ejs/config/config.local.js",
    "start": 1591090703802,
    "end": 1591090703802,
    "duration": 0,
    "pid": 8052,
    "index": 23
  },
  {
    "name": "Require(21) node_modules/egg/config/config.local.js",
    "start": 1591090703803,
    "end": 1591090703803,
    "duration": 0,
    "pid": 8052,
    "index": 24
  },
  {
    "name": "Load extend/application.js",
    "start": 1591090703804,
    "end": 1591090703809,
    "duration": 5,
    "pid": 8052,
    "index": 25
  },
  {
    "name": "Require(22) node_modules/egg-session/app/extend/application.js",
    "start": 1591090703804,
    "end": 1591090703804,
    "duration": 0,
    "pid": 8052,
    "index": 26
  },
  {
    "name": "Require(23) node_modules/egg-security/app/extend/application.js",
    "start": 1591090703805,
    "end": 1591090703805,
    "duration": 0,
    "pid": 8052,
    "index": 27
  },
  {
    "name": "Require(24) node_modules/egg-jsonp/app/extend/application.js",
    "start": 1591090703805,
    "end": 1591090703806,
    "duration": 1,
    "pid": 8052,
    "index": 28
  },
  {
    "name": "Require(25) node_modules/egg-logrotator/app/extend/application.js",
    "start": 1591090703806,
    "end": 1591090703807,
    "duration": 1,
    "pid": 8052,
    "index": 29
  },
  {
    "name": "Require(26) node_modules/egg-view/app/extend/application.js",
    "start": 1591090703807,
    "end": 1591090703808,
    "duration": 1,
    "pid": 8052,
    "index": 30
  },
  {
    "name": "Load extend/request.js",
    "start": 1591090703809,
    "end": 1591090703810,
    "duration": 1,
    "pid": 8052,
    "index": 31
  },
  {
    "name": "Require(27) node_modules/egg/app/extend/request.js",
    "start": 1591090703809,
    "end": 1591090703810,
    "duration": 1,
    "pid": 8052,
    "index": 32
  },
  {
    "name": "Load extend/response.js",
    "start": 1591090703810,
    "end": 1591090703813,
    "duration": 3,
    "pid": 8052,
    "index": 33
  },
  {
    "name": "Require(28) node_modules/egg/app/extend/response.js",
    "start": 1591090703811,
    "end": 1591090703812,
    "duration": 1,
    "pid": 8052,
    "index": 34
  },
  {
    "name": "Load extend/context.js",
    "start": 1591090703813,
    "end": 1591090703845,
    "duration": 32,
    "pid": 8052,
    "index": 35
  },
  {
    "name": "Require(29) node_modules/egg-security/app/extend/context.js",
    "start": 1591090703813,
    "end": 1591090703816,
    "duration": 3,
    "pid": 8052,
    "index": 36
  },
  {
    "name": "Require(30) node_modules/egg-jsonp/app/extend/context.js",
    "start": 1591090703818,
    "end": 1591090703818,
    "duration": 0,
    "pid": 8052,
    "index": 37
  },
  {
    "name": "Require(31) node_modules/egg-i18n/app/extend/context.js",
    "start": 1591090703818,
    "end": 1591090703818,
    "duration": 0,
    "pid": 8052,
    "index": 38
  },
  {
    "name": "Require(32) node_modules/egg-multipart/app/extend/context.js",
    "start": 1591090703819,
    "end": 1591090703843,
    "duration": 24,
    "pid": 8052,
    "index": 39
  },
  {
    "name": "Require(33) node_modules/egg-view/app/extend/context.js",
    "start": 1591090703843,
    "end": 1591090703844,
    "duration": 1,
    "pid": 8052,
    "index": 40
  },
  {
    "name": "Require(34) node_modules/egg/app/extend/context.js",
    "start": 1591090703844,
    "end": 1591090703845,
    "duration": 1,
    "pid": 8052,
    "index": 41
  },
  {
    "name": "Load extend/helper.js",
    "start": 1591090703845,
    "end": 1591090703859,
    "duration": 14,
    "pid": 8052,
    "index": 42
  },
  {
    "name": "Require(35) node_modules/egg-security/app/extend/helper.js",
    "start": 1591090703845,
    "end": 1591090703857,
    "duration": 12,
    "pid": 8052,
    "index": 43
  },
  {
    "name": "Require(36) node_modules/egg/app/extend/helper.js",
    "start": 1591090703858,
    "end": 1591090703858,
    "duration": 0,
    "pid": 8052,
    "index": 44
  },
  {
    "name": "Load app.js",
    "start": 1591090703859,
    "end": 1591090703890,
    "duration": 31,
    "pid": 8052,
    "index": 45
  },
  {
    "name": "Require(37) node_modules/egg-session/app.js",
    "start": 1591090703859,
    "end": 1591090703859,
    "duration": 0,
    "pid": 8052,
    "index": 46
  },
  {
    "name": "Require(38) node_modules/egg-security/app.js",
    "start": 1591090703859,
    "end": 1591090703861,
    "duration": 2,
    "pid": 8052,
    "index": 47
  },
  {
    "name": "Require(39) node_modules/egg-onerror/app.js",
    "start": 1591090703861,
    "end": 1591090703867,
    "duration": 6,
    "pid": 8052,
    "index": 48
  },
  {
    "name": "Require(40) node_modules/egg-i18n/app.js",
    "start": 1591090703867,
    "end": 1591090703877,
    "duration": 10,
    "pid": 8052,
    "index": 49
  },
  {
    "name": "Require(41) node_modules/egg-watcher/app.js",
    "start": 1591090703877,
    "end": 1591090703879,
    "duration": 2,
    "pid": 8052,
    "index": 50
  },
  {
    "name": "Require(42) node_modules/egg-schedule/app.js",
    "start": 1591090703879,
    "end": 1591090703879,
    "duration": 0,
    "pid": 8052,
    "index": 51
  },
  {
    "name": "Require(43) node_modules/egg-multipart/app.js",
    "start": 1591090703880,
    "end": 1591090703882,
    "duration": 2,
    "pid": 8052,
    "index": 52
  },
  {
    "name": "Require(44) node_modules/egg-development/app.js",
    "start": 1591090703882,
    "end": 1591090703882,
    "duration": 0,
    "pid": 8052,
    "index": 53
  },
  {
    "name": "Require(45) node_modules/egg-logrotator/app.js",
    "start": 1591090703882,
    "end": 1591090703882,
    "duration": 0,
    "pid": 8052,
    "index": 54
  },
  {
    "name": "Require(46) node_modules/egg-static/app.js",
    "start": 1591090703883,
    "end": 1591090703883,
    "duration": 0,
    "pid": 8052,
    "index": 55
  },
  {
    "name": "Require(47) node_modules/egg-view-ejs/app.js",
    "start": 1591090703883,
    "end": 1591090703883,
    "duration": 0,
    "pid": 8052,
    "index": 56
  },
  {
    "name": "Require(48) node_modules/egg-mysql/app.js",
    "start": 1591090703883,
    "end": 1591090703890,
    "duration": 7,
    "pid": 8052,
    "index": 57
  },
  {
    "name": "Before Start in node_modules/egg-watcher/lib/init.js:15:14",
    "start": 1591090703898,
    "end": 1591090704095,
    "duration": 197,
    "pid": 8052,
    "index": 58
  },
  {
    "name": "Before Start in node_modules/egg-mysql/lib/mysql.js:20:7",
    "start": 1591090703964,
    "end": 1591090704097,
    "duration": 133,
    "pid": 8052,
    "index": 59
  },
  {
    "name": "Load Service",
    "start": 1591090703964,
    "end": 1591090704016,
    "duration": 52,
    "pid": 8052,
    "index": 60
  },
  {
    "name": "Load \"service\" to Context",
    "start": 1591090703964,
    "end": 1591090704016,
    "duration": 52,
    "pid": 8052,
    "index": 61
  },
  {
    "name": "Load Middleware",
    "start": 1591090704017,
    "end": 1591090704066,
    "duration": 49,
    "pid": 8052,
    "index": 62
  },
  {
    "name": "Load \"middlewares\" to Application",
    "start": 1591090704017,
    "end": 1591090704060,
    "duration": 43,
    "pid": 8052,
    "index": 63
  },
  {
    "name": "Load Controller",
    "start": 1591090704066,
    "end": 1591090704072,
    "duration": 6,
    "pid": 8052,
    "index": 64
  },
  {
    "name": "Load \"controller\" to Application",
    "start": 1591090704066,
    "end": 1591090704072,
    "duration": 6,
    "pid": 8052,
    "index": 65
  },
  {
    "name": "Load Router",
    "start": 1591090704072,
    "end": 1591090704075,
    "duration": 3,
    "pid": 8052,
    "index": 66
  },
  {
    "name": "Require(49) app/router.js",
    "start": 1591090704073,
    "end": 1591090704073,
    "duration": 0,
    "pid": 8052,
    "index": 67
  },
  {
    "name": "Before Start in node_modules/egg-core/lib/egg.js:303:10",
    "start": 1591090704073,
    "end": 1591090704084,
    "duration": 11,
    "pid": 8052,
    "index": 68
  }
]