[
  {
    "name": "Application Start",
    "start": 1590740752118,
    "end": 1590740752505,
    "duration": 387,
    "pid": 6885,
    "index": 0
  },
  {
    "name": "Load Plugin",
    "start": 1590740752122,
    "end": 1590740752131,
    "duration": 9,
    "pid": 6885,
    "index": 1
  },
  {
    "name": "Load Config",
    "start": 1590740752132,
    "end": 1590740752149,
    "duration": 17,
    "pid": 6885,
    "index": 2
  },
  {
    "name": "Require(0) config/config.default.js",
    "start": 1590740752132,
    "end": 1590740752133,
    "duration": 1,
    "pid": 6885,
    "index": 3
  },
  {
    "name": "Require(1) node_modules/egg-session/config/config.default.js",
    "start": 1590740752133,
    "end": 1590740752134,
    "duration": 1,
    "pid": 6885,
    "index": 4
  },
  {
    "name": "Require(2) node_modules/egg-security/config/config.default.js",
    "start": 1590740752134,
    "end": 1590740752135,
    "duration": 1,
    "pid": 6885,
    "index": 5
  },
  {
    "name": "Require(3) node_modules/egg-jsonp/config/config.default.js",
    "start": 1590740752136,
    "end": 1590740752136,
    "duration": 0,
    "pid": 6885,
    "index": 6
  },
  {
    "name": "Require(4) node_modules/egg-onerror/config/config.default.js",
    "start": 1590740752137,
    "end": 1590740752137,
    "duration": 0,
    "pid": 6885,
    "index": 7
  },
  {
    "name": "Require(5) node_modules/egg-i18n/config/config.default.js",
    "start": 1590740752138,
    "end": 1590740752138,
    "duration": 0,
    "pid": 6885,
    "index": 8
  },
  {
    "name": "Require(6) node_modules/egg-watcher/config/config.default.js",
    "start": 1590740752138,
    "end": 1590740752139,
    "duration": 1,
    "pid": 6885,
    "index": 9
  },
  {
    "name": "Require(7) node_modules/egg-schedule/config/config.default.js",
    "start": 1590740752139,
    "end": 1590740752139,
    "duration": 0,
    "pid": 6885,
    "index": 10
  },
  {
    "name": "Require(8) node_modules/egg-multipart/config/config.default.js",
    "start": 1590740752139,
    "end": 1590740752140,
    "duration": 1,
    "pid": 6885,
    "index": 11
  },
  {
    "name": "Require(9) node_modules/egg-development/config/config.default.js",
    "start": 1590740752140,
    "end": 1590740752141,
    "duration": 1,
    "pid": 6885,
    "index": 12
  },
  {
    "name": "Require(10) node_modules/egg-logrotator/config/config.default.js",
    "start": 1590740752141,
    "end": 1590740752141,
    "duration": 0,
    "pid": 6885,
    "index": 13
  },
  {
    "name": "Require(11) node_modules/egg-static/config/config.default.js",
    "start": 1590740752142,
    "end": 1590740752142,
    "duration": 0,
    "pid": 6885,
    "index": 14
  },
  {
    "name": "Require(12) node_modules/egg-view/config/config.default.js",
    "start": 1590740752142,
    "end": 1590740752143,
    "duration": 1,
    "pid": 6885,
    "index": 15
  },
  {
    "name": "Require(13) node_modules/egg-view-ejs/config/config.default.js",
    "start": 1590740752143,
    "end": 1590740752143,
    "duration": 0,
    "pid": 6885,
    "index": 16
  },
  {
    "name": "Require(14) node_modules/egg-mysql/config/config.default.js",
    "start": 1590740752143,
    "end": 1590740752144,
    "duration": 1,
    "pid": 6885,
    "index": 17
  },
  {
    "name": "Require(15) node_modules/egg/config/config.default.js",
    "start": 1590740752144,
    "end": 1590740752145,
    "duration": 1,
    "pid": 6885,
    "index": 18
  },
  {
    "name": "Require(16) config/config.default.js",
    "start": 1590740752146,
    "end": 1590740752146,
    "duration": 0,
    "pid": 6885,
    "index": 19
  },
  {
    "name": "Require(17) node_modules/egg-security/config/config.local.js",
    "start": 1590740752146,
    "end": 1590740752147,
    "duration": 1,
    "pid": 6885,
    "index": 20
  },
  {
    "name": "Require(18) node_modules/egg-watcher/config/config.local.js",
    "start": 1590740752147,
    "end": 1590740752147,
    "duration": 0,
    "pid": 6885,
    "index": 21
  },
  {
    "name": "Require(19) node_modules/egg-view/config/config.local.js",
    "start": 1590740752148,
    "end": 1590740752148,
    "duration": 0,
    "pid": 6885,
    "index": 22
  },
  {
    "name": "Require(20) node_modules/egg-view-ejs/config/config.local.js",
    "start": 1590740752148,
    "end": 1590740752148,
    "duration": 0,
    "pid": 6885,
    "index": 23
  },
  {
    "name": "Require(21) node_modules/egg/config/config.local.js",
    "start": 1590740752148,
    "end": 1590740752149,
    "duration": 1,
    "pid": 6885,
    "index": 24
  },
  {
    "name": "Load extend/application.js",
    "start": 1590740752150,
    "end": 1590740752156,
    "duration": 6,
    "pid": 6885,
    "index": 25
  },
  {
    "name": "Require(22) node_modules/egg-session/app/extend/application.js",
    "start": 1590740752150,
    "end": 1590740752151,
    "duration": 1,
    "pid": 6885,
    "index": 26
  },
  {
    "name": "Require(23) node_modules/egg-security/app/extend/application.js",
    "start": 1590740752151,
    "end": 1590740752152,
    "duration": 1,
    "pid": 6885,
    "index": 27
  },
  {
    "name": "Require(24) node_modules/egg-jsonp/app/extend/application.js",
    "start": 1590740752152,
    "end": 1590740752153,
    "duration": 1,
    "pid": 6885,
    "index": 28
  },
  {
    "name": "Require(25) node_modules/egg-logrotator/app/extend/application.js",
    "start": 1590740752153,
    "end": 1590740752154,
    "duration": 1,
    "pid": 6885,
    "index": 29
  },
  {
    "name": "Require(26) node_modules/egg-view/app/extend/application.js",
    "start": 1590740752154,
    "end": 1590740752155,
    "duration": 1,
    "pid": 6885,
    "index": 30
  },
  {
    "name": "Load extend/request.js",
    "start": 1590740752156,
    "end": 1590740752157,
    "duration": 1,
    "pid": 6885,
    "index": 31
  },
  {
    "name": "Require(27) node_modules/egg/app/extend/request.js",
    "start": 1590740752156,
    "end": 1590740752157,
    "duration": 1,
    "pid": 6885,
    "index": 32
  },
  {
    "name": "Load extend/response.js",
    "start": 1590740752157,
    "end": 1590740752161,
    "duration": 4,
    "pid": 6885,
    "index": 33
  },
  {
    "name": "Require(28) node_modules/egg/app/extend/response.js",
    "start": 1590740752159,
    "end": 1590740752160,
    "duration": 1,
    "pid": 6885,
    "index": 34
  },
  {
    "name": "Load extend/context.js",
    "start": 1590740752161,
    "end": 1590740752211,
    "duration": 50,
    "pid": 6885,
    "index": 35
  },
  {
    "name": "Require(29) node_modules/egg-security/app/extend/context.js",
    "start": 1590740752163,
    "end": 1590740752170,
    "duration": 7,
    "pid": 6885,
    "index": 36
  },
  {
    "name": "Require(30) node_modules/egg-jsonp/app/extend/context.js",
    "start": 1590740752170,
    "end": 1590740752171,
    "duration": 1,
    "pid": 6885,
    "index": 37
  },
  {
    "name": "Require(31) node_modules/egg-i18n/app/extend/context.js",
    "start": 1590740752172,
    "end": 1590740752172,
    "duration": 0,
    "pid": 6885,
    "index": 38
  },
  {
    "name": "Require(32) node_modules/egg-multipart/app/extend/context.js",
    "start": 1590740752172,
    "end": 1590740752208,
    "duration": 36,
    "pid": 6885,
    "index": 39
  },
  {
    "name": "Require(33) node_modules/egg-view/app/extend/context.js",
    "start": 1590740752209,
    "end": 1590740752209,
    "duration": 0,
    "pid": 6885,
    "index": 40
  },
  {
    "name": "Require(34) node_modules/egg/app/extend/context.js",
    "start": 1590740752210,
    "end": 1590740752211,
    "duration": 1,
    "pid": 6885,
    "index": 41
  },
  {
    "name": "Load extend/helper.js",
    "start": 1590740752211,
    "end": 1590740752226,
    "duration": 15,
    "pid": 6885,
    "index": 42
  },
  {
    "name": "Require(35) node_modules/egg-security/app/extend/helper.js",
    "start": 1590740752211,
    "end": 1590740752224,
    "duration": 13,
    "pid": 6885,
    "index": 43
  },
  {
    "name": "Require(36) node_modules/egg/app/extend/helper.js",
    "start": 1590740752224,
    "end": 1590740752225,
    "duration": 1,
    "pid": 6885,
    "index": 44
  },
  {
    "name": "Load app.js",
    "start": 1590740752226,
    "end": 1590740752264,
    "duration": 38,
    "pid": 6885,
    "index": 45
  },
  {
    "name": "Require(37) node_modules/egg-session/app.js",
    "start": 1590740752226,
    "end": 1590740752227,
    "duration": 1,
    "pid": 6885,
    "index": 46
  },
  {
    "name": "Require(38) node_modules/egg-security/app.js",
    "start": 1590740752227,
    "end": 1590740752228,
    "duration": 1,
    "pid": 6885,
    "index": 47
  },
  {
    "name": "Require(39) node_modules/egg-onerror/app.js",
    "start": 1590740752228,
    "end": 1590740752235,
    "duration": 7,
    "pid": 6885,
    "index": 48
  },
  {
    "name": "Require(40) node_modules/egg-i18n/app.js",
    "start": 1590740752235,
    "end": 1590740752246,
    "duration": 11,
    "pid": 6885,
    "index": 49
  },
  {
    "name": "Require(41) node_modules/egg-watcher/app.js",
    "start": 1590740752246,
    "end": 1590740752248,
    "duration": 2,
    "pid": 6885,
    "index": 50
  },
  {
    "name": "Require(42) node_modules/egg-schedule/app.js",
    "start": 1590740752248,
    "end": 1590740752249,
    "duration": 1,
    "pid": 6885,
    "index": 51
  },
  {
    "name": "Require(43) node_modules/egg-multipart/app.js",
    "start": 1590740752249,
    "end": 1590740752251,
    "duration": 2,
    "pid": 6885,
    "index": 52
  },
  {
    "name": "Require(44) node_modules/egg-development/app.js",
    "start": 1590740752251,
    "end": 1590740752251,
    "duration": 0,
    "pid": 6885,
    "index": 53
  },
  {
    "name": "Require(45) node_modules/egg-logrotator/app.js",
    "start": 1590740752252,
    "end": 1590740752252,
    "duration": 0,
    "pid": 6885,
    "index": 54
  },
  {
    "name": "Require(46) node_modules/egg-static/app.js",
    "start": 1590740752252,
    "end": 1590740752252,
    "duration": 0,
    "pid": 6885,
    "index": 55
  },
  {
    "name": "Require(47) node_modules/egg-view-ejs/app.js",
    "start": 1590740752252,
    "end": 1590740752253,
    "duration": 1,
    "pid": 6885,
    "index": 56
  },
  {
    "name": "Require(48) node_modules/egg-mysql/app.js",
    "start": 1590740752253,
    "end": 1590740752264,
    "duration": 11,
    "pid": 6885,
    "index": 57
  },
  {
    "name": "Before Start in node_modules/egg-watcher/lib/init.js:15:14",
    "start": 1590740752273,
    "end": 1590740752502,
    "duration": 229,
    "pid": 6885,
    "index": 58
  },
  {
    "name": "Before Start in node_modules/egg-mysql/lib/mysql.js:20:7",
    "start": 1590740752347,
    "end": 1590740752504,
    "duration": 157,
    "pid": 6885,
    "index": 59
  },
  {
    "name": "Load Service",
    "start": 1590740752347,
    "end": 1590740752412,
    "duration": 65,
    "pid": 6885,
    "index": 60
  },
  {
    "name": "Load \"service\" to Context",
    "start": 1590740752347,
    "end": 1590740752412,
    "duration": 65,
    "pid": 6885,
    "index": 61
  },
  {
    "name": "Load Middleware",
    "start": 1590740752413,
    "end": 1590740752472,
    "duration": 59,
    "pid": 6885,
    "index": 62
  },
  {
    "name": "Load \"middlewares\" to Application",
    "start": 1590740752413,
    "end": 1590740752465,
    "duration": 52,
    "pid": 6885,
    "index": 63
  },
  {
    "name": "Load Controller",
    "start": 1590740752472,
    "end": 1590740752479,
    "duration": 7,
    "pid": 6885,
    "index": 64
  },
  {
    "name": "Load \"controller\" to Application",
    "start": 1590740752472,
    "end": 1590740752479,
    "duration": 7,
    "pid": 6885,
    "index": 65
  },
  {
    "name": "Load Router",
    "start": 1590740752479,
    "end": 1590740752482,
    "duration": 3,
    "pid": 6885,
    "index": 66
  },
  {
    "name": "Require(49) app/router.js",
    "start": 1590740752479,
    "end": 1590740752479,
    "duration": 0,
    "pid": 6885,
    "index": 67
  },
  {
    "name": "Before Start in node_modules/egg-core/lib/egg.js:303:10",
    "start": 1590740752480,
    "end": 1590740752491,
    "duration": 11,
    "pid": 6885,
    "index": 68
  }
]