[
  {
    "name": "Application Start",
    "start": 1590747506675,
    "end": 1590747507047,
    "duration": 372,
    "pid": 7894,
    "index": 0
  },
  {
    "name": "Load Plugin",
    "start": 1590747506678,
    "end": 1590747506688,
    "duration": 10,
    "pid": 7894,
    "index": 1
  },
  {
    "name": "Load Config",
    "start": 1590747506688,
    "end": 1590747506705,
    "duration": 17,
    "pid": 7894,
    "index": 2
  },
  {
    "name": "Require(0) config/config.default.js",
    "start": 1590747506689,
    "end": 1590747506690,
    "duration": 1,
    "pid": 7894,
    "index": 3
  },
  {
    "name": "Require(1) node_modules/egg-session/config/config.default.js",
    "start": 1590747506691,
    "end": 1590747506691,
    "duration": 0,
    "pid": 7894,
    "index": 4
  },
  {
    "name": "Require(2) node_modules/egg-security/config/config.default.js",
    "start": 1590747506691,
    "end": 1590747506692,
    "duration": 1,
    "pid": 7894,
    "index": 5
  },
  {
    "name": "Require(3) node_modules/egg-jsonp/config/config.default.js",
    "start": 1590747506693,
    "end": 1590747506693,
    "duration": 0,
    "pid": 7894,
    "index": 6
  },
  {
    "name": "Require(4) node_modules/egg-onerror/config/config.default.js",
    "start": 1590747506693,
    "end": 1590747506694,
    "duration": 1,
    "pid": 7894,
    "index": 7
  },
  {
    "name": "Require(5) node_modules/egg-i18n/config/config.default.js",
    "start": 1590747506694,
    "end": 1590747506695,
    "duration": 1,
    "pid": 7894,
    "index": 8
  },
  {
    "name": "Require(6) node_modules/egg-watcher/config/config.default.js",
    "start": 1590747506695,
    "end": 1590747506695,
    "duration": 0,
    "pid": 7894,
    "index": 9
  },
  {
    "name": "Require(7) node_modules/egg-schedule/config/config.default.js",
    "start": 1590747506696,
    "end": 1590747506696,
    "duration": 0,
    "pid": 7894,
    "index": 10
  },
  {
    "name": "Require(8) node_modules/egg-multipart/config/config.default.js",
    "start": 1590747506696,
    "end": 1590747506696,
    "duration": 0,
    "pid": 7894,
    "index": 11
  },
  {
    "name": "Require(9) node_modules/egg-development/config/config.default.js",
    "start": 1590747506697,
    "end": 1590747506697,
    "duration": 0,
    "pid": 7894,
    "index": 12
  },
  {
    "name": "Require(10) node_modules/egg-logrotator/config/config.default.js",
    "start": 1590747506697,
    "end": 1590747506698,
    "duration": 1,
    "pid": 7894,
    "index": 13
  },
  {
    "name": "Require(11) node_modules/egg-static/config/config.default.js",
    "start": 1590747506698,
    "end": 1590747506699,
    "duration": 1,
    "pid": 7894,
    "index": 14
  },
  {
    "name": "Require(12) node_modules/egg-view/config/config.default.js",
    "start": 1590747506699,
    "end": 1590747506699,
    "duration": 0,
    "pid": 7894,
    "index": 15
  },
  {
    "name": "Require(13) node_modules/egg-view-ejs/config/config.default.js",
    "start": 1590747506699,
    "end": 1590747506700,
    "duration": 1,
    "pid": 7894,
    "index": 16
  },
  {
    "name": "Require(14) node_modules/egg-mysql/config/config.default.js",
    "start": 1590747506700,
    "end": 1590747506701,
    "duration": 1,
    "pid": 7894,
    "index": 17
  },
  {
    "name": "Require(15) node_modules/egg/config/config.default.js",
    "start": 1590747506701,
    "end": 1590747506701,
    "duration": 0,
    "pid": 7894,
    "index": 18
  },
  {
    "name": "Require(16) config/config.default.js",
    "start": 1590747506702,
    "end": 1590747506702,
    "duration": 0,
    "pid": 7894,
    "index": 19
  },
  {
    "name": "Require(17) node_modules/egg-security/config/config.local.js",
    "start": 1590747506703,
    "end": 1590747506703,
    "duration": 0,
    "pid": 7894,
    "index": 20
  },
  {
    "name": "Require(18) node_modules/egg-watcher/config/config.local.js",
    "start": 1590747506703,
    "end": 1590747506703,
    "duration": 0,
    "pid": 7894,
    "index": 21
  },
  {
    "name": "Require(19) node_modules/egg-view/config/config.local.js",
    "start": 1590747506704,
    "end": 1590747506704,
    "duration": 0,
    "pid": 7894,
    "index": 22
  },
  {
    "name": "Require(20) node_modules/egg-view-ejs/config/config.local.js",
    "start": 1590747506704,
    "end": 1590747506705,
    "duration": 1,
    "pid": 7894,
    "index": 23
  },
  {
    "name": "Require(21) node_modules/egg/config/config.local.js",
    "start": 1590747506705,
    "end": 1590747506705,
    "duration": 0,
    "pid": 7894,
    "index": 24
  },
  {
    "name": "Load extend/application.js",
    "start": 1590747506706,
    "end": 1590747506714,
    "duration": 8,
    "pid": 7894,
    "index": 25
  },
  {
    "name": "Require(22) node_modules/egg-session/app/extend/application.js",
    "start": 1590747506707,
    "end": 1590747506707,
    "duration": 0,
    "pid": 7894,
    "index": 26
  },
  {
    "name": "Require(23) node_modules/egg-security/app/extend/application.js",
    "start": 1590747506707,
    "end": 1590747506709,
    "duration": 2,
    "pid": 7894,
    "index": 27
  },
  {
    "name": "Require(24) node_modules/egg-jsonp/app/extend/application.js",
    "start": 1590747506709,
    "end": 1590747506710,
    "duration": 1,
    "pid": 7894,
    "index": 28
  },
  {
    "name": "Require(25) node_modules/egg-logrotator/app/extend/application.js",
    "start": 1590747506710,
    "end": 1590747506712,
    "duration": 2,
    "pid": 7894,
    "index": 29
  },
  {
    "name": "Require(26) node_modules/egg-view/app/extend/application.js",
    "start": 1590747506712,
    "end": 1590747506713,
    "duration": 1,
    "pid": 7894,
    "index": 30
  },
  {
    "name": "Load extend/request.js",
    "start": 1590747506714,
    "end": 1590747506716,
    "duration": 2,
    "pid": 7894,
    "index": 31
  },
  {
    "name": "Require(27) node_modules/egg/app/extend/request.js",
    "start": 1590747506714,
    "end": 1590747506715,
    "duration": 1,
    "pid": 7894,
    "index": 32
  },
  {
    "name": "Load extend/response.js",
    "start": 1590747506716,
    "end": 1590747506719,
    "duration": 3,
    "pid": 7894,
    "index": 33
  },
  {
    "name": "Require(28) node_modules/egg/app/extend/response.js",
    "start": 1590747506717,
    "end": 1590747506718,
    "duration": 1,
    "pid": 7894,
    "index": 34
  },
  {
    "name": "Load extend/context.js",
    "start": 1590747506719,
    "end": 1590747506768,
    "duration": 49,
    "pid": 7894,
    "index": 35
  },
  {
    "name": "Require(29) node_modules/egg-security/app/extend/context.js",
    "start": 1590747506719,
    "end": 1590747506727,
    "duration": 8,
    "pid": 7894,
    "index": 36
  },
  {
    "name": "Require(30) node_modules/egg-jsonp/app/extend/context.js",
    "start": 1590747506728,
    "end": 1590747506729,
    "duration": 1,
    "pid": 7894,
    "index": 37
  },
  {
    "name": "Require(31) node_modules/egg-i18n/app/extend/context.js",
    "start": 1590747506729,
    "end": 1590747506730,
    "duration": 1,
    "pid": 7894,
    "index": 38
  },
  {
    "name": "Require(32) node_modules/egg-multipart/app/extend/context.js",
    "start": 1590747506730,
    "end": 1590747506765,
    "duration": 35,
    "pid": 7894,
    "index": 39
  },
  {
    "name": "Require(33) node_modules/egg-view/app/extend/context.js",
    "start": 1590747506766,
    "end": 1590747506767,
    "duration": 1,
    "pid": 7894,
    "index": 40
  },
  {
    "name": "Require(34) node_modules/egg/app/extend/context.js",
    "start": 1590747506767,
    "end": 1590747506768,
    "duration": 1,
    "pid": 7894,
    "index": 41
  },
  {
    "name": "Load extend/helper.js",
    "start": 1590747506768,
    "end": 1590747506782,
    "duration": 14,
    "pid": 7894,
    "index": 42
  },
  {
    "name": "Require(35) node_modules/egg-security/app/extend/helper.js",
    "start": 1590747506768,
    "end": 1590747506781,
    "duration": 13,
    "pid": 7894,
    "index": 43
  },
  {
    "name": "Require(36) node_modules/egg/app/extend/helper.js",
    "start": 1590747506781,
    "end": 1590747506782,
    "duration": 1,
    "pid": 7894,
    "index": 44
  },
  {
    "name": "Load app.js",
    "start": 1590747506782,
    "end": 1590747506826,
    "duration": 44,
    "pid": 7894,
    "index": 45
  },
  {
    "name": "Require(37) node_modules/egg-session/app.js",
    "start": 1590747506782,
    "end": 1590747506783,
    "duration": 1,
    "pid": 7894,
    "index": 46
  },
  {
    "name": "Require(38) node_modules/egg-security/app.js",
    "start": 1590747506783,
    "end": 1590747506784,
    "duration": 1,
    "pid": 7894,
    "index": 47
  },
  {
    "name": "Require(39) node_modules/egg-onerror/app.js",
    "start": 1590747506785,
    "end": 1590747506792,
    "duration": 7,
    "pid": 7894,
    "index": 48
  },
  {
    "name": "Require(40) node_modules/egg-i18n/app.js",
    "start": 1590747506792,
    "end": 1590747506803,
    "duration": 11,
    "pid": 7894,
    "index": 49
  },
  {
    "name": "Require(41) node_modules/egg-watcher/app.js",
    "start": 1590747506803,
    "end": 1590747506805,
    "duration": 2,
    "pid": 7894,
    "index": 50
  },
  {
    "name": "Require(42) node_modules/egg-schedule/app.js",
    "start": 1590747506806,
    "end": 1590747506807,
    "duration": 1,
    "pid": 7894,
    "index": 51
  },
  {
    "name": "Require(43) node_modules/egg-multipart/app.js",
    "start": 1590747506807,
    "end": 1590747506809,
    "duration": 2,
    "pid": 7894,
    "index": 52
  },
  {
    "name": "Require(44) node_modules/egg-development/app.js",
    "start": 1590747506809,
    "end": 1590747506810,
    "duration": 1,
    "pid": 7894,
    "index": 53
  },
  {
    "name": "Require(45) node_modules/egg-logrotator/app.js",
    "start": 1590747506810,
    "end": 1590747506810,
    "duration": 0,
    "pid": 7894,
    "index": 54
  },
  {
    "name": "Require(46) node_modules/egg-static/app.js",
    "start": 1590747506810,
    "end": 1590747506811,
    "duration": 1,
    "pid": 7894,
    "index": 55
  },
  {
    "name": "Require(47) node_modules/egg-view-ejs/app.js",
    "start": 1590747506811,
    "end": 1590747506812,
    "duration": 1,
    "pid": 7894,
    "index": 56
  },
  {
    "name": "Require(48) node_modules/egg-mysql/app.js",
    "start": 1590747506812,
    "end": 1590747506825,
    "duration": 13,
    "pid": 7894,
    "index": 57
  },
  {
    "name": "Before Start in node_modules/egg-watcher/lib/init.js:15:14",
    "start": 1590747506835,
    "end": 1590747507044,
    "duration": 209,
    "pid": 7894,
    "index": 58
  },
  {
    "name": "Before Start in node_modules/egg-mysql/lib/mysql.js:20:7",
    "start": 1590747506904,
    "end": 1590747507046,
    "duration": 142,
    "pid": 7894,
    "index": 59
  },
  {
    "name": "Load Service",
    "start": 1590747506904,
    "end": 1590747506965,
    "duration": 61,
    "pid": 7894,
    "index": 60
  },
  {
    "name": "Load \"service\" to Context",
    "start": 1590747506905,
    "end": 1590747506965,
    "duration": 60,
    "pid": 7894,
    "index": 61
  },
  {
    "name": "Load Middleware",
    "start": 1590747506965,
    "end": 1590747507015,
    "duration": 50,
    "pid": 7894,
    "index": 62
  },
  {
    "name": "Load \"middlewares\" to Application",
    "start": 1590747506965,
    "end": 1590747507010,
    "duration": 45,
    "pid": 7894,
    "index": 63
  },
  {
    "name": "Load Controller",
    "start": 1590747507015,
    "end": 1590747507022,
    "duration": 7,
    "pid": 7894,
    "index": 64
  },
  {
    "name": "Load \"controller\" to Application",
    "start": 1590747507015,
    "end": 1590747507022,
    "duration": 7,
    "pid": 7894,
    "index": 65
  },
  {
    "name": "Load Router",
    "start": 1590747507022,
    "end": 1590747507024,
    "duration": 2,
    "pid": 7894,
    "index": 66
  },
  {
    "name": "Require(49) app/router.js",
    "start": 1590747507022,
    "end": 1590747507023,
    "duration": 1,
    "pid": 7894,
    "index": 67
  },
  {
    "name": "Before Start in node_modules/egg-core/lib/egg.js:303:10",
    "start": 1590747507023,
    "end": 1590747507034,
    "duration": 11,
    "pid": 7894,
    "index": 68
  }
]