[
  {
    "name": "Application Start",
    "start": 1588860254121,
    "end": 1588860296617,
    "duration": 42496,
    "pid": 1466,
    "index": 0
  },
  {
    "name": "Load Plugin",
    "start": 1588860254126,
    "end": 1588860254138,
    "duration": 12,
    "pid": 1466,
    "index": 1
  },
  {
    "name": "Load Config",
    "start": 1588860254138,
    "end": 1588860254163,
    "duration": 25,
    "pid": 1466,
    "index": 2
  },
  {
    "name": "Require(0) config/config.default.js",
    "start": 1588860254139,
    "end": 1588860254139,
    "duration": 0,
    "pid": 1466,
    "index": 3
  },
  {
    "name": "Require(1) node_modules/egg-session/config/config.default.js",
    "start": 1588860254140,
    "end": 1588860254141,
    "duration": 1,
    "pid": 1466,
    "index": 4
  },
  {
    "name": "Require(2) node_modules/egg-security/config/config.default.js",
    "start": 1588860254141,
    "end": 1588860254141,
    "duration": 0,
    "pid": 1466,
    "index": 5
  },
  {
    "name": "Require(3) node_modules/egg-jsonp/config/config.default.js",
    "start": 1588860254142,
    "end": 1588860254143,
    "duration": 1,
    "pid": 1466,
    "index": 6
  },
  {
    "name": "Require(4) node_modules/egg-onerror/config/config.default.js",
    "start": 1588860254143,
    "end": 1588860254143,
    "duration": 0,
    "pid": 1466,
    "index": 7
  },
  {
    "name": "Require(5) node_modules/egg-i18n/config/config.default.js",
    "start": 1588860254143,
    "end": 1588860254144,
    "duration": 1,
    "pid": 1466,
    "index": 8
  },
  {
    "name": "Require(6) node_modules/egg-watcher/config/config.default.js",
    "start": 1588860254144,
    "end": 1588860254144,
    "duration": 0,
    "pid": 1466,
    "index": 9
  },
  {
    "name": "Require(7) node_modules/egg-schedule/config/config.default.js",
    "start": 1588860254145,
    "end": 1588860254145,
    "duration": 0,
    "pid": 1466,
    "index": 10
  },
  {
    "name": "Require(8) node_modules/egg-multipart/config/config.default.js",
    "start": 1588860254145,
    "end": 1588860254146,
    "duration": 1,
    "pid": 1466,
    "index": 11
  },
  {
    "name": "Require(9) node_modules/egg-development/config/config.default.js",
    "start": 1588860254146,
    "end": 1588860254146,
    "duration": 0,
    "pid": 1466,
    "index": 12
  },
  {
    "name": "Require(10) node_modules/egg-logrotator/config/config.default.js",
    "start": 1588860254147,
    "end": 1588860254147,
    "duration": 0,
    "pid": 1466,
    "index": 13
  },
  {
    "name": "Require(11) node_modules/egg-static/config/config.default.js",
    "start": 1588860254147,
    "end": 1588860254147,
    "duration": 0,
    "pid": 1466,
    "index": 14
  },
  {
    "name": "Require(12) node_modules/egg-view/config/config.default.js",
    "start": 1588860254148,
    "end": 1588860254148,
    "duration": 0,
    "pid": 1466,
    "index": 15
  },
  {
    "name": "Require(13) node_modules/egg-view-ejs/config/config.default.js",
    "start": 1588860254149,
    "end": 1588860254150,
    "duration": 1,
    "pid": 1466,
    "index": 16
  },
  {
    "name": "Require(14) node_modules/egg-mysql/config/config.default.js",
    "start": 1588860254150,
    "end": 1588860254151,
    "duration": 1,
    "pid": 1466,
    "index": 17
  },
  {
    "name": "Require(15) node_modules/egg/config/config.default.js",
    "start": 1588860254151,
    "end": 1588860254152,
    "duration": 1,
    "pid": 1466,
    "index": 18
  },
  {
    "name": "Require(16) config/config.default.js",
    "start": 1588860254156,
    "end": 1588860254156,
    "duration": 0,
    "pid": 1466,
    "index": 19
  },
  {
    "name": "Require(17) node_modules/egg-security/config/config.local.js",
    "start": 1588860254157,
    "end": 1588860254157,
    "duration": 0,
    "pid": 1466,
    "index": 20
  },
  {
    "name": "Require(18) node_modules/egg-watcher/config/config.local.js",
    "start": 1588860254159,
    "end": 1588860254160,
    "duration": 1,
    "pid": 1466,
    "index": 21
  },
  {
    "name": "Require(19) node_modules/egg-view/config/config.local.js",
    "start": 1588860254161,
    "end": 1588860254162,
    "duration": 1,
    "pid": 1466,
    "index": 22
  },
  {
    "name": "Require(20) node_modules/egg-view-ejs/config/config.local.js",
    "start": 1588860254162,
    "end": 1588860254163,
    "duration": 1,
    "pid": 1466,
    "index": 23
  },
  {
    "name": "Require(21) node_modules/egg/config/config.local.js",
    "start": 1588860254163,
    "end": 1588860254163,
    "duration": 0,
    "pid": 1466,
    "index": 24
  },
  {
    "name": "Load extend/application.js",
    "start": 1588860254165,
    "end": 1588860254680,
    "duration": 515,
    "pid": 1466,
    "index": 25
  },
  {
    "name": "Require(22) node_modules/egg-session/app/extend/application.js",
    "start": 1588860254165,
    "end": 1588860254182,
    "duration": 17,
    "pid": 1466,
    "index": 26
  },
  {
    "name": "Require(23) node_modules/egg-security/app/extend/application.js",
    "start": 1588860254213,
    "end": 1588860254317,
    "duration": 104,
    "pid": 1466,
    "index": 27
  },
  {
    "name": "Require(24) node_modules/egg-jsonp/app/extend/application.js",
    "start": 1588860254347,
    "end": 1588860254404,
    "duration": 57,
    "pid": 1466,
    "index": 28
  },
  {
    "name": "Require(25) node_modules/egg-logrotator/app/extend/application.js",
    "start": 1588860254422,
    "end": 1588860254459,
    "duration": 37,
    "pid": 1466,
    "index": 29
  },
  {
    "name": "Require(26) node_modules/egg-view/app/extend/application.js",
    "start": 1588860254460,
    "end": 1588860254584,
    "duration": 124,
    "pid": 1466,
    "index": 30
  },
  {
    "name": "Load extend/request.js",
    "start": 1588860254680,
    "end": 1588860254790,
    "duration": 110,
    "pid": 1466,
    "index": 31
  },
  {
    "name": "Require(27) node_modules/egg/app/extend/request.js",
    "start": 1588860254682,
    "end": 1588860254754,
    "duration": 72,
    "pid": 1466,
    "index": 32
  },
  {
    "name": "Load extend/response.js",
    "start": 1588860254790,
    "end": 1588860255210,
    "duration": 420,
    "pid": 1466,
    "index": 33
  },
  {
    "name": "Require(28) node_modules/egg/app/extend/response.js",
    "start": 1588860254990,
    "end": 1588860255208,
    "duration": 218,
    "pid": 1466,
    "index": 34
  },
  {
    "name": "Load extend/context.js",
    "start": 1588860255210,
    "end": 1588860255259,
    "duration": 49,
    "pid": 1466,
    "index": 35
  },
  {
    "name": "Require(29) node_modules/egg-security/app/extend/context.js",
    "start": 1588860255210,
    "end": 1588860255216,
    "duration": 6,
    "pid": 1466,
    "index": 36
  },
  {
    "name": "Require(30) node_modules/egg-jsonp/app/extend/context.js",
    "start": 1588860255216,
    "end": 1588860255217,
    "duration": 1,
    "pid": 1466,
    "index": 37
  },
  {
    "name": "Require(31) node_modules/egg-i18n/app/extend/context.js",
    "start": 1588860255217,
    "end": 1588860255217,
    "duration": 0,
    "pid": 1466,
    "index": 38
  },
  {
    "name": "Require(32) node_modules/egg-multipart/app/extend/context.js",
    "start": 1588860255218,
    "end": 1588860255255,
    "duration": 37,
    "pid": 1466,
    "index": 39
  },
  {
    "name": "Require(33) node_modules/egg-view/app/extend/context.js",
    "start": 1588860255255,
    "end": 1588860255256,
    "duration": 1,
    "pid": 1466,
    "index": 40
  },
  {
    "name": "Require(34) node_modules/egg/app/extend/context.js",
    "start": 1588860255257,
    "end": 1588860255257,
    "duration": 0,
    "pid": 1466,
    "index": 41
  },
  {
    "name": "Load extend/helper.js",
    "start": 1588860255259,
    "end": 1588860257723,
    "duration": 2464,
    "pid": 1466,
    "index": 42
  },
  {
    "name": "Require(35) node_modules/egg-security/app/extend/helper.js",
    "start": 1588860255279,
    "end": 1588860257655,
    "duration": 2376,
    "pid": 1466,
    "index": 43
  },
  {
    "name": "Require(36) node_modules/egg/app/extend/helper.js",
    "start": 1588860257676,
    "end": 1588860257701,
    "duration": 25,
    "pid": 1466,
    "index": 44
  },
  {
    "name": "Load app.js",
    "start": 1588860257724,
    "end": 1588860259896,
    "duration": 2172,
    "pid": 1466,
    "index": 45
  },
  {
    "name": "Require(37) node_modules/egg-session/app.js",
    "start": 1588860257729,
    "end": 1588860257753,
    "duration": 24,
    "pid": 1466,
    "index": 46
  },
  {
    "name": "Require(38) node_modules/egg-security/app.js",
    "start": 1588860257754,
    "end": 1588860257869,
    "duration": 115,
    "pid": 1466,
    "index": 47
  },
  {
    "name": "Require(39) node_modules/egg-onerror/app.js",
    "start": 1588860257869,
    "end": 1588860258248,
    "duration": 379,
    "pid": 1466,
    "index": 48
  },
  {
    "name": "Require(40) node_modules/egg-i18n/app.js",
    "start": 1588860258383,
    "end": 1588860259420,
    "duration": 1037,
    "pid": 1466,
    "index": 49
  },
  {
    "name": "Require(41) node_modules/egg-watcher/app.js",
    "start": 1588860259421,
    "end": 1588860259450,
    "duration": 29,
    "pid": 1466,
    "index": 50
  },
  {
    "name": "Require(42) node_modules/egg-schedule/app.js",
    "start": 1588860259450,
    "end": 1588860259486,
    "duration": 36,
    "pid": 1466,
    "index": 51
  },
  {
    "name": "Require(43) node_modules/egg-multipart/app.js",
    "start": 1588860259487,
    "end": 1588860259742,
    "duration": 255,
    "pid": 1466,
    "index": 52
  },
  {
    "name": "Require(44) node_modules/egg-development/app.js",
    "start": 1588860259743,
    "end": 1588860259762,
    "duration": 19,
    "pid": 1466,
    "index": 53
  },
  {
    "name": "Require(45) node_modules/egg-logrotator/app.js",
    "start": 1588860259763,
    "end": 1588860259788,
    "duration": 25,
    "pid": 1466,
    "index": 54
  },
  {
    "name": "Require(46) node_modules/egg-static/app.js",
    "start": 1588860259789,
    "end": 1588860259817,
    "duration": 28,
    "pid": 1466,
    "index": 55
  },
  {
    "name": "Require(47) node_modules/egg-view-ejs/app.js",
    "start": 1588860259817,
    "end": 1588860259846,
    "duration": 29,
    "pid": 1466,
    "index": 56
  },
  {
    "name": "Require(48) node_modules/egg-mysql/app.js",
    "start": 1588860259846,
    "end": 1588860259895,
    "duration": 49,
    "pid": 1466,
    "index": 57
  },
  {
    "name": "Before Start in node_modules/egg-watcher/lib/init.js:15:14",
    "start": 1588860260091,
    "end": 1588860295413,
    "duration": 35322,
    "pid": 1466,
    "index": 58
  },
  {
    "name": "Before Start in node_modules/egg-mysql/lib/mysql.js:20:7",
    "start": 1588860262948,
    "end": 1588860296616,
    "duration": 33668,
    "pid": 1466,
    "index": 59
  },
  {
    "name": "Load Service",
    "start": 1588860262962,
    "end": 1588860268983,
    "duration": 6021,
    "pid": 1466,
    "index": 60
  },
  {
    "name": "Load \"service\" to Context",
    "start": 1588860262962,
    "end": 1588860268983,
    "duration": 6021,
    "pid": 1466,
    "index": 61
  },
  {
    "name": "Load Middleware",
    "start": 1588860268984,
    "end": 1588860292527,
    "duration": 23543,
    "pid": 1466,
    "index": 62
  },
  {
    "name": "Load \"middlewares\" to Application",
    "start": 1588860268984,
    "end": 1588860290560,
    "duration": 21576,
    "pid": 1466,
    "index": 63
  },
  {
    "name": "Load Controller",
    "start": 1588860292527,
    "end": 1588860293392,
    "duration": 865,
    "pid": 1466,
    "index": 64
  },
  {
    "name": "Load \"controller\" to Application",
    "start": 1588860292527,
    "end": 1588860293392,
    "duration": 865,
    "pid": 1466,
    "index": 65
  },
  {
    "name": "Load Router",
    "start": 1588860293392,
    "end": 1588860293510,
    "duration": 118,
    "pid": 1466,
    "index": 66
  },
  {
    "name": "Require(49) app/router.js",
    "start": 1588860293436,
    "end": 1588860293504,
    "duration": 68,
    "pid": 1466,
    "index": 67
  },
  {
    "name": "Before Start in node_modules/egg-core/lib/egg.js:303:10",
    "start": 1588860293505,
    "end": 1588860294695,
    "duration": 1190,
    "pid": 1466,
    "index": 68
  }
]