[
  {
    "name": "Application Start",
    "start": 1588948180236,
    "end": 1588948202195,
    "duration": 21959,
    "pid": 882,
    "index": 0
  },
  {
    "name": "Load Plugin",
    "start": 1588948180242,
    "end": 1588948180252,
    "duration": 10,
    "pid": 882,
    "index": 1
  },
  {
    "name": "Load Config",
    "start": 1588948180252,
    "end": 1588948180269,
    "duration": 17,
    "pid": 882,
    "index": 2
  },
  {
    "name": "Require(0) config/config.default.js",
    "start": 1588948180253,
    "end": 1588948180253,
    "duration": 0,
    "pid": 882,
    "index": 3
  },
  {
    "name": "Require(1) node_modules/egg-session/config/config.default.js",
    "start": 1588948180255,
    "end": 1588948180255,
    "duration": 0,
    "pid": 882,
    "index": 4
  },
  {
    "name": "Require(2) node_modules/egg-security/config/config.default.js",
    "start": 1588948180255,
    "end": 1588948180256,
    "duration": 1,
    "pid": 882,
    "index": 5
  },
  {
    "name": "Require(3) node_modules/egg-jsonp/config/config.default.js",
    "start": 1588948180257,
    "end": 1588948180257,
    "duration": 0,
    "pid": 882,
    "index": 6
  },
  {
    "name": "Require(4) node_modules/egg-onerror/config/config.default.js",
    "start": 1588948180258,
    "end": 1588948180258,
    "duration": 0,
    "pid": 882,
    "index": 7
  },
  {
    "name": "Require(5) node_modules/egg-i18n/config/config.default.js",
    "start": 1588948180258,
    "end": 1588948180259,
    "duration": 1,
    "pid": 882,
    "index": 8
  },
  {
    "name": "Require(6) node_modules/egg-watcher/config/config.default.js",
    "start": 1588948180259,
    "end": 1588948180259,
    "duration": 0,
    "pid": 882,
    "index": 9
  },
  {
    "name": "Require(7) node_modules/egg-schedule/config/config.default.js",
    "start": 1588948180260,
    "end": 1588948180260,
    "duration": 0,
    "pid": 882,
    "index": 10
  },
  {
    "name": "Require(8) node_modules/egg-multipart/config/config.default.js",
    "start": 1588948180260,
    "end": 1588948180260,
    "duration": 0,
    "pid": 882,
    "index": 11
  },
  {
    "name": "Require(9) node_modules/egg-development/config/config.default.js",
    "start": 1588948180261,
    "end": 1588948180261,
    "duration": 0,
    "pid": 882,
    "index": 12
  },
  {
    "name": "Require(10) node_modules/egg-logrotator/config/config.default.js",
    "start": 1588948180261,
    "end": 1588948180262,
    "duration": 1,
    "pid": 882,
    "index": 13
  },
  {
    "name": "Require(11) node_modules/egg-static/config/config.default.js",
    "start": 1588948180262,
    "end": 1588948180262,
    "duration": 0,
    "pid": 882,
    "index": 14
  },
  {
    "name": "Require(12) node_modules/egg-view/config/config.default.js",
    "start": 1588948180263,
    "end": 1588948180263,
    "duration": 0,
    "pid": 882,
    "index": 15
  },
  {
    "name": "Require(13) node_modules/egg-view-ejs/config/config.default.js",
    "start": 1588948180263,
    "end": 1588948180264,
    "duration": 1,
    "pid": 882,
    "index": 16
  },
  {
    "name": "Require(14) node_modules/egg-mysql/config/config.default.js",
    "start": 1588948180264,
    "end": 1588948180264,
    "duration": 0,
    "pid": 882,
    "index": 17
  },
  {
    "name": "Require(15) node_modules/egg/config/config.default.js",
    "start": 1588948180264,
    "end": 1588948180265,
    "duration": 1,
    "pid": 882,
    "index": 18
  },
  {
    "name": "Require(16) config/config.default.js",
    "start": 1588948180266,
    "end": 1588948180266,
    "duration": 0,
    "pid": 882,
    "index": 19
  },
  {
    "name": "Require(17) node_modules/egg-security/config/config.local.js",
    "start": 1588948180267,
    "end": 1588948180267,
    "duration": 0,
    "pid": 882,
    "index": 20
  },
  {
    "name": "Require(18) node_modules/egg-watcher/config/config.local.js",
    "start": 1588948180267,
    "end": 1588948180268,
    "duration": 1,
    "pid": 882,
    "index": 21
  },
  {
    "name": "Require(19) node_modules/egg-view/config/config.local.js",
    "start": 1588948180268,
    "end": 1588948180268,
    "duration": 0,
    "pid": 882,
    "index": 22
  },
  {
    "name": "Require(20) node_modules/egg-view-ejs/config/config.local.js",
    "start": 1588948180269,
    "end": 1588948180269,
    "duration": 0,
    "pid": 882,
    "index": 23
  },
  {
    "name": "Require(21) node_modules/egg/config/config.local.js",
    "start": 1588948180269,
    "end": 1588948180269,
    "duration": 0,
    "pid": 882,
    "index": 24
  },
  {
    "name": "Load extend/application.js",
    "start": 1588948180271,
    "end": 1588948180483,
    "duration": 212,
    "pid": 882,
    "index": 25
  },
  {
    "name": "Require(22) node_modules/egg-session/app/extend/application.js",
    "start": 1588948180271,
    "end": 1588948180314,
    "duration": 43,
    "pid": 882,
    "index": 26
  },
  {
    "name": "Require(23) node_modules/egg-security/app/extend/application.js",
    "start": 1588948180314,
    "end": 1588948180327,
    "duration": 13,
    "pid": 882,
    "index": 27
  },
  {
    "name": "Require(24) node_modules/egg-jsonp/app/extend/application.js",
    "start": 1588948180328,
    "end": 1588948180336,
    "duration": 8,
    "pid": 882,
    "index": 28
  },
  {
    "name": "Require(25) node_modules/egg-logrotator/app/extend/application.js",
    "start": 1588948180337,
    "end": 1588948180358,
    "duration": 21,
    "pid": 882,
    "index": 29
  },
  {
    "name": "Require(26) node_modules/egg-view/app/extend/application.js",
    "start": 1588948180358,
    "end": 1588948180475,
    "duration": 117,
    "pid": 882,
    "index": 30
  },
  {
    "name": "Load extend/request.js",
    "start": 1588948180483,
    "end": 1588948180511,
    "duration": 28,
    "pid": 882,
    "index": 31
  },
  {
    "name": "Require(27) node_modules/egg/app/extend/request.js",
    "start": 1588948180486,
    "end": 1588948180509,
    "duration": 23,
    "pid": 882,
    "index": 32
  },
  {
    "name": "Load extend/response.js",
    "start": 1588948180511,
    "end": 1588948180642,
    "duration": 131,
    "pid": 882,
    "index": 33
  },
  {
    "name": "Require(28) node_modules/egg/app/extend/response.js",
    "start": 1588948180514,
    "end": 1588948180640,
    "duration": 126,
    "pid": 882,
    "index": 34
  },
  {
    "name": "Load extend/context.js",
    "start": 1588948180642,
    "end": 1588948180689,
    "duration": 47,
    "pid": 882,
    "index": 35
  },
  {
    "name": "Require(29) node_modules/egg-security/app/extend/context.js",
    "start": 1588948180643,
    "end": 1588948180650,
    "duration": 7,
    "pid": 882,
    "index": 36
  },
  {
    "name": "Require(30) node_modules/egg-jsonp/app/extend/context.js",
    "start": 1588948180650,
    "end": 1588948180651,
    "duration": 1,
    "pid": 882,
    "index": 37
  },
  {
    "name": "Require(31) node_modules/egg-i18n/app/extend/context.js",
    "start": 1588948180651,
    "end": 1588948180652,
    "duration": 1,
    "pid": 882,
    "index": 38
  },
  {
    "name": "Require(32) node_modules/egg-multipart/app/extend/context.js",
    "start": 1588948180652,
    "end": 1588948180686,
    "duration": 34,
    "pid": 882,
    "index": 39
  },
  {
    "name": "Require(33) node_modules/egg-view/app/extend/context.js",
    "start": 1588948180687,
    "end": 1588948180687,
    "duration": 0,
    "pid": 882,
    "index": 40
  },
  {
    "name": "Require(34) node_modules/egg/app/extend/context.js",
    "start": 1588948180688,
    "end": 1588948180688,
    "duration": 0,
    "pid": 882,
    "index": 41
  },
  {
    "name": "Load extend/helper.js",
    "start": 1588948180689,
    "end": 1588948181536,
    "duration": 847,
    "pid": 882,
    "index": 42
  },
  {
    "name": "Require(35) node_modules/egg-security/app/extend/helper.js",
    "start": 1588948180690,
    "end": 1588948181514,
    "duration": 824,
    "pid": 882,
    "index": 43
  },
  {
    "name": "Require(36) node_modules/egg/app/extend/helper.js",
    "start": 1588948181517,
    "end": 1588948181533,
    "duration": 16,
    "pid": 882,
    "index": 44
  },
  {
    "name": "Load app.js",
    "start": 1588948181536,
    "end": 1588948189253,
    "duration": 7717,
    "pid": 882,
    "index": 45
  },
  {
    "name": "Require(37) node_modules/egg-session/app.js",
    "start": 1588948181536,
    "end": 1588948181552,
    "duration": 16,
    "pid": 882,
    "index": 46
  },
  {
    "name": "Require(38) node_modules/egg-security/app.js",
    "start": 1588948181553,
    "end": 1588948181601,
    "duration": 48,
    "pid": 882,
    "index": 47
  },
  {
    "name": "Require(39) node_modules/egg-onerror/app.js",
    "start": 1588948181602,
    "end": 1588948186925,
    "duration": 5323,
    "pid": 882,
    "index": 48
  },
  {
    "name": "Require(40) node_modules/egg-i18n/app.js",
    "start": 1588948186925,
    "end": 1588948187779,
    "duration": 854,
    "pid": 882,
    "index": 49
  },
  {
    "name": "Require(41) node_modules/egg-watcher/app.js",
    "start": 1588948187780,
    "end": 1588948187928,
    "duration": 148,
    "pid": 882,
    "index": 50
  },
  {
    "name": "Require(42) node_modules/egg-schedule/app.js",
    "start": 1588948187928,
    "end": 1588948187989,
    "duration": 61,
    "pid": 882,
    "index": 51
  },
  {
    "name": "Require(43) node_modules/egg-multipart/app.js",
    "start": 1588948187990,
    "end": 1588948188163,
    "duration": 173,
    "pid": 882,
    "index": 52
  },
  {
    "name": "Require(44) node_modules/egg-development/app.js",
    "start": 1588948188181,
    "end": 1588948188261,
    "duration": 80,
    "pid": 882,
    "index": 53
  },
  {
    "name": "Require(45) node_modules/egg-logrotator/app.js",
    "start": 1588948188262,
    "end": 1588948188287,
    "duration": 25,
    "pid": 882,
    "index": 54
  },
  {
    "name": "Require(46) node_modules/egg-static/app.js",
    "start": 1588948188287,
    "end": 1588948188315,
    "duration": 28,
    "pid": 882,
    "index": 55
  },
  {
    "name": "Require(47) node_modules/egg-view-ejs/app.js",
    "start": 1588948188316,
    "end": 1588948188333,
    "duration": 17,
    "pid": 882,
    "index": 56
  },
  {
    "name": "Require(48) node_modules/egg-mysql/app.js",
    "start": 1588948188334,
    "end": 1588948189234,
    "duration": 900,
    "pid": 882,
    "index": 57
  },
  {
    "name": "Before Start in node_modules/egg-watcher/lib/init.js:15:14",
    "start": 1588948189304,
    "end": 1588948201612,
    "duration": 12308,
    "pid": 882,
    "index": 58
  },
  {
    "name": "Before Start in node_modules/egg-mysql/lib/mysql.js:20:7",
    "start": 1588948191490,
    "end": 1588948202194,
    "duration": 10704,
    "pid": 882,
    "index": 59
  },
  {
    "name": "Load Service",
    "start": 1588948191739,
    "end": 1588948196338,
    "duration": 4599,
    "pid": 882,
    "index": 60
  },
  {
    "name": "Load \"service\" to Context",
    "start": 1588948191739,
    "end": 1588948196338,
    "duration": 4599,
    "pid": 882,
    "index": 61
  },
  {
    "name": "Load Middleware",
    "start": 1588948196338,
    "end": 1588948200970,
    "duration": 4632,
    "pid": 882,
    "index": 62
  },
  {
    "name": "Load \"middlewares\" to Application",
    "start": 1588948196339,
    "end": 1588948200746,
    "duration": 4407,
    "pid": 882,
    "index": 63
  },
  {
    "name": "Load Controller",
    "start": 1588948200971,
    "end": 1588948201359,
    "duration": 388,
    "pid": 882,
    "index": 64
  },
  {
    "name": "Load \"controller\" to Application",
    "start": 1588948200971,
    "end": 1588948201359,
    "duration": 388,
    "pid": 882,
    "index": 65
  },
  {
    "name": "Load Router",
    "start": 1588948201359,
    "end": 1588948201387,
    "duration": 28,
    "pid": 882,
    "index": 66
  },
  {
    "name": "Require(49) app/router.js",
    "start": 1588948201359,
    "end": 1588948201381,
    "duration": 22,
    "pid": 882,
    "index": 67
  },
  {
    "name": "Before Start in node_modules/egg-core/lib/egg.js:303:10",
    "start": 1588948201382,
    "end": 1588948201426,
    "duration": 44,
    "pid": 882,
    "index": 68
  }
]