[
  {
    "name": "Application Start",
    "start": 1589291443053,
    "end": 1589291447324,
    "duration": 4271,
    "pid": 4590,
    "index": 0
  },
  {
    "name": "Load Plugin",
    "start": 1589291443057,
    "end": 1589291443067,
    "duration": 10,
    "pid": 4590,
    "index": 1
  },
  {
    "name": "Load Config",
    "start": 1589291443067,
    "end": 1589291443083,
    "duration": 16,
    "pid": 4590,
    "index": 2
  },
  {
    "name": "Require(0) config/config.default.js",
    "start": 1589291443068,
    "end": 1589291443068,
    "duration": 0,
    "pid": 4590,
    "index": 3
  },
  {
    "name": "Require(1) node_modules/egg-session/config/config.default.js",
    "start": 1589291443069,
    "end": 1589291443070,
    "duration": 1,
    "pid": 4590,
    "index": 4
  },
  {
    "name": "Require(2) node_modules/egg-security/config/config.default.js",
    "start": 1589291443070,
    "end": 1589291443070,
    "duration": 0,
    "pid": 4590,
    "index": 5
  },
  {
    "name": "Require(3) node_modules/egg-jsonp/config/config.default.js",
    "start": 1589291443071,
    "end": 1589291443071,
    "duration": 0,
    "pid": 4590,
    "index": 6
  },
  {
    "name": "Require(4) node_modules/egg-onerror/config/config.default.js",
    "start": 1589291443072,
    "end": 1589291443072,
    "duration": 0,
    "pid": 4590,
    "index": 7
  },
  {
    "name": "Require(5) node_modules/egg-i18n/config/config.default.js",
    "start": 1589291443072,
    "end": 1589291443073,
    "duration": 1,
    "pid": 4590,
    "index": 8
  },
  {
    "name": "Require(6) node_modules/egg-watcher/config/config.default.js",
    "start": 1589291443073,
    "end": 1589291443073,
    "duration": 0,
    "pid": 4590,
    "index": 9
  },
  {
    "name": "Require(7) node_modules/egg-schedule/config/config.default.js",
    "start": 1589291443073,
    "end": 1589291443074,
    "duration": 1,
    "pid": 4590,
    "index": 10
  },
  {
    "name": "Require(8) node_modules/egg-multipart/config/config.default.js",
    "start": 1589291443074,
    "end": 1589291443074,
    "duration": 0,
    "pid": 4590,
    "index": 11
  },
  {
    "name": "Require(9) node_modules/egg-development/config/config.default.js",
    "start": 1589291443075,
    "end": 1589291443075,
    "duration": 0,
    "pid": 4590,
    "index": 12
  },
  {
    "name": "Require(10) node_modules/egg-logrotator/config/config.default.js",
    "start": 1589291443075,
    "end": 1589291443076,
    "duration": 1,
    "pid": 4590,
    "index": 13
  },
  {
    "name": "Require(11) node_modules/egg-static/config/config.default.js",
    "start": 1589291443076,
    "end": 1589291443076,
    "duration": 0,
    "pid": 4590,
    "index": 14
  },
  {
    "name": "Require(12) node_modules/egg-view/config/config.default.js",
    "start": 1589291443077,
    "end": 1589291443077,
    "duration": 0,
    "pid": 4590,
    "index": 15
  },
  {
    "name": "Require(13) node_modules/egg-view-ejs/config/config.default.js",
    "start": 1589291443077,
    "end": 1589291443077,
    "duration": 0,
    "pid": 4590,
    "index": 16
  },
  {
    "name": "Require(14) node_modules/egg-mysql/config/config.default.js",
    "start": 1589291443078,
    "end": 1589291443078,
    "duration": 0,
    "pid": 4590,
    "index": 17
  },
  {
    "name": "Require(15) node_modules/egg/config/config.default.js",
    "start": 1589291443078,
    "end": 1589291443079,
    "duration": 1,
    "pid": 4590,
    "index": 18
  },
  {
    "name": "Require(16) config/config.default.js",
    "start": 1589291443080,
    "end": 1589291443080,
    "duration": 0,
    "pid": 4590,
    "index": 19
  },
  {
    "name": "Require(17) node_modules/egg-security/config/config.local.js",
    "start": 1589291443081,
    "end": 1589291443081,
    "duration": 0,
    "pid": 4590,
    "index": 20
  },
  {
    "name": "Require(18) node_modules/egg-watcher/config/config.local.js",
    "start": 1589291443081,
    "end": 1589291443081,
    "duration": 0,
    "pid": 4590,
    "index": 21
  },
  {
    "name": "Require(19) node_modules/egg-view/config/config.local.js",
    "start": 1589291443082,
    "end": 1589291443082,
    "duration": 0,
    "pid": 4590,
    "index": 22
  },
  {
    "name": "Require(20) node_modules/egg-view-ejs/config/config.local.js",
    "start": 1589291443082,
    "end": 1589291443082,
    "duration": 0,
    "pid": 4590,
    "index": 23
  },
  {
    "name": "Require(21) node_modules/egg/config/config.local.js",
    "start": 1589291443083,
    "end": 1589291443083,
    "duration": 0,
    "pid": 4590,
    "index": 24
  },
  {
    "name": "Load extend/application.js",
    "start": 1589291443084,
    "end": 1589291443140,
    "duration": 56,
    "pid": 4590,
    "index": 25
  },
  {
    "name": "Require(22) node_modules/egg-session/app/extend/application.js",
    "start": 1589291443085,
    "end": 1589291443102,
    "duration": 17,
    "pid": 4590,
    "index": 26
  },
  {
    "name": "Require(23) node_modules/egg-security/app/extend/application.js",
    "start": 1589291443103,
    "end": 1589291443104,
    "duration": 1,
    "pid": 4590,
    "index": 27
  },
  {
    "name": "Require(24) node_modules/egg-jsonp/app/extend/application.js",
    "start": 1589291443104,
    "end": 1589291443114,
    "duration": 10,
    "pid": 4590,
    "index": 28
  },
  {
    "name": "Require(25) node_modules/egg-logrotator/app/extend/application.js",
    "start": 1589291443115,
    "end": 1589291443125,
    "duration": 10,
    "pid": 4590,
    "index": 29
  },
  {
    "name": "Require(26) node_modules/egg-view/app/extend/application.js",
    "start": 1589291443125,
    "end": 1589291443138,
    "duration": 13,
    "pid": 4590,
    "index": 30
  },
  {
    "name": "Load extend/request.js",
    "start": 1589291443140,
    "end": 1589291443155,
    "duration": 15,
    "pid": 4590,
    "index": 31
  },
  {
    "name": "Require(27) node_modules/egg/app/extend/request.js",
    "start": 1589291443142,
    "end": 1589291443153,
    "duration": 11,
    "pid": 4590,
    "index": 32
  },
  {
    "name": "Load extend/response.js",
    "start": 1589291443155,
    "end": 1589291443187,
    "duration": 32,
    "pid": 4590,
    "index": 33
  },
  {
    "name": "Require(28) node_modules/egg/app/extend/response.js",
    "start": 1589291443158,
    "end": 1589291443184,
    "duration": 26,
    "pid": 4590,
    "index": 34
  },
  {
    "name": "Load extend/context.js",
    "start": 1589291443187,
    "end": 1589291443232,
    "duration": 45,
    "pid": 4590,
    "index": 35
  },
  {
    "name": "Require(29) node_modules/egg-security/app/extend/context.js",
    "start": 1589291443187,
    "end": 1589291443195,
    "duration": 8,
    "pid": 4590,
    "index": 36
  },
  {
    "name": "Require(30) node_modules/egg-jsonp/app/extend/context.js",
    "start": 1589291443195,
    "end": 1589291443196,
    "duration": 1,
    "pid": 4590,
    "index": 37
  },
  {
    "name": "Require(31) node_modules/egg-i18n/app/extend/context.js",
    "start": 1589291443196,
    "end": 1589291443196,
    "duration": 0,
    "pid": 4590,
    "index": 38
  },
  {
    "name": "Require(32) node_modules/egg-multipart/app/extend/context.js",
    "start": 1589291443196,
    "end": 1589291443228,
    "duration": 32,
    "pid": 4590,
    "index": 39
  },
  {
    "name": "Require(33) node_modules/egg-view/app/extend/context.js",
    "start": 1589291443229,
    "end": 1589291443230,
    "duration": 1,
    "pid": 4590,
    "index": 40
  },
  {
    "name": "Require(34) node_modules/egg/app/extend/context.js",
    "start": 1589291443230,
    "end": 1589291443231,
    "duration": 1,
    "pid": 4590,
    "index": 41
  },
  {
    "name": "Load extend/helper.js",
    "start": 1589291443232,
    "end": 1589291443453,
    "duration": 221,
    "pid": 4590,
    "index": 42
  },
  {
    "name": "Require(35) node_modules/egg-security/app/extend/helper.js",
    "start": 1589291443232,
    "end": 1589291443437,
    "duration": 205,
    "pid": 4590,
    "index": 43
  },
  {
    "name": "Require(36) node_modules/egg/app/extend/helper.js",
    "start": 1589291443439,
    "end": 1589291443444,
    "duration": 5,
    "pid": 4590,
    "index": 44
  },
  {
    "name": "Load app.js",
    "start": 1589291443453,
    "end": 1589291443936,
    "duration": 483,
    "pid": 4590,
    "index": 45
  },
  {
    "name": "Require(37) node_modules/egg-session/app.js",
    "start": 1589291443454,
    "end": 1589291443454,
    "duration": 0,
    "pid": 4590,
    "index": 46
  },
  {
    "name": "Require(38) node_modules/egg-security/app.js",
    "start": 1589291443455,
    "end": 1589291443500,
    "duration": 45,
    "pid": 4590,
    "index": 47
  },
  {
    "name": "Require(39) node_modules/egg-onerror/app.js",
    "start": 1589291443501,
    "end": 1589291443625,
    "duration": 124,
    "pid": 4590,
    "index": 48
  },
  {
    "name": "Require(40) node_modules/egg-i18n/app.js",
    "start": 1589291443625,
    "end": 1589291443777,
    "duration": 152,
    "pid": 4590,
    "index": 49
  },
  {
    "name": "Require(41) node_modules/egg-watcher/app.js",
    "start": 1589291443777,
    "end": 1589291443793,
    "duration": 16,
    "pid": 4590,
    "index": 50
  },
  {
    "name": "Require(42) node_modules/egg-schedule/app.js",
    "start": 1589291443793,
    "end": 1589291443807,
    "duration": 14,
    "pid": 4590,
    "index": 51
  },
  {
    "name": "Require(43) node_modules/egg-multipart/app.js",
    "start": 1589291443807,
    "end": 1589291443885,
    "duration": 78,
    "pid": 4590,
    "index": 52
  },
  {
    "name": "Require(44) node_modules/egg-development/app.js",
    "start": 1589291443885,
    "end": 1589291443894,
    "duration": 9,
    "pid": 4590,
    "index": 53
  },
  {
    "name": "Require(45) node_modules/egg-logrotator/app.js",
    "start": 1589291443894,
    "end": 1589291443909,
    "duration": 15,
    "pid": 4590,
    "index": 54
  },
  {
    "name": "Require(46) node_modules/egg-static/app.js",
    "start": 1589291443909,
    "end": 1589291443915,
    "duration": 6,
    "pid": 4590,
    "index": 55
  },
  {
    "name": "Require(47) node_modules/egg-view-ejs/app.js",
    "start": 1589291443916,
    "end": 1589291443922,
    "duration": 6,
    "pid": 4590,
    "index": 56
  },
  {
    "name": "Require(48) node_modules/egg-mysql/app.js",
    "start": 1589291443922,
    "end": 1589291443935,
    "duration": 13,
    "pid": 4590,
    "index": 57
  },
  {
    "name": "Before Start in node_modules/egg-watcher/lib/init.js:15:14",
    "start": 1589291443954,
    "end": 1589291446242,
    "duration": 2288,
    "pid": 4590,
    "index": 58
  },
  {
    "name": "Before Start in node_modules/egg-mysql/lib/mysql.js:20:7",
    "start": 1589291444271,
    "end": 1589291447322,
    "duration": 3051,
    "pid": 4590,
    "index": 59
  },
  {
    "name": "Load Service",
    "start": 1589291444271,
    "end": 1589291444916,
    "duration": 645,
    "pid": 4590,
    "index": 60
  },
  {
    "name": "Load \"service\" to Context",
    "start": 1589291444271,
    "end": 1589291444916,
    "duration": 645,
    "pid": 4590,
    "index": 61
  },
  {
    "name": "Load Middleware",
    "start": 1589291444917,
    "end": 1589291446037,
    "duration": 1120,
    "pid": 4590,
    "index": 62
  },
  {
    "name": "Load \"middlewares\" to Application",
    "start": 1589291444917,
    "end": 1589291445968,
    "duration": 1051,
    "pid": 4590,
    "index": 63
  },
  {
    "name": "Load Controller",
    "start": 1589291446038,
    "end": 1589291446137,
    "duration": 99,
    "pid": 4590,
    "index": 64
  },
  {
    "name": "Load \"controller\" to Application",
    "start": 1589291446038,
    "end": 1589291446137,
    "duration": 99,
    "pid": 4590,
    "index": 65
  },
  {
    "name": "Load Router",
    "start": 1589291446137,
    "end": 1589291446143,
    "duration": 6,
    "pid": 4590,
    "index": 66
  },
  {
    "name": "Require(49) app/router.js",
    "start": 1589291446137,
    "end": 1589291446138,
    "duration": 1,
    "pid": 4590,
    "index": 67
  },
  {
    "name": "Before Start in node_modules/egg-core/lib/egg.js:303:10",
    "start": 1589291446139,
    "end": 1589291446158,
    "duration": 19,
    "pid": 4590,
    "index": 68
  }
]