[
  {
    "name": "Application Start",
    "start": 1588766441154,
    "end": 1588766475374,
    "duration": 34220,
    "pid": 1076,
    "index": 0
  },
  {
    "name": "Load Plugin",
    "start": 1588766441240,
    "end": 1588766442660,
    "duration": 1420,
    "pid": 1076,
    "index": 1
  },
  {
    "name": "Load Config",
    "start": 1588766442660,
    "end": 1588766445350,
    "duration": 2690,
    "pid": 1076,
    "index": 2
  },
  {
    "name": "Require(0) config/config.default.js",
    "start": 1588766442661,
    "end": 1588766442751,
    "duration": 90,
    "pid": 1076,
    "index": 3
  },
  {
    "name": "Require(1) node_modules/egg-session/config/config.default.js",
    "start": 1588766442755,
    "end": 1588766442889,
    "duration": 134,
    "pid": 1076,
    "index": 4
  },
  {
    "name": "Require(2) node_modules/egg-security/config/config.default.js",
    "start": 1588766442889,
    "end": 1588766443087,
    "duration": 198,
    "pid": 1076,
    "index": 5
  },
  {
    "name": "Require(3) node_modules/egg-jsonp/config/config.default.js",
    "start": 1588766443220,
    "end": 1588766443245,
    "duration": 25,
    "pid": 1076,
    "index": 6
  },
  {
    "name": "Require(4) node_modules/egg-onerror/config/config.default.js",
    "start": 1588766443302,
    "end": 1588766443349,
    "duration": 47,
    "pid": 1076,
    "index": 7
  },
  {
    "name": "Require(5) node_modules/egg-i18n/config/config.default.js",
    "start": 1588766443409,
    "end": 1588766443442,
    "duration": 33,
    "pid": 1076,
    "index": 8
  },
  {
    "name": "Require(6) node_modules/egg-watcher/config/config.default.js",
    "start": 1588766443531,
    "end": 1588766443718,
    "duration": 187,
    "pid": 1076,
    "index": 9
  },
  {
    "name": "Require(7) node_modules/egg-schedule/config/config.default.js",
    "start": 1588766443845,
    "end": 1588766444000,
    "duration": 155,
    "pid": 1076,
    "index": 10
  },
  {
    "name": "Require(8) node_modules/egg-multipart/config/config.default.js",
    "start": 1588766444057,
    "end": 1588766444134,
    "duration": 77,
    "pid": 1076,
    "index": 11
  },
  {
    "name": "Require(9) node_modules/egg-development/config/config.default.js",
    "start": 1588766444191,
    "end": 1588766444264,
    "duration": 73,
    "pid": 1076,
    "index": 12
  },
  {
    "name": "Require(10) node_modules/egg-logrotator/config/config.default.js",
    "start": 1588766444343,
    "end": 1588766444474,
    "duration": 131,
    "pid": 1076,
    "index": 13
  },
  {
    "name": "Require(11) node_modules/egg-static/config/config.default.js",
    "start": 1588766444497,
    "end": 1588766444525,
    "duration": 28,
    "pid": 1076,
    "index": 14
  },
  {
    "name": "Require(12) node_modules/egg-view/config/config.default.js",
    "start": 1588766444552,
    "end": 1588766444673,
    "duration": 121,
    "pid": 1076,
    "index": 15
  },
  {
    "name": "Require(13) node_modules/egg-view-ejs/config/config.default.js",
    "start": 1588766444784,
    "end": 1588766444850,
    "duration": 66,
    "pid": 1076,
    "index": 16
  },
  {
    "name": "Require(14) node_modules/egg-mysql/config/config.default.js",
    "start": 1588766444877,
    "end": 1588766444910,
    "duration": 33,
    "pid": 1076,
    "index": 17
  },
  {
    "name": "Require(15) node_modules/egg/config/config.default.js",
    "start": 1588766444911,
    "end": 1588766444933,
    "duration": 22,
    "pid": 1076,
    "index": 18
  },
  {
    "name": "Require(16) config/config.default.js",
    "start": 1588766444996,
    "end": 1588766444996,
    "duration": 0,
    "pid": 1076,
    "index": 19
  },
  {
    "name": "Require(17) node_modules/egg-security/config/config.local.js",
    "start": 1588766444996,
    "end": 1588766445082,
    "duration": 86,
    "pid": 1076,
    "index": 20
  },
  {
    "name": "Require(18) node_modules/egg-watcher/config/config.local.js",
    "start": 1588766445083,
    "end": 1588766445165,
    "duration": 82,
    "pid": 1076,
    "index": 21
  },
  {
    "name": "Require(19) node_modules/egg-view/config/config.local.js",
    "start": 1588766445167,
    "end": 1588766445264,
    "duration": 97,
    "pid": 1076,
    "index": 22
  },
  {
    "name": "Require(20) node_modules/egg-view-ejs/config/config.local.js",
    "start": 1588766445265,
    "end": 1588766445286,
    "duration": 21,
    "pid": 1076,
    "index": 23
  },
  {
    "name": "Require(21) node_modules/egg/config/config.local.js",
    "start": 1588766445287,
    "end": 1588766445350,
    "duration": 63,
    "pid": 1076,
    "index": 24
  },
  {
    "name": "Load extend/application.js",
    "start": 1588766445352,
    "end": 1588766446052,
    "duration": 700,
    "pid": 1076,
    "index": 25
  },
  {
    "name": "Require(22) node_modules/egg-session/app/extend/application.js",
    "start": 1588766445389,
    "end": 1588766445449,
    "duration": 60,
    "pid": 1076,
    "index": 26
  },
  {
    "name": "Require(23) node_modules/egg-security/app/extend/application.js",
    "start": 1588766445498,
    "end": 1588766445573,
    "duration": 75,
    "pid": 1076,
    "index": 27
  },
  {
    "name": "Require(24) node_modules/egg-jsonp/app/extend/application.js",
    "start": 1588766445573,
    "end": 1588766445647,
    "duration": 74,
    "pid": 1076,
    "index": 28
  },
  {
    "name": "Require(25) node_modules/egg-logrotator/app/extend/application.js",
    "start": 1588766445691,
    "end": 1588766445790,
    "duration": 99,
    "pid": 1076,
    "index": 29
  },
  {
    "name": "Require(26) node_modules/egg-view/app/extend/application.js",
    "start": 1588766445790,
    "end": 1588766445950,
    "duration": 160,
    "pid": 1076,
    "index": 30
  },
  {
    "name": "Load extend/request.js",
    "start": 1588766446052,
    "end": 1588766446090,
    "duration": 38,
    "pid": 1076,
    "index": 31
  },
  {
    "name": "Require(27) node_modules/egg/app/extend/request.js",
    "start": 1588766446055,
    "end": 1588766446088,
    "duration": 33,
    "pid": 1076,
    "index": 32
  },
  {
    "name": "Load extend/response.js",
    "start": 1588766446090,
    "end": 1588766446491,
    "duration": 401,
    "pid": 1076,
    "index": 33
  },
  {
    "name": "Require(28) node_modules/egg/app/extend/response.js",
    "start": 1588766446092,
    "end": 1588766446487,
    "duration": 395,
    "pid": 1076,
    "index": 34
  },
  {
    "name": "Load extend/context.js",
    "start": 1588766446491,
    "end": 1588766449550,
    "duration": 3059,
    "pid": 1076,
    "index": 35
  },
  {
    "name": "Require(29) node_modules/egg-security/app/extend/context.js",
    "start": 1588766446491,
    "end": 1588766447512,
    "duration": 1021,
    "pid": 1076,
    "index": 36
  },
  {
    "name": "Require(30) node_modules/egg-jsonp/app/extend/context.js",
    "start": 1588766447512,
    "end": 1588766447689,
    "duration": 177,
    "pid": 1076,
    "index": 37
  },
  {
    "name": "Require(31) node_modules/egg-i18n/app/extend/context.js",
    "start": 1588766447690,
    "end": 1588766447833,
    "duration": 143,
    "pid": 1076,
    "index": 38
  },
  {
    "name": "Require(32) node_modules/egg-multipart/app/extend/context.js",
    "start": 1588766447833,
    "end": 1588766449450,
    "duration": 1617,
    "pid": 1076,
    "index": 39
  },
  {
    "name": "Require(33) node_modules/egg-view/app/extend/context.js",
    "start": 1588766449451,
    "end": 1588766449494,
    "duration": 43,
    "pid": 1076,
    "index": 40
  },
  {
    "name": "Require(34) node_modules/egg/app/extend/context.js",
    "start": 1588766449495,
    "end": 1588766449544,
    "duration": 49,
    "pid": 1076,
    "index": 41
  },
  {
    "name": "Load extend/helper.js",
    "start": 1588766449551,
    "end": 1588766451350,
    "duration": 1799,
    "pid": 1076,
    "index": 42
  },
  {
    "name": "Require(35) node_modules/egg-security/app/extend/helper.js",
    "start": 1588766449551,
    "end": 1588766451294,
    "duration": 1743,
    "pid": 1076,
    "index": 43
  },
  {
    "name": "Require(36) node_modules/egg/app/extend/helper.js",
    "start": 1588766451299,
    "end": 1588766451346,
    "duration": 47,
    "pid": 1076,
    "index": 44
  },
  {
    "name": "Load app.js",
    "start": 1588766451351,
    "end": 1588766459006,
    "duration": 7655,
    "pid": 1076,
    "index": 45
  },
  {
    "name": "Require(37) node_modules/egg-session/app.js",
    "start": 1588766451495,
    "end": 1588766451565,
    "duration": 70,
    "pid": 1076,
    "index": 46
  },
  {
    "name": "Require(38) node_modules/egg-security/app.js",
    "start": 1588766451566,
    "end": 1588766451725,
    "duration": 159,
    "pid": 1076,
    "index": 47
  },
  {
    "name": "Require(39) node_modules/egg-onerror/app.js",
    "start": 1588766452045,
    "end": 1588766453460,
    "duration": 1415,
    "pid": 1076,
    "index": 48
  },
  {
    "name": "Require(40) node_modules/egg-i18n/app.js",
    "start": 1588766453481,
    "end": 1588766455280,
    "duration": 1799,
    "pid": 1076,
    "index": 49
  },
  {
    "name": "Require(41) node_modules/egg-watcher/app.js",
    "start": 1588766455408,
    "end": 1588766455707,
    "duration": 299,
    "pid": 1076,
    "index": 50
  },
  {
    "name": "Require(42) node_modules/egg-schedule/app.js",
    "start": 1588766455733,
    "end": 1588766455780,
    "duration": 47,
    "pid": 1076,
    "index": 51
  },
  {
    "name": "Require(43) node_modules/egg-multipart/app.js",
    "start": 1588766455852,
    "end": 1588766456465,
    "duration": 613,
    "pid": 1076,
    "index": 52
  },
  {
    "name": "Require(44) node_modules/egg-development/app.js",
    "start": 1588766456567,
    "end": 1588766456607,
    "duration": 40,
    "pid": 1076,
    "index": 53
  },
  {
    "name": "Require(45) node_modules/egg-logrotator/app.js",
    "start": 1588766456626,
    "end": 1588766456711,
    "duration": 85,
    "pid": 1076,
    "index": 54
  },
  {
    "name": "Require(46) node_modules/egg-static/app.js",
    "start": 1588766456755,
    "end": 1588766456795,
    "duration": 40,
    "pid": 1076,
    "index": 55
  },
  {
    "name": "Require(47) node_modules/egg-view-ejs/app.js",
    "start": 1588766456818,
    "end": 1588766456846,
    "duration": 28,
    "pid": 1076,
    "index": 56
  },
  {
    "name": "Require(48) node_modules/egg-mysql/app.js",
    "start": 1588766456937,
    "end": 1588766458715,
    "duration": 1778,
    "pid": 1076,
    "index": 57
  },
  {
    "name": "Before Start in node_modules/egg-watcher/lib/init.js:15:14",
    "start": 1588766460483,
    "end": 1588766474576,
    "duration": 14093,
    "pid": 1076,
    "index": 58
  },
  {
    "name": "Before Start in node_modules/egg-mysql/lib/mysql.js:20:7",
    "start": 1588766465735,
    "end": 1588766475373,
    "duration": 9638,
    "pid": 1076,
    "index": 59
  },
  {
    "name": "Load Service",
    "start": 1588766465736,
    "end": 1588766469284,
    "duration": 3548,
    "pid": 1076,
    "index": 60
  },
  {
    "name": "Load \"service\" to Context",
    "start": 1588766465736,
    "end": 1588766469284,
    "duration": 3548,
    "pid": 1076,
    "index": 61
  },
  {
    "name": "Load Middleware",
    "start": 1588766469284,
    "end": 1588766473805,
    "duration": 4521,
    "pid": 1076,
    "index": 62
  },
  {
    "name": "Load \"middlewares\" to Application",
    "start": 1588766469284,
    "end": 1588766473347,
    "duration": 4063,
    "pid": 1076,
    "index": 63
  },
  {
    "name": "Load Controller",
    "start": 1588766473805,
    "end": 1588766474249,
    "duration": 444,
    "pid": 1076,
    "index": 64
  },
  {
    "name": "Load \"controller\" to Application",
    "start": 1588766473806,
    "end": 1588766474249,
    "duration": 443,
    "pid": 1076,
    "index": 65
  },
  {
    "name": "Load Router",
    "start": 1588766474249,
    "end": 1588766474329,
    "duration": 80,
    "pid": 1076,
    "index": 66
  },
  {
    "name": "Require(49) app/router.js",
    "start": 1588766474261,
    "end": 1588766474322,
    "duration": 61,
    "pid": 1076,
    "index": 67
  },
  {
    "name": "Before Start in node_modules/egg-core/lib/egg.js:303:10",
    "start": 1588766474323,
    "end": 1588766474418,
    "duration": 95,
    "pid": 1076,
    "index": 68
  }
]