[
  {
    "name": "Application Start",
    "start": 1590748092934,
    "end": 1590748093176,
    "duration": 242,
    "pid": 7973,
    "index": 0
  },
  {
    "name": "Load Plugin",
    "start": 1590748092937,
    "end": 1590748092943,
    "duration": 6,
    "pid": 7973,
    "index": 1
  },
  {
    "name": "Load Config",
    "start": 1590748092943,
    "end": 1590748092955,
    "duration": 12,
    "pid": 7973,
    "index": 2
  },
  {
    "name": "Require(0) config/config.default.js",
    "start": 1590748092944,
    "end": 1590748092944,
    "duration": 0,
    "pid": 7973,
    "index": 3
  },
  {
    "name": "Require(1) node_modules/egg-session/config/config.default.js",
    "start": 1590748092946,
    "end": 1590748092946,
    "duration": 0,
    "pid": 7973,
    "index": 4
  },
  {
    "name": "Require(2) node_modules/egg-security/config/config.default.js",
    "start": 1590748092946,
    "end": 1590748092946,
    "duration": 0,
    "pid": 7973,
    "index": 5
  },
  {
    "name": "Require(3) node_modules/egg-jsonp/config/config.default.js",
    "start": 1590748092947,
    "end": 1590748092947,
    "duration": 0,
    "pid": 7973,
    "index": 6
  },
  {
    "name": "Require(4) node_modules/egg-onerror/config/config.default.js",
    "start": 1590748092948,
    "end": 1590748092948,
    "duration": 0,
    "pid": 7973,
    "index": 7
  },
  {
    "name": "Require(5) node_modules/egg-i18n/config/config.default.js",
    "start": 1590748092948,
    "end": 1590748092948,
    "duration": 0,
    "pid": 7973,
    "index": 8
  },
  {
    "name": "Require(6) node_modules/egg-watcher/config/config.default.js",
    "start": 1590748092948,
    "end": 1590748092949,
    "duration": 1,
    "pid": 7973,
    "index": 9
  },
  {
    "name": "Require(7) node_modules/egg-schedule/config/config.default.js",
    "start": 1590748092949,
    "end": 1590748092949,
    "duration": 0,
    "pid": 7973,
    "index": 10
  },
  {
    "name": "Require(8) node_modules/egg-multipart/config/config.default.js",
    "start": 1590748092949,
    "end": 1590748092949,
    "duration": 0,
    "pid": 7973,
    "index": 11
  },
  {
    "name": "Require(9) node_modules/egg-development/config/config.default.js",
    "start": 1590748092950,
    "end": 1590748092950,
    "duration": 0,
    "pid": 7973,
    "index": 12
  },
  {
    "name": "Require(10) node_modules/egg-logrotator/config/config.default.js",
    "start": 1590748092950,
    "end": 1590748092950,
    "duration": 0,
    "pid": 7973,
    "index": 13
  },
  {
    "name": "Require(11) node_modules/egg-static/config/config.default.js",
    "start": 1590748092950,
    "end": 1590748092951,
    "duration": 1,
    "pid": 7973,
    "index": 14
  },
  {
    "name": "Require(12) node_modules/egg-view/config/config.default.js",
    "start": 1590748092951,
    "end": 1590748092951,
    "duration": 0,
    "pid": 7973,
    "index": 15
  },
  {
    "name": "Require(13) node_modules/egg-view-ejs/config/config.default.js",
    "start": 1590748092951,
    "end": 1590748092951,
    "duration": 0,
    "pid": 7973,
    "index": 16
  },
  {
    "name": "Require(14) node_modules/egg-mysql/config/config.default.js",
    "start": 1590748092951,
    "end": 1590748092951,
    "duration": 0,
    "pid": 7973,
    "index": 17
  },
  {
    "name": "Require(15) node_modules/egg/config/config.default.js",
    "start": 1590748092952,
    "end": 1590748092952,
    "duration": 0,
    "pid": 7973,
    "index": 18
  },
  {
    "name": "Require(16) config/config.default.js",
    "start": 1590748092953,
    "end": 1590748092953,
    "duration": 0,
    "pid": 7973,
    "index": 19
  },
  {
    "name": "Require(17) node_modules/egg-security/config/config.local.js",
    "start": 1590748092953,
    "end": 1590748092953,
    "duration": 0,
    "pid": 7973,
    "index": 20
  },
  {
    "name": "Require(18) node_modules/egg-watcher/config/config.local.js",
    "start": 1590748092953,
    "end": 1590748092954,
    "duration": 1,
    "pid": 7973,
    "index": 21
  },
  {
    "name": "Require(19) node_modules/egg-view/config/config.local.js",
    "start": 1590748092954,
    "end": 1590748092954,
    "duration": 0,
    "pid": 7973,
    "index": 22
  },
  {
    "name": "Require(20) node_modules/egg-view-ejs/config/config.local.js",
    "start": 1590748092954,
    "end": 1590748092954,
    "duration": 0,
    "pid": 7973,
    "index": 23
  },
  {
    "name": "Require(21) node_modules/egg/config/config.local.js",
    "start": 1590748092954,
    "end": 1590748092955,
    "duration": 1,
    "pid": 7973,
    "index": 24
  },
  {
    "name": "Load extend/application.js",
    "start": 1590748092956,
    "end": 1590748092959,
    "duration": 3,
    "pid": 7973,
    "index": 25
  },
  {
    "name": "Require(22) node_modules/egg-session/app/extend/application.js",
    "start": 1590748092956,
    "end": 1590748092956,
    "duration": 0,
    "pid": 7973,
    "index": 26
  },
  {
    "name": "Require(23) node_modules/egg-security/app/extend/application.js",
    "start": 1590748092956,
    "end": 1590748092957,
    "duration": 1,
    "pid": 7973,
    "index": 27
  },
  {
    "name": "Require(24) node_modules/egg-jsonp/app/extend/application.js",
    "start": 1590748092957,
    "end": 1590748092957,
    "duration": 0,
    "pid": 7973,
    "index": 28
  },
  {
    "name": "Require(25) node_modules/egg-logrotator/app/extend/application.js",
    "start": 1590748092957,
    "end": 1590748092958,
    "duration": 1,
    "pid": 7973,
    "index": 29
  },
  {
    "name": "Require(26) node_modules/egg-view/app/extend/application.js",
    "start": 1590748092958,
    "end": 1590748092958,
    "duration": 0,
    "pid": 7973,
    "index": 30
  },
  {
    "name": "Load extend/request.js",
    "start": 1590748092959,
    "end": 1590748092960,
    "duration": 1,
    "pid": 7973,
    "index": 31
  },
  {
    "name": "Require(27) node_modules/egg/app/extend/request.js",
    "start": 1590748092959,
    "end": 1590748092960,
    "duration": 1,
    "pid": 7973,
    "index": 32
  },
  {
    "name": "Load extend/response.js",
    "start": 1590748092960,
    "end": 1590748092963,
    "duration": 3,
    "pid": 7973,
    "index": 33
  },
  {
    "name": "Require(28) node_modules/egg/app/extend/response.js",
    "start": 1590748092962,
    "end": 1590748092962,
    "duration": 0,
    "pid": 7973,
    "index": 34
  },
  {
    "name": "Load extend/context.js",
    "start": 1590748092963,
    "end": 1590748092996,
    "duration": 33,
    "pid": 7973,
    "index": 35
  },
  {
    "name": "Require(29) node_modules/egg-security/app/extend/context.js",
    "start": 1590748092963,
    "end": 1590748092967,
    "duration": 4,
    "pid": 7973,
    "index": 36
  },
  {
    "name": "Require(30) node_modules/egg-jsonp/app/extend/context.js",
    "start": 1590748092967,
    "end": 1590748092968,
    "duration": 1,
    "pid": 7973,
    "index": 37
  },
  {
    "name": "Require(31) node_modules/egg-i18n/app/extend/context.js",
    "start": 1590748092968,
    "end": 1590748092968,
    "duration": 0,
    "pid": 7973,
    "index": 38
  },
  {
    "name": "Require(32) node_modules/egg-multipart/app/extend/context.js",
    "start": 1590748092968,
    "end": 1590748092994,
    "duration": 26,
    "pid": 7973,
    "index": 39
  },
  {
    "name": "Require(33) node_modules/egg-view/app/extend/context.js",
    "start": 1590748092994,
    "end": 1590748092995,
    "duration": 1,
    "pid": 7973,
    "index": 40
  },
  {
    "name": "Require(34) node_modules/egg/app/extend/context.js",
    "start": 1590748092995,
    "end": 1590748092995,
    "duration": 0,
    "pid": 7973,
    "index": 41
  },
  {
    "name": "Load extend/helper.js",
    "start": 1590748092996,
    "end": 1590748093003,
    "duration": 7,
    "pid": 7973,
    "index": 42
  },
  {
    "name": "Require(35) node_modules/egg-security/app/extend/helper.js",
    "start": 1590748092996,
    "end": 1590748093003,
    "duration": 7,
    "pid": 7973,
    "index": 43
  },
  {
    "name": "Require(36) node_modules/egg/app/extend/helper.js",
    "start": 1590748093003,
    "end": 1590748093003,
    "duration": 0,
    "pid": 7973,
    "index": 44
  },
  {
    "name": "Load app.js",
    "start": 1590748093004,
    "end": 1590748093023,
    "duration": 19,
    "pid": 7973,
    "index": 45
  },
  {
    "name": "Require(37) node_modules/egg-session/app.js",
    "start": 1590748093004,
    "end": 1590748093004,
    "duration": 0,
    "pid": 7973,
    "index": 46
  },
  {
    "name": "Require(38) node_modules/egg-security/app.js",
    "start": 1590748093004,
    "end": 1590748093005,
    "duration": 1,
    "pid": 7973,
    "index": 47
  },
  {
    "name": "Require(39) node_modules/egg-onerror/app.js",
    "start": 1590748093005,
    "end": 1590748093008,
    "duration": 3,
    "pid": 7973,
    "index": 48
  },
  {
    "name": "Require(40) node_modules/egg-i18n/app.js",
    "start": 1590748093008,
    "end": 1590748093013,
    "duration": 5,
    "pid": 7973,
    "index": 49
  },
  {
    "name": "Require(41) node_modules/egg-watcher/app.js",
    "start": 1590748093014,
    "end": 1590748093015,
    "duration": 1,
    "pid": 7973,
    "index": 50
  },
  {
    "name": "Require(42) node_modules/egg-schedule/app.js",
    "start": 1590748093015,
    "end": 1590748093015,
    "duration": 0,
    "pid": 7973,
    "index": 51
  },
  {
    "name": "Require(43) node_modules/egg-multipart/app.js",
    "start": 1590748093015,
    "end": 1590748093016,
    "duration": 1,
    "pid": 7973,
    "index": 52
  },
  {
    "name": "Require(44) node_modules/egg-development/app.js",
    "start": 1590748093016,
    "end": 1590748093016,
    "duration": 0,
    "pid": 7973,
    "index": 53
  },
  {
    "name": "Require(45) node_modules/egg-logrotator/app.js",
    "start": 1590748093016,
    "end": 1590748093016,
    "duration": 0,
    "pid": 7973,
    "index": 54
  },
  {
    "name": "Require(46) node_modules/egg-static/app.js",
    "start": 1590748093016,
    "end": 1590748093017,
    "duration": 1,
    "pid": 7973,
    "index": 55
  },
  {
    "name": "Require(47) node_modules/egg-view-ejs/app.js",
    "start": 1590748093017,
    "end": 1590748093017,
    "duration": 0,
    "pid": 7973,
    "index": 56
  },
  {
    "name": "Require(48) node_modules/egg-mysql/app.js",
    "start": 1590748093017,
    "end": 1590748093023,
    "duration": 6,
    "pid": 7973,
    "index": 57
  },
  {
    "name": "Before Start in node_modules/egg-watcher/lib/init.js:15:14",
    "start": 1590748093031,
    "end": 1590748093173,
    "duration": 142,
    "pid": 7973,
    "index": 58
  },
  {
    "name": "Before Start in node_modules/egg-mysql/lib/mysql.js:20:7",
    "start": 1590748093084,
    "end": 1590748093176,
    "duration": 92,
    "pid": 7973,
    "index": 59
  },
  {
    "name": "Load Service",
    "start": 1590748093084,
    "end": 1590748093116,
    "duration": 32,
    "pid": 7973,
    "index": 60
  },
  {
    "name": "Load \"service\" to Context",
    "start": 1590748093084,
    "end": 1590748093116,
    "duration": 32,
    "pid": 7973,
    "index": 61
  },
  {
    "name": "Load Middleware",
    "start": 1590748093116,
    "end": 1590748093146,
    "duration": 30,
    "pid": 7973,
    "index": 62
  },
  {
    "name": "Load \"middlewares\" to Application",
    "start": 1590748093116,
    "end": 1590748093141,
    "duration": 25,
    "pid": 7973,
    "index": 63
  },
  {
    "name": "Load Controller",
    "start": 1590748093146,
    "end": 1590748093151,
    "duration": 5,
    "pid": 7973,
    "index": 64
  },
  {
    "name": "Load \"controller\" to Application",
    "start": 1590748093146,
    "end": 1590748093151,
    "duration": 5,
    "pid": 7973,
    "index": 65
  },
  {
    "name": "Load Router",
    "start": 1590748093152,
    "end": 1590748093154,
    "duration": 2,
    "pid": 7973,
    "index": 66
  },
  {
    "name": "Require(49) app/router.js",
    "start": 1590748093152,
    "end": 1590748093152,
    "duration": 0,
    "pid": 7973,
    "index": 67
  },
  {
    "name": "Before Start in node_modules/egg-core/lib/egg.js:303:10",
    "start": 1590748093152,
    "end": 1590748093163,
    "duration": 11,
    "pid": 7973,
    "index": 68
  }
]