[
  {
    "name": "Application Start",
    "start": 1588948732507,
    "end": 1588948736101,
    "duration": 3594,
    "pid": 1107,
    "index": 0
  },
  {
    "name": "Load Plugin",
    "start": 1588948732511,
    "end": 1588948732562,
    "duration": 51,
    "pid": 1107,
    "index": 1
  },
  {
    "name": "Load Config",
    "start": 1588948732562,
    "end": 1588948732839,
    "duration": 277,
    "pid": 1107,
    "index": 2
  },
  {
    "name": "Require(0) config/config.default.js",
    "start": 1588948732563,
    "end": 1588948732573,
    "duration": 10,
    "pid": 1107,
    "index": 3
  },
  {
    "name": "Require(1) node_modules/egg-session/config/config.default.js",
    "start": 1588948732576,
    "end": 1588948732589,
    "duration": 13,
    "pid": 1107,
    "index": 4
  },
  {
    "name": "Require(2) node_modules/egg-security/config/config.default.js",
    "start": 1588948732590,
    "end": 1588948732599,
    "duration": 9,
    "pid": 1107,
    "index": 5
  },
  {
    "name": "Require(3) node_modules/egg-jsonp/config/config.default.js",
    "start": 1588948732600,
    "end": 1588948732634,
    "duration": 34,
    "pid": 1107,
    "index": 6
  },
  {
    "name": "Require(4) node_modules/egg-onerror/config/config.default.js",
    "start": 1588948732634,
    "end": 1588948732649,
    "duration": 15,
    "pid": 1107,
    "index": 7
  },
  {
    "name": "Require(5) node_modules/egg-i18n/config/config.default.js",
    "start": 1588948732650,
    "end": 1588948732664,
    "duration": 14,
    "pid": 1107,
    "index": 8
  },
  {
    "name": "Require(6) node_modules/egg-watcher/config/config.default.js",
    "start": 1588948732665,
    "end": 1588948732673,
    "duration": 8,
    "pid": 1107,
    "index": 9
  },
  {
    "name": "Require(7) node_modules/egg-schedule/config/config.default.js",
    "start": 1588948732674,
    "end": 1588948732677,
    "duration": 3,
    "pid": 1107,
    "index": 10
  },
  {
    "name": "Require(8) node_modules/egg-multipart/config/config.default.js",
    "start": 1588948732678,
    "end": 1588948732690,
    "duration": 12,
    "pid": 1107,
    "index": 11
  },
  {
    "name": "Require(9) node_modules/egg-development/config/config.default.js",
    "start": 1588948732690,
    "end": 1588948732698,
    "duration": 8,
    "pid": 1107,
    "index": 12
  },
  {
    "name": "Require(10) node_modules/egg-logrotator/config/config.default.js",
    "start": 1588948732698,
    "end": 1588948732707,
    "duration": 9,
    "pid": 1107,
    "index": 13
  },
  {
    "name": "Require(11) node_modules/egg-static/config/config.default.js",
    "start": 1588948732707,
    "end": 1588948732747,
    "duration": 40,
    "pid": 1107,
    "index": 14
  },
  {
    "name": "Require(12) node_modules/egg-view/config/config.default.js",
    "start": 1588948732748,
    "end": 1588948732761,
    "duration": 13,
    "pid": 1107,
    "index": 15
  },
  {
    "name": "Require(13) node_modules/egg-view-ejs/config/config.default.js",
    "start": 1588948732761,
    "end": 1588948732773,
    "duration": 12,
    "pid": 1107,
    "index": 16
  },
  {
    "name": "Require(14) node_modules/egg-mysql/config/config.default.js",
    "start": 1588948732773,
    "end": 1588948732788,
    "duration": 15,
    "pid": 1107,
    "index": 17
  },
  {
    "name": "Require(15) node_modules/egg/config/config.default.js",
    "start": 1588948732788,
    "end": 1588948732800,
    "duration": 12,
    "pid": 1107,
    "index": 18
  },
  {
    "name": "Require(16) config/config.default.js",
    "start": 1588948732808,
    "end": 1588948732808,
    "duration": 0,
    "pid": 1107,
    "index": 19
  },
  {
    "name": "Require(17) node_modules/egg-security/config/config.local.js",
    "start": 1588948732808,
    "end": 1588948732816,
    "duration": 8,
    "pid": 1107,
    "index": 20
  },
  {
    "name": "Require(18) node_modules/egg-watcher/config/config.local.js",
    "start": 1588948732816,
    "end": 1588948732818,
    "duration": 2,
    "pid": 1107,
    "index": 21
  },
  {
    "name": "Require(19) node_modules/egg-view/config/config.local.js",
    "start": 1588948732819,
    "end": 1588948732819,
    "duration": 0,
    "pid": 1107,
    "index": 22
  },
  {
    "name": "Require(20) node_modules/egg-view-ejs/config/config.local.js",
    "start": 1588948732820,
    "end": 1588948732837,
    "duration": 17,
    "pid": 1107,
    "index": 23
  },
  {
    "name": "Require(21) node_modules/egg/config/config.local.js",
    "start": 1588948732838,
    "end": 1588948732839,
    "duration": 1,
    "pid": 1107,
    "index": 24
  },
  {
    "name": "Load extend/application.js",
    "start": 1588948732841,
    "end": 1588948732954,
    "duration": 113,
    "pid": 1107,
    "index": 25
  },
  {
    "name": "Require(22) node_modules/egg-session/app/extend/application.js",
    "start": 1588948732842,
    "end": 1588948732861,
    "duration": 19,
    "pid": 1107,
    "index": 26
  },
  {
    "name": "Require(23) node_modules/egg-security/app/extend/application.js",
    "start": 1588948732861,
    "end": 1588948732884,
    "duration": 23,
    "pid": 1107,
    "index": 27
  },
  {
    "name": "Require(24) node_modules/egg-jsonp/app/extend/application.js",
    "start": 1588948732884,
    "end": 1588948732895,
    "duration": 11,
    "pid": 1107,
    "index": 28
  },
  {
    "name": "Require(25) node_modules/egg-logrotator/app/extend/application.js",
    "start": 1588948732896,
    "end": 1588948732912,
    "duration": 16,
    "pid": 1107,
    "index": 29
  },
  {
    "name": "Require(26) node_modules/egg-view/app/extend/application.js",
    "start": 1588948732913,
    "end": 1588948732952,
    "duration": 39,
    "pid": 1107,
    "index": 30
  },
  {
    "name": "Load extend/request.js",
    "start": 1588948732954,
    "end": 1588948732969,
    "duration": 15,
    "pid": 1107,
    "index": 31
  },
  {
    "name": "Require(27) node_modules/egg/app/extend/request.js",
    "start": 1588948732956,
    "end": 1588948732966,
    "duration": 10,
    "pid": 1107,
    "index": 32
  },
  {
    "name": "Load extend/response.js",
    "start": 1588948732969,
    "end": 1588948733000,
    "duration": 31,
    "pid": 1107,
    "index": 33
  },
  {
    "name": "Require(28) node_modules/egg/app/extend/response.js",
    "start": 1588948732971,
    "end": 1588948732998,
    "duration": 27,
    "pid": 1107,
    "index": 34
  },
  {
    "name": "Load extend/context.js",
    "start": 1588948733000,
    "end": 1588948733502,
    "duration": 502,
    "pid": 1107,
    "index": 35
  },
  {
    "name": "Require(29) node_modules/egg-security/app/extend/context.js",
    "start": 1588948733001,
    "end": 1588948733123,
    "duration": 122,
    "pid": 1107,
    "index": 36
  },
  {
    "name": "Require(30) node_modules/egg-jsonp/app/extend/context.js",
    "start": 1588948733123,
    "end": 1588948733145,
    "duration": 22,
    "pid": 1107,
    "index": 37
  },
  {
    "name": "Require(31) node_modules/egg-i18n/app/extend/context.js",
    "start": 1588948733146,
    "end": 1588948733155,
    "duration": 9,
    "pid": 1107,
    "index": 38
  },
  {
    "name": "Require(32) node_modules/egg-multipart/app/extend/context.js",
    "start": 1588948733156,
    "end": 1588948733461,
    "duration": 305,
    "pid": 1107,
    "index": 39
  },
  {
    "name": "Require(33) node_modules/egg-view/app/extend/context.js",
    "start": 1588948733462,
    "end": 1588948733484,
    "duration": 22,
    "pid": 1107,
    "index": 40
  },
  {
    "name": "Require(34) node_modules/egg/app/extend/context.js",
    "start": 1588948733485,
    "end": 1588948733500,
    "duration": 15,
    "pid": 1107,
    "index": 41
  },
  {
    "name": "Load extend/helper.js",
    "start": 1588948733502,
    "end": 1588948733712,
    "duration": 210,
    "pid": 1107,
    "index": 42
  },
  {
    "name": "Require(35) node_modules/egg-security/app/extend/helper.js",
    "start": 1588948733502,
    "end": 1588948733706,
    "duration": 204,
    "pid": 1107,
    "index": 43
  },
  {
    "name": "Require(36) node_modules/egg/app/extend/helper.js",
    "start": 1588948733707,
    "end": 1588948733708,
    "duration": 1,
    "pid": 1107,
    "index": 44
  },
  {
    "name": "Load app.js",
    "start": 1588948733713,
    "end": 1588948734223,
    "duration": 510,
    "pid": 1107,
    "index": 45
  },
  {
    "name": "Require(37) node_modules/egg-session/app.js",
    "start": 1588948733713,
    "end": 1588948733721,
    "duration": 8,
    "pid": 1107,
    "index": 46
  },
  {
    "name": "Require(38) node_modules/egg-security/app.js",
    "start": 1588948733722,
    "end": 1588948733737,
    "duration": 15,
    "pid": 1107,
    "index": 47
  },
  {
    "name": "Require(39) node_modules/egg-onerror/app.js",
    "start": 1588948733738,
    "end": 1588948733838,
    "duration": 100,
    "pid": 1107,
    "index": 48
  },
  {
    "name": "Require(40) node_modules/egg-i18n/app.js",
    "start": 1588948733839,
    "end": 1588948733947,
    "duration": 108,
    "pid": 1107,
    "index": 49
  },
  {
    "name": "Require(41) node_modules/egg-watcher/app.js",
    "start": 1588948733947,
    "end": 1588948733997,
    "duration": 50,
    "pid": 1107,
    "index": 50
  },
  {
    "name": "Require(42) node_modules/egg-schedule/app.js",
    "start": 1588948733997,
    "end": 1588948734025,
    "duration": 28,
    "pid": 1107,
    "index": 51
  },
  {
    "name": "Require(43) node_modules/egg-multipart/app.js",
    "start": 1588948734026,
    "end": 1588948734077,
    "duration": 51,
    "pid": 1107,
    "index": 52
  },
  {
    "name": "Require(44) node_modules/egg-development/app.js",
    "start": 1588948734078,
    "end": 1588948734086,
    "duration": 8,
    "pid": 1107,
    "index": 53
  },
  {
    "name": "Require(45) node_modules/egg-logrotator/app.js",
    "start": 1588948734086,
    "end": 1588948734101,
    "duration": 15,
    "pid": 1107,
    "index": 54
  },
  {
    "name": "Require(46) node_modules/egg-static/app.js",
    "start": 1588948734102,
    "end": 1588948734118,
    "duration": 16,
    "pid": 1107,
    "index": 55
  },
  {
    "name": "Require(47) node_modules/egg-view-ejs/app.js",
    "start": 1588948734119,
    "end": 1588948734125,
    "duration": 6,
    "pid": 1107,
    "index": 56
  },
  {
    "name": "Require(48) node_modules/egg-mysql/app.js",
    "start": 1588948734125,
    "end": 1588948734223,
    "duration": 98,
    "pid": 1107,
    "index": 57
  },
  {
    "name": "Before Start in node_modules/egg-watcher/lib/init.js:15:14",
    "start": 1588948734250,
    "end": 1588948736094,
    "duration": 1844,
    "pid": 1107,
    "index": 58
  },
  {
    "name": "Before Start in node_modules/egg-mysql/lib/mysql.js:20:7",
    "start": 1588948734602,
    "end": 1588948736100,
    "duration": 1498,
    "pid": 1107,
    "index": 59
  },
  {
    "name": "Load Service",
    "start": 1588948734603,
    "end": 1588948735163,
    "duration": 560,
    "pid": 1107,
    "index": 60
  },
  {
    "name": "Load \"service\" to Context",
    "start": 1588948734603,
    "end": 1588948735163,
    "duration": 560,
    "pid": 1107,
    "index": 61
  },
  {
    "name": "Load Middleware",
    "start": 1588948735164,
    "end": 1588948735941,
    "duration": 777,
    "pid": 1107,
    "index": 62
  },
  {
    "name": "Load \"middlewares\" to Application",
    "start": 1588948735164,
    "end": 1588948735893,
    "duration": 729,
    "pid": 1107,
    "index": 63
  },
  {
    "name": "Load Controller",
    "start": 1588948735941,
    "end": 1588948736051,
    "duration": 110,
    "pid": 1107,
    "index": 64
  },
  {
    "name": "Load \"controller\" to Application",
    "start": 1588948735941,
    "end": 1588948736051,
    "duration": 110,
    "pid": 1107,
    "index": 65
  },
  {
    "name": "Load Router",
    "start": 1588948736051,
    "end": 1588948736057,
    "duration": 6,
    "pid": 1107,
    "index": 66
  },
  {
    "name": "Require(49) app/router.js",
    "start": 1588948736051,
    "end": 1588948736052,
    "duration": 1,
    "pid": 1107,
    "index": 67
  },
  {
    "name": "Before Start in node_modules/egg-core/lib/egg.js:303:10",
    "start": 1588948736053,
    "end": 1588948736073,
    "duration": 20,
    "pid": 1107,
    "index": 68
  }
]